DEBUG - 2025-10-27 11:18:07 --> Session: Class initialized using 'CodeIgniter\Session\Handlers\DatabaseHandler' driver.
DEBUG - 2025-10-27 11:19:29 --> Session: Class initialized using 'CodeIgniter\Session\Handlers\DatabaseHandler' driver.
DEBUG - 2025-10-27 11:19:31 --> Session: Class initialized using 'CodeIgniter\Session\Handlers\DatabaseHandler' driver.
DEBUG - 2025-10-27 11:19:36 --> Session: Class initialized using 'CodeIgniter\Session\Handlers\DatabaseHandler' driver.
DEBUG - 2025-10-27 11:19:40 --> Session: Class initialized using 'CodeIgniter\Session\Handlers\DatabaseHandler' driver.
DEBUG - 2025-10-27 11:19:56 --> Session: Class initialized using 'CodeIgniter\Session\Handlers\DatabaseHandler' driver.
DEBUG - 2025-10-27 11:19:57 --> Session: Class initialized using 'CodeIgniter\Session\Handlers\DatabaseHandler' driver.
DEBUG - 2025-10-27 11:20:03 --> Session: Class initialized using 'CodeIgniter\Session\Handlers\DatabaseHandler' driver.
DEBUG - 2025-10-27 11:20:07 --> Session: Class initialized using 'CodeIgniter\Session\Handlers\DatabaseHandler' driver.
DEBUG - 2025-10-27 11:20:36 --> Session: Class initialized using 'CodeIgniter\Session\Handlers\DatabaseHandler' driver.
DEBUG - 2025-10-27 11:20:38 --> Session: Class initialized using 'CodeIgniter\Session\Handlers\DatabaseHandler' driver.
DEBUG - 2025-10-27 11:20:42 --> Session: Class initialized using 'CodeIgniter\Session\Handlers\DatabaseHandler' driver.
DEBUG - 2025-10-27 11:20:45 --> Session: Class initialized using 'CodeIgniter\Session\Handlers\DatabaseHandler' driver.
DEBUG - 2025-10-27 11:20:49 --> Session: Class initialized using 'CodeIgniter\Session\Handlers\DatabaseHandler' driver.
DEBUG - 2025-10-27 11:20:53 --> Session: Class initialized using 'CodeIgniter\Session\Handlers\DatabaseHandler' driver.
DEBUG - 2025-10-27 11:20:55 --> Session: Class initialized using 'CodeIgniter\Session\Handlers\DatabaseHandler' driver.
DEBUG - 2025-10-27 11:21:25 --> Session: Class initialized using 'CodeIgniter\Session\Handlers\DatabaseHandler' driver.
DEBUG - 2025-10-27 11:21:31 --> Session: Class initialized using 'CodeIgniter\Session\Handlers\DatabaseHandler' driver.
DEBUG - 2025-10-27 11:21:44 --> Session: Class initialized using 'CodeIgniter\Session\Handlers\DatabaseHandler' driver.
DEBUG - 2025-10-27 11:21:44 --> Session: Class initialized using 'CodeIgniter\Session\Handlers\DatabaseHandler' driver.
DEBUG - 2025-10-27 11:21:48 --> Session: Class initialized using 'CodeIgniter\Session\Handlers\DatabaseHandler' driver.
DEBUG - 2025-10-27 11:21:50 --> Session: Class initialized using 'CodeIgniter\Session\Handlers\DatabaseHandler' driver.
DEBUG - 2025-10-27 11:21:50 --> Session: Class initialized using 'CodeIgniter\Session\Handlers\DatabaseHandler' driver.
DEBUG - 2025-10-27 11:21:51 --> Session: Class initialized using 'CodeIgniter\Session\Handlers\DatabaseHandler' driver.
DEBUG - 2025-10-27 11:21:51 --> Session: Class initialized using 'CodeIgniter\Session\Handlers\DatabaseHandler' driver.
DEBUG - 2025-10-27 11:21:52 --> Session: Class initialized using 'CodeIgniter\Session\Handlers\DatabaseHandler' driver.
DEBUG - 2025-10-27 11:21:52 --> Session: Class initialized using 'CodeIgniter\Session\Handlers\DatabaseHandler' driver.
DEBUG - 2025-10-27 11:21:54 --> Session: Class initialized using 'CodeIgniter\Session\Handlers\DatabaseHandler' driver.
DEBUG - 2025-10-27 11:21:55 --> Session: Class initialized using 'CodeIgniter\Session\Handlers\DatabaseHandler' driver.
DEBUG - 2025-10-27 11:21:57 --> Session: Class initialized using 'CodeIgniter\Session\Handlers\DatabaseHandler' driver.
DEBUG - 2025-10-27 11:22:08 --> Session: Class initialized using 'CodeIgniter\Session\Handlers\DatabaseHandler' driver.
DEBUG - 2025-10-27 11:22:11 --> Session: Class initialized using 'CodeIgniter\Session\Handlers\DatabaseHandler' driver.
DEBUG - 2025-10-27 11:22:13 --> Session: Class initialized using 'CodeIgniter\Session\Handlers\DatabaseHandler' driver.
DEBUG - 2025-10-27 11:22:13 --> Session: Class initialized using 'CodeIgniter\Session\Handlers\DatabaseHandler' driver.
DEBUG - 2025-10-27 11:23:11 --> Session: Class initialized using 'CodeIgniter\Session\Handlers\DatabaseHandler' driver.
DEBUG - 2025-10-27 11:27:57 --> Session: Class initialized using 'CodeIgniter\Session\Handlers\DatabaseHandler' driver.
DEBUG - 2025-10-27 11:28:03 --> Session: Class initialized using 'CodeIgniter\Session\Handlers\DatabaseHandler' driver.
DEBUG - 2025-10-27 11:28:05 --> Session: Class initialized using 'CodeIgniter\Session\Handlers\DatabaseHandler' driver.
DEBUG - 2025-10-27 11:28:06 --> Session: Class initialized using 'CodeIgniter\Session\Handlers\DatabaseHandler' driver.
DEBUG - 2025-10-27 11:28:06 --> Session: Class initialized using 'CodeIgniter\Session\Handlers\DatabaseHandler' driver.
DEBUG - 2025-10-27 11:28:07 --> Session: Class initialized using 'CodeIgniter\Session\Handlers\DatabaseHandler' driver.
DEBUG - 2025-10-27 11:28:07 --> Session: Class initialized using 'CodeIgniter\Session\Handlers\DatabaseHandler' driver.
DEBUG - 2025-10-27 11:28:08 --> Session: Class initialized using 'CodeIgniter\Session\Handlers\DatabaseHandler' driver.
DEBUG - 2025-10-27 11:28:08 --> Session: Class initialized using 'CodeIgniter\Session\Handlers\DatabaseHandler' driver.
DEBUG - 2025-10-27 11:28:09 --> Session: Class initialized using 'CodeIgniter\Session\Handlers\DatabaseHandler' driver.
DEBUG - 2025-10-27 11:28:09 --> Session: Class initialized using 'CodeIgniter\Session\Handlers\DatabaseHandler' driver.
DEBUG - 2025-10-27 11:28:12 --> Session: Class initialized using 'CodeIgniter\Session\Handlers\DatabaseHandler' driver.
DEBUG - 2025-10-27 11:28:18 --> Session: Class initialized using 'CodeIgniter\Session\Handlers\DatabaseHandler' driver.
DEBUG - 2025-10-27 11:28:19 --> Session: Class initialized using 'CodeIgniter\Session\Handlers\DatabaseHandler' driver.
DEBUG - 2025-10-27 11:28:20 --> Session: Class initialized using 'CodeIgniter\Session\Handlers\DatabaseHandler' driver.
DEBUG - 2025-10-27 11:28:23 --> Session: Class initialized using 'CodeIgniter\Session\Handlers\DatabaseHandler' driver.
DEBUG - 2025-10-27 11:28:32 --> Session: Class initialized using 'CodeIgniter\Session\Handlers\DatabaseHandler' driver.
DEBUG - 2025-10-27 11:28:32 --> Session: Class initialized using 'CodeIgniter\Session\Handlers\DatabaseHandler' driver.
DEBUG - 2025-10-27 11:38:56 --> Session: Class initialized using 'CodeIgniter\Session\Handlers\DatabaseHandler' driver.
DEBUG - 2025-10-27 11:38:59 --> Session: Class initialized using 'CodeIgniter\Session\Handlers\DatabaseHandler' driver.
DEBUG - 2025-10-27 11:39:02 --> Session: Class initialized using 'CodeIgniter\Session\Handlers\DatabaseHandler' driver.
DEBUG - 2025-10-27 11:39:04 --> Session: Class initialized using 'CodeIgniter\Session\Handlers\DatabaseHandler' driver.
DEBUG - 2025-10-27 11:39:05 --> Session: Class initialized using 'CodeIgniter\Session\Handlers\DatabaseHandler' driver.
DEBUG - 2025-10-27 11:39:05 --> Session: Class initialized using 'CodeIgniter\Session\Handlers\DatabaseHandler' driver.
DEBUG - 2025-10-27 11:39:06 --> Session: Class initialized using 'CodeIgniter\Session\Handlers\DatabaseHandler' driver.
DEBUG - 2025-10-27 11:39:06 --> Session: Class initialized using 'CodeIgniter\Session\Handlers\DatabaseHandler' driver.
DEBUG - 2025-10-27 11:39:07 --> Session: Class initialized using 'CodeIgniter\Session\Handlers\DatabaseHandler' driver.
DEBUG - 2025-10-27 11:39:10 --> Session: Class initialized using 'CodeIgniter\Session\Handlers\DatabaseHandler' driver.
DEBUG - 2025-10-27 11:39:13 --> Session: Class initialized using 'CodeIgniter\Session\Handlers\DatabaseHandler' driver.
DEBUG - 2025-10-27 11:39:15 --> Session: Class initialized using 'CodeIgniter\Session\Handlers\DatabaseHandler' driver.
DEBUG - 2025-10-27 11:39:15 --> Session: Class initialized using 'CodeIgniter\Session\Handlers\DatabaseHandler' driver.
DEBUG - 2025-10-27 11:39:16 --> Session: Class initialized using 'CodeIgniter\Session\Handlers\DatabaseHandler' driver.
DEBUG - 2025-10-27 11:39:16 --> Session: Class initialized using 'CodeIgniter\Session\Handlers\DatabaseHandler' driver.
DEBUG - 2025-10-27 11:39:17 --> Session: Class initialized using 'CodeIgniter\Session\Handlers\DatabaseHandler' driver.
DEBUG - 2025-10-27 11:39:18 --> Session: Class initialized using 'CodeIgniter\Session\Handlers\DatabaseHandler' driver.
DEBUG - 2025-10-27 11:39:56 --> Session: Class initialized using 'CodeIgniter\Session\Handlers\DatabaseHandler' driver.
DEBUG - 2025-10-27 11:47:04 --> Session: Class initialized using 'CodeIgniter\Session\Handlers\DatabaseHandler' driver.
DEBUG - 2025-10-27 11:47:07 --> Session: Class initialized using 'CodeIgniter\Session\Handlers\DatabaseHandler' driver.
DEBUG - 2025-10-27 11:47:09 --> Session: Class initialized using 'CodeIgniter\Session\Handlers\DatabaseHandler' driver.
DEBUG - 2025-10-27 11:47:10 --> Session: Class initialized using 'CodeIgniter\Session\Handlers\DatabaseHandler' driver.
DEBUG - 2025-10-27 11:47:10 --> Session: Class initialized using 'CodeIgniter\Session\Handlers\DatabaseHandler' driver.
DEBUG - 2025-10-27 11:47:11 --> Session: Class initialized using 'CodeIgniter\Session\Handlers\DatabaseHandler' driver.
DEBUG - 2025-10-27 11:47:12 --> Session: Class initialized using 'CodeIgniter\Session\Handlers\DatabaseHandler' driver.
DEBUG - 2025-10-27 11:47:12 --> Session: Class initialized using 'CodeIgniter\Session\Handlers\DatabaseHandler' driver.
DEBUG - 2025-10-27 11:47:13 --> Session: Class initialized using 'CodeIgniter\Session\Handlers\DatabaseHandler' driver.
DEBUG - 2025-10-27 11:47:13 --> Session: Class initialized using 'CodeIgniter\Session\Handlers\DatabaseHandler' driver.
DEBUG - 2025-10-27 11:47:14 --> Session: Class initialized using 'CodeIgniter\Session\Handlers\DatabaseHandler' driver.
DEBUG - 2025-10-27 11:47:15 --> Session: Class initialized using 'CodeIgniter\Session\Handlers\DatabaseHandler' driver.
DEBUG - 2025-10-27 11:47:15 --> Session: Class initialized using 'CodeIgniter\Session\Handlers\DatabaseHandler' driver.
DEBUG - 2025-10-27 11:47:16 --> Session: Class initialized using 'CodeIgniter\Session\Handlers\DatabaseHandler' driver.
DEBUG - 2025-10-27 11:47:17 --> Session: Class initialized using 'CodeIgniter\Session\Handlers\DatabaseHandler' driver.
DEBUG - 2025-10-27 11:47:20 --> Session: Class initialized using 'CodeIgniter\Session\Handlers\DatabaseHandler' driver.
DEBUG - 2025-10-27 11:47:22 --> Session: Class initialized using 'CodeIgniter\Session\Handlers\DatabaseHandler' driver.
DEBUG - 2025-10-27 11:47:22 --> Session: Class initialized using 'CodeIgniter\Session\Handlers\DatabaseHandler' driver.
DEBUG - 2025-10-27 11:47:23 --> Session: Class initialized using 'CodeIgniter\Session\Handlers\DatabaseHandler' driver.
DEBUG - 2025-10-27 11:47:23 --> Session: Class initialized using 'CodeIgniter\Session\Handlers\DatabaseHandler' driver.
DEBUG - 2025-10-27 11:47:25 --> Session: Class initialized using 'CodeIgniter\Session\Handlers\DatabaseHandler' driver.
DEBUG - 2025-10-27 11:47:26 --> Session: Class initialized using 'CodeIgniter\Session\Handlers\DatabaseHandler' driver.
DEBUG - 2025-10-27 11:47:26 --> Session: Class initialized using 'CodeIgniter\Session\Handlers\DatabaseHandler' driver.
DEBUG - 2025-10-27 11:47:28 --> Session: Class initialized using 'CodeIgniter\Session\Handlers\DatabaseHandler' driver.
DEBUG - 2025-10-27 11:47:37 --> Session: Class initialized using 'CodeIgniter\Session\Handlers\DatabaseHandler' driver.
DEBUG - 2025-10-27 11:47:38 --> Session: Class initialized using 'CodeIgniter\Session\Handlers\DatabaseHandler' driver.
DEBUG - 2025-10-27 11:48:03 --> Session: Class initialized using 'CodeIgniter\Session\Handlers\DatabaseHandler' driver.
DEBUG - 2025-10-27 11:48:04 --> Session: Class initialized using 'CodeIgniter\Session\Handlers\DatabaseHandler' driver.
DEBUG - 2025-10-27 11:48:16 --> Session: Class initialized using 'CodeIgniter\Session\Handlers\DatabaseHandler' driver.
DEBUG - 2025-10-27 11:48:17 --> Session: Class initialized using 'CodeIgniter\Session\Handlers\DatabaseHandler' driver.
DEBUG - 2025-10-27 11:48:18 --> Session: Class initialized using 'CodeIgniter\Session\Handlers\DatabaseHandler' driver.
DEBUG - 2025-10-27 11:48:18 --> Session: Class initialized using 'CodeIgniter\Session\Handlers\DatabaseHandler' driver.
DEBUG - 2025-10-27 11:48:19 --> Session: Class initialized using 'CodeIgniter\Session\Handlers\DatabaseHandler' driver.
DEBUG - 2025-10-27 11:48:20 --> Session: Class initialized using 'CodeIgniter\Session\Handlers\DatabaseHandler' driver.
DEBUG - 2025-10-27 11:48:20 --> Session: Class initialized using 'CodeIgniter\Session\Handlers\DatabaseHandler' driver.
DEBUG - 2025-10-27 11:48:21 --> Session: Class initialized using 'CodeIgniter\Session\Handlers\DatabaseHandler' driver.
DEBUG - 2025-10-27 11:48:22 --> Session: Class initialized using 'CodeIgniter\Session\Handlers\DatabaseHandler' driver.
DEBUG - 2025-10-27 11:48:22 --> Session: Class initialized using 'CodeIgniter\Session\Handlers\DatabaseHandler' driver.
DEBUG - 2025-10-27 11:48:24 --> Session: Class initialized using 'CodeIgniter\Session\Handlers\DatabaseHandler' driver.
DEBUG - 2025-10-27 11:48:26 --> Session: Class initialized using 'CodeIgniter\Session\Handlers\DatabaseHandler' driver.
DEBUG - 2025-10-27 11:48:27 --> Session: Class initialized using 'CodeIgniter\Session\Handlers\DatabaseHandler' driver.
DEBUG - 2025-10-27 11:48:27 --> Session: Class initialized using 'CodeIgniter\Session\Handlers\DatabaseHandler' driver.
DEBUG - 2025-10-27 11:48:28 --> Session: Class initialized using 'CodeIgniter\Session\Handlers\DatabaseHandler' driver.
DEBUG - 2025-10-27 11:48:29 --> Session: Class initialized using 'CodeIgniter\Session\Handlers\DatabaseHandler' driver.
DEBUG - 2025-10-27 11:48:30 --> Session: Class initialized using 'CodeIgniter\Session\Handlers\DatabaseHandler' driver.
DEBUG - 2025-10-27 11:48:30 --> Session: Class initialized using 'CodeIgniter\Session\Handlers\DatabaseHandler' driver.
DEBUG - 2025-10-27 11:48:32 --> Session: Class initialized using 'CodeIgniter\Session\Handlers\DatabaseHandler' driver.
DEBUG - 2025-10-27 11:48:32 --> Session: Class initialized using 'CodeIgniter\Session\Handlers\DatabaseHandler' driver.
DEBUG - 2025-10-27 11:48:33 --> Session: Class initialized using 'CodeIgniter\Session\Handlers\DatabaseHandler' driver.
DEBUG - 2025-10-27 11:48:33 --> Session: Class initialized using 'CodeIgniter\Session\Handlers\DatabaseHandler' driver.
DEBUG - 2025-10-27 11:48:35 --> Session: Class initialized using 'CodeIgniter\Session\Handlers\DatabaseHandler' driver.
DEBUG - 2025-10-27 11:48:36 --> Session: Class initialized using 'CodeIgniter\Session\Handlers\DatabaseHandler' driver.
DEBUG - 2025-10-27 11:48:36 --> Session: Class initialized using 'CodeIgniter\Session\Handlers\DatabaseHandler' driver.
DEBUG - 2025-10-27 11:48:37 --> Session: Class initialized using 'CodeIgniter\Session\Handlers\DatabaseHandler' driver.
DEBUG - 2025-10-27 11:48:38 --> Session: Class initialized using 'CodeIgniter\Session\Handlers\DatabaseHandler' driver.
DEBUG - 2025-10-27 11:48:38 --> Session: Class initialized using 'CodeIgniter\Session\Handlers\DatabaseHandler' driver.
DEBUG - 2025-10-27 11:53:17 --> Session: Class initialized using 'CodeIgniter\Session\Handlers\DatabaseHandler' driver.
DEBUG - 2025-10-27 11:53:20 --> Session: Class initialized using 'CodeIgniter\Session\Handlers\DatabaseHandler' driver.
DEBUG - 2025-10-27 11:53:22 --> Session: Class initialized using 'CodeIgniter\Session\Handlers\DatabaseHandler' driver.
DEBUG - 2025-10-27 11:53:23 --> Session: Class initialized using 'CodeIgniter\Session\Handlers\DatabaseHandler' driver.
DEBUG - 2025-10-27 11:53:27 --> Session: Class initialized using 'CodeIgniter\Session\Handlers\DatabaseHandler' driver.
DEBUG - 2025-10-27 11:53:27 --> Session: Class initialized using 'CodeIgniter\Session\Handlers\DatabaseHandler' driver.
DEBUG - 2025-10-27 11:53:28 --> Session: Class initialized using 'CodeIgniter\Session\Handlers\DatabaseHandler' driver.
DEBUG - 2025-10-27 11:53:28 --> Session: Class initialized using 'CodeIgniter\Session\Handlers\DatabaseHandler' driver.
DEBUG - 2025-10-27 11:53:29 --> Session: Class initialized using 'CodeIgniter\Session\Handlers\DatabaseHandler' driver.
DEBUG - 2025-10-27 11:53:30 --> Session: Class initialized using 'CodeIgniter\Session\Handlers\DatabaseHandler' driver.
DEBUG - 2025-10-27 11:53:31 --> Session: Class initialized using 'CodeIgniter\Session\Handlers\DatabaseHandler' driver.
DEBUG - 2025-10-27 11:53:31 --> Session: Class initialized using 'CodeIgniter\Session\Handlers\DatabaseHandler' driver.
DEBUG - 2025-10-27 11:54:28 --> Session: Class initialized using 'CodeIgniter\Session\Handlers\DatabaseHandler' driver.
DEBUG - 2025-10-27 11:54:28 --> Session: Class initialized using 'CodeIgniter\Session\Handlers\DatabaseHandler' driver.
DEBUG - 2025-10-27 11:54:29 --> Session: Class initialized using 'CodeIgniter\Session\Handlers\DatabaseHandler' driver.
DEBUG - 2025-10-27 11:54:30 --> Session: Class initialized using 'CodeIgniter\Session\Handlers\DatabaseHandler' driver.
DEBUG - 2025-10-27 11:54:30 --> Session: Class initialized using 'CodeIgniter\Session\Handlers\DatabaseHandler' driver.
DEBUG - 2025-10-27 11:54:32 --> Session: Class initialized using 'CodeIgniter\Session\Handlers\DatabaseHandler' driver.
DEBUG - 2025-10-27 11:54:32 --> Session: Class initialized using 'CodeIgniter\Session\Handlers\DatabaseHandler' driver.
DEBUG - 2025-10-27 11:54:33 --> Session: Class initialized using 'CodeIgniter\Session\Handlers\DatabaseHandler' driver.
DEBUG - 2025-10-27 11:54:34 --> Session: Class initialized using 'CodeIgniter\Session\Handlers\DatabaseHandler' driver.
DEBUG - 2025-10-27 11:54:35 --> Session: Class initialized using 'CodeIgniter\Session\Handlers\DatabaseHandler' driver.
DEBUG - 2025-10-27 11:55:23 --> Session: Class initialized using 'CodeIgniter\Session\Handlers\DatabaseHandler' driver.
DEBUG - 2025-10-27 11:55:26 --> Session: Class initialized using 'CodeIgniter\Session\Handlers\DatabaseHandler' driver.
DEBUG - 2025-10-27 11:56:01 --> Session: Class initialized using 'CodeIgniter\Session\Handlers\DatabaseHandler' driver.
DEBUG - 2025-10-27 11:56:04 --> Session: Class initialized using 'CodeIgniter\Session\Handlers\DatabaseHandler' driver.
DEBUG - 2025-10-27 11:56:06 --> Session: Class initialized using 'CodeIgniter\Session\Handlers\DatabaseHandler' driver.
DEBUG - 2025-10-27 11:56:13 --> Session: Class initialized using 'CodeIgniter\Session\Handlers\DatabaseHandler' driver.
DEBUG - 2025-10-27 11:56:14 --> Session: Class initialized using 'CodeIgniter\Session\Handlers\DatabaseHandler' driver.
DEBUG - 2025-10-27 11:56:14 --> Session: Class initialized using 'CodeIgniter\Session\Handlers\DatabaseHandler' driver.
DEBUG - 2025-10-27 11:56:15 --> Session: Class initialized using 'CodeIgniter\Session\Handlers\DatabaseHandler' driver.
DEBUG - 2025-10-27 11:56:15 --> Session: Class initialized using 'CodeIgniter\Session\Handlers\DatabaseHandler' driver.
DEBUG - 2025-10-27 11:56:17 --> Session: Class initialized using 'CodeIgniter\Session\Handlers\DatabaseHandler' driver.
DEBUG - 2025-10-27 11:56:17 --> Session: Class initialized using 'CodeIgniter\Session\Handlers\DatabaseHandler' driver.
DEBUG - 2025-10-27 11:58:41 --> Session: Class initialized using 'CodeIgniter\Session\Handlers\DatabaseHandler' driver.
DEBUG - 2025-10-27 11:58:43 --> Session: Class initialized using 'CodeIgniter\Session\Handlers\DatabaseHandler' driver.
DEBUG - 2025-10-27 11:58:45 --> Session: Class initialized using 'CodeIgniter\Session\Handlers\DatabaseHandler' driver.
DEBUG - 2025-10-27 11:58:47 --> Session: Class initialized using 'CodeIgniter\Session\Handlers\DatabaseHandler' driver.
DEBUG - 2025-10-27 11:59:03 --> Session: Class initialized using 'CodeIgniter\Session\Handlers\DatabaseHandler' driver.
DEBUG - 2025-10-27 11:59:05 --> Session: Class initialized using 'CodeIgniter\Session\Handlers\DatabaseHandler' driver.
DEBUG - 2025-10-27 11:59:05 --> Session: Class initialized using 'CodeIgniter\Session\Handlers\DatabaseHandler' driver.
DEBUG - 2025-10-27 11:59:12 --> Session: Class initialized using 'CodeIgniter\Session\Handlers\DatabaseHandler' driver.
DEBUG - 2025-10-27 11:59:13 --> Session: Class initialized using 'CodeIgniter\Session\Handlers\DatabaseHandler' driver.
DEBUG - 2025-10-27 12:02:01 --> Session: Class initialized using 'CodeIgniter\Session\Handlers\DatabaseHandler' driver.
DEBUG - 2025-10-27 12:02:02 --> Session: Class initialized using 'CodeIgniter\Session\Handlers\DatabaseHandler' driver.
DEBUG - 2025-10-27 12:02:05 --> Session: Class initialized using 'CodeIgniter\Session\Handlers\DatabaseHandler' driver.
DEBUG - 2025-10-27 12:02:05 --> Session: Class initialized using 'CodeIgniter\Session\Handlers\DatabaseHandler' driver.
DEBUG - 2025-10-27 12:05:48 --> Session: Class initialized using 'CodeIgniter\Session\Handlers\DatabaseHandler' driver.
DEBUG - 2025-10-27 12:07:42 --> Session: Class initialized using 'CodeIgniter\Session\Handlers\DatabaseHandler' driver.
DEBUG - 2025-10-27 12:07:44 --> Session: Class initialized using 'CodeIgniter\Session\Handlers\DatabaseHandler' driver.
DEBUG - 2025-10-27 12:07:44 --> Session: Class initialized using 'CodeIgniter\Session\Handlers\DatabaseHandler' driver.
DEBUG - 2025-10-27 12:07:46 --> Session: Class initialized using 'CodeIgniter\Session\Handlers\DatabaseHandler' driver.
DEBUG - 2025-10-27 12:07:46 --> Session: Class initialized using 'CodeIgniter\Session\Handlers\DatabaseHandler' driver.
DEBUG - 2025-10-27 12:07:47 --> Session: Class initialized using 'CodeIgniter\Session\Handlers\DatabaseHandler' driver.
DEBUG - 2025-10-27 12:07:48 --> Session: Class initialized using 'CodeIgniter\Session\Handlers\DatabaseHandler' driver.
DEBUG - 2025-10-27 12:07:48 --> Session: Class initialized using 'CodeIgniter\Session\Handlers\DatabaseHandler' driver.
DEBUG - 2025-10-27 12:07:49 --> Session: Class initialized using 'CodeIgniter\Session\Handlers\DatabaseHandler' driver.
DEBUG - 2025-10-27 12:07:50 --> Session: Class initialized using 'CodeIgniter\Session\Handlers\DatabaseHandler' driver.
DEBUG - 2025-10-27 12:07:50 --> Session: Class initialized using 'CodeIgniter\Session\Handlers\DatabaseHandler' driver.
DEBUG - 2025-10-27 12:10:08 --> Session: Class initialized using 'CodeIgniter\Session\Handlers\DatabaseHandler' driver.
DEBUG - 2025-10-27 12:10:22 --> Session: Class initialized using 'CodeIgniter\Session\Handlers\DatabaseHandler' driver.
DEBUG - 2025-10-27 12:10:23 --> Session: Class initialized using 'CodeIgniter\Session\Handlers\DatabaseHandler' driver.
DEBUG - 2025-10-27 12:10:23 --> ROLE CHECK: Array
(
    [__ci_last_regenerate] => 1761546948
    [_ci_previous_url] => http://localhost/bhaviclients/index.php/dashboard
    [user_id] => 46
    [first_name] => admin
    [last_name] => manager
    [email] => adminmanager@gmail.com
    [role_id] => 5
    [role_name] => Admin Manager
    [client_id] => 
    [employee_id] => 
    [isLoggedIn] => 1
)

DEBUG - 2025-10-27 12:10:25 --> Session: Class initialized using 'CodeIgniter\Session\Handlers\DatabaseHandler' driver.
DEBUG - 2025-10-27 12:10:26 --> Session: Class initialized using 'CodeIgniter\Session\Handlers\DatabaseHandler' driver.
DEBUG - 2025-10-27 12:10:27 --> Session: Class initialized using 'CodeIgniter\Session\Handlers\DatabaseHandler' driver.
DEBUG - 2025-10-27 12:10:27 --> Session: Class initialized using 'CodeIgniter\Session\Handlers\DatabaseHandler' driver.
DEBUG - 2025-10-27 12:10:29 --> Session: Class initialized using 'CodeIgniter\Session\Handlers\DatabaseHandler' driver.
DEBUG - 2025-10-27 12:10:30 --> Session: Class initialized using 'CodeIgniter\Session\Handlers\DatabaseHandler' driver.
DEBUG - 2025-10-27 12:10:40 --> Session: Class initialized using 'CodeIgniter\Session\Handlers\DatabaseHandler' driver.
DEBUG - 2025-10-27 12:10:40 --> Session: Class initialized using 'CodeIgniter\Session\Handlers\DatabaseHandler' driver.
DEBUG - 2025-10-27 12:11:02 --> Session: Class initialized using 'CodeIgniter\Session\Handlers\DatabaseHandler' driver.
DEBUG - 2025-10-27 12:11:04 --> Session: Class initialized using 'CodeIgniter\Session\Handlers\DatabaseHandler' driver.
DEBUG - 2025-10-27 12:11:05 --> Session: Class initialized using 'CodeIgniter\Session\Handlers\DatabaseHandler' driver.
DEBUG - 2025-10-27 12:11:05 --> ROLE CHECK: Array
(
    [__ci_last_regenerate] => 1761547262
    [_ci_previous_url] => http://localhost/bhaviclients/index.php/profile
    [user_id] => 46
    [first_name] => admin
    [last_name] => manager
    [email] => adminmanager@gmail.com
    [role_id] => 5
    [role_name] => Admin Manager
    [client_id] => 
    [employee_id] => 
    [isLoggedIn] => 1
)

DEBUG - 2025-10-27 12:11:06 --> Session: Class initialized using 'CodeIgniter\Session\Handlers\DatabaseHandler' driver.
DEBUG - 2025-10-27 12:11:07 --> Session: Class initialized using 'CodeIgniter\Session\Handlers\DatabaseHandler' driver.
DEBUG - 2025-10-27 12:11:08 --> Session: Class initialized using 'CodeIgniter\Session\Handlers\DatabaseHandler' driver.
DEBUG - 2025-10-27 12:11:09 --> Session: Class initialized using 'CodeIgniter\Session\Handlers\DatabaseHandler' driver.
DEBUG - 2025-10-27 12:11:09 --> Session: Class initialized using 'CodeIgniter\Session\Handlers\DatabaseHandler' driver.
DEBUG - 2025-10-27 12:11:26 --> Session: Class initialized using 'CodeIgniter\Session\Handlers\DatabaseHandler' driver.
DEBUG - 2025-10-27 12:11:26 --> Session: Class initialized using 'CodeIgniter\Session\Handlers\DatabaseHandler' driver.
DEBUG - 2025-10-27 12:11:32 --> Session: Class initialized using 'CodeIgniter\Session\Handlers\DatabaseHandler' driver.
DEBUG - 2025-10-27 12:11:37 --> Session: Class initialized using 'CodeIgniter\Session\Handlers\DatabaseHandler' driver.
DEBUG - 2025-10-27 12:11:38 --> Session: Class initialized using 'CodeIgniter\Session\Handlers\DatabaseHandler' driver.
DEBUG - 2025-10-27 12:11:41 --> Session: Class initialized using 'CodeIgniter\Session\Handlers\DatabaseHandler' driver.
DEBUG - 2025-10-27 12:11:41 --> ROLE CHECK: Array
(
    [__ci_last_regenerate] => 1761547262
    [_ci_previous_url] => http://localhost/bhaviclients/index.php/client-uploads
    [user_id] => 46
    [first_name] => admin
    [last_name] => manager
    [email] => adminmanager@gmail.com
    [role_id] => 5
    [role_name] => Admin Manager
    [client_id] => 
    [employee_id] => 
    [isLoggedIn] => 1
)

DEBUG - 2025-10-27 12:11:44 --> Session: Class initialized using 'CodeIgniter\Session\Handlers\DatabaseHandler' driver.
DEBUG - 2025-10-27 12:11:45 --> Session: Class initialized using 'CodeIgniter\Session\Handlers\DatabaseHandler' driver.
DEBUG - 2025-10-27 12:11:46 --> Session: Class initialized using 'CodeIgniter\Session\Handlers\DatabaseHandler' driver.
DEBUG - 2025-10-27 12:11:47 --> Session: Class initialized using 'CodeIgniter\Session\Handlers\DatabaseHandler' driver.
DEBUG - 2025-10-27 12:11:49 --> Session: Class initialized using 'CodeIgniter\Session\Handlers\DatabaseHandler' driver.
DEBUG - 2025-10-27 12:12:01 --> Session: Class initialized using 'CodeIgniter\Session\Handlers\DatabaseHandler' driver.
DEBUG - 2025-10-27 12:12:26 --> Session: Class initialized using 'CodeIgniter\Session\Handlers\DatabaseHandler' driver.
DEBUG - 2025-10-27 12:12:35 --> Session: Class initialized using 'CodeIgniter\Session\Handlers\DatabaseHandler' driver.
DEBUG - 2025-10-27 12:12:35 --> Session: Class initialized using 'CodeIgniter\Session\Handlers\DatabaseHandler' driver.
DEBUG - 2025-10-27 12:12:36 --> Session: Class initialized using 'CodeIgniter\Session\Handlers\DatabaseHandler' driver.
DEBUG - 2025-10-27 12:12:39 --> Session: Class initialized using 'CodeIgniter\Session\Handlers\DatabaseHandler' driver.
DEBUG - 2025-10-27 12:12:47 --> Session: Class initialized using 'CodeIgniter\Session\Handlers\DatabaseHandler' driver.
DEBUG - 2025-10-27 12:13:04 --> Session: Class initialized using 'CodeIgniter\Session\Handlers\DatabaseHandler' driver.
DEBUG - 2025-10-27 12:15:15 --> Session: Class initialized using 'CodeIgniter\Session\Handlers\DatabaseHandler' driver.
DEBUG - 2025-10-27 12:15:19 --> Session: Class initialized using 'CodeIgniter\Session\Handlers\DatabaseHandler' driver.
DEBUG - 2025-10-27 12:15:21 --> Session: Class initialized using 'CodeIgniter\Session\Handlers\DatabaseHandler' driver.
DEBUG - 2025-10-27 12:15:26 --> Session: Class initialized using 'CodeIgniter\Session\Handlers\DatabaseHandler' driver.
DEBUG - 2025-10-27 12:19:58 --> Session: Class initialized using 'CodeIgniter\Session\Handlers\DatabaseHandler' driver.
DEBUG - 2025-10-27 12:20:01 --> Session: Class initialized using 'CodeIgniter\Session\Handlers\DatabaseHandler' driver.
DEBUG - 2025-10-27 12:20:35 --> Session: Class initialized using 'CodeIgniter\Session\Handlers\DatabaseHandler' driver.
DEBUG - 2025-10-27 12:20:52 --> Session: Class initialized using 'CodeIgniter\Session\Handlers\DatabaseHandler' driver.
DEBUG - 2025-10-27 12:22:27 --> Session: Class initialized using 'CodeIgniter\Session\Handlers\DatabaseHandler' driver.
DEBUG - 2025-10-27 12:22:28 --> Session: Class initialized using 'CodeIgniter\Session\Handlers\DatabaseHandler' driver.
DEBUG - 2025-10-27 12:22:30 --> Session: Class initialized using 'CodeIgniter\Session\Handlers\DatabaseHandler' driver.
DEBUG - 2025-10-27 12:23:36 --> Session: Class initialized using 'CodeIgniter\Session\Handlers\DatabaseHandler' driver.
DEBUG - 2025-10-27 12:23:38 --> Session: Class initialized using 'CodeIgniter\Session\Handlers\DatabaseHandler' driver.
DEBUG - 2025-10-27 12:26:57 --> Session: Class initialized using 'CodeIgniter\Session\Handlers\DatabaseHandler' driver.
DEBUG - 2025-10-27 12:26:58 --> Session: Class initialized using 'CodeIgniter\Session\Handlers\DatabaseHandler' driver.
DEBUG - 2025-10-27 12:27:00 --> Session: Class initialized using 'CodeIgniter\Session\Handlers\DatabaseHandler' driver.
DEBUG - 2025-10-27 12:27:02 --> Session: Class initialized using 'CodeIgniter\Session\Handlers\DatabaseHandler' driver.
DEBUG - 2025-10-27 12:27:20 --> Session: Class initialized using 'CodeIgniter\Session\Handlers\DatabaseHandler' driver.
DEBUG - 2025-10-27 12:34:07 --> Session: Class initialized using 'CodeIgniter\Session\Handlers\DatabaseHandler' driver.
DEBUG - 2025-10-27 12:35:43 --> Session: Class initialized using 'CodeIgniter\Session\Handlers\DatabaseHandler' driver.
DEBUG - 2025-10-27 12:35:57 --> Session: Class initialized using 'CodeIgniter\Session\Handlers\DatabaseHandler' driver.
DEBUG - 2025-10-27 12:38:41 --> Session: Class initialized using 'CodeIgniter\Session\Handlers\DatabaseHandler' driver.
DEBUG - 2025-10-27 12:38:52 --> Session: Class initialized using 'CodeIgniter\Session\Handlers\DatabaseHandler' driver.
DEBUG - 2025-10-27 12:38:55 --> Session: Class initialized using 'CodeIgniter\Session\Handlers\DatabaseHandler' driver.
DEBUG - 2025-10-27 12:39:01 --> Session: Class initialized using 'CodeIgniter\Session\Handlers\DatabaseHandler' driver.
DEBUG - 2025-10-27 12:39:02 --> Session: Class initialized using 'CodeIgniter\Session\Handlers\DatabaseHandler' driver.
DEBUG - 2025-10-27 12:39:27 --> Session: Class initialized using 'CodeIgniter\Session\Handlers\DatabaseHandler' driver.
DEBUG - 2025-10-27 12:39:31 --> Session: Class initialized using 'CodeIgniter\Session\Handlers\DatabaseHandler' driver.
DEBUG - 2025-10-27 12:40:50 --> Session: Class initialized using 'CodeIgniter\Session\Handlers\DatabaseHandler' driver.
CRITICAL - 2025-10-27 12:41:22 --> ParseError: syntax error, unexpected single-quoted string " => "
[Method: GET, Route: client-uploads]
in APPPATH\Config\Routes.php on line 130.
 1 SYSTEMPATH\CodeIgniter.php(821): CodeIgniter\Router\RouteCollection->loadRoutes()
 2 SYSTEMPATH\CodeIgniter.php(455): CodeIgniter\CodeIgniter->tryToRouteIt(null)
 3 SYSTEMPATH\CodeIgniter.php(354): CodeIgniter\CodeIgniter->handleRequest(null, Object(Config\Cache), false)
 4 SYSTEMPATH\Boot.php(334): CodeIgniter\CodeIgniter->run()
 5 SYSTEMPATH\Boot.php(67): CodeIgniter\Boot::runCodeIgniter(Object(CodeIgniter\CodeIgniter))
 6 FCPATH\index.php(46): CodeIgniter\Boot::bootWeb(Object(Config\Paths))
DEBUG - 2025-10-27 12:43:15 --> Session: Class initialized using 'CodeIgniter\Session\Handlers\DatabaseHandler' driver.
DEBUG - 2025-10-27 12:43:17 --> Session: Class initialized using 'CodeIgniter\Session\Handlers\DatabaseHandler' driver.
DEBUG - 2025-10-27 12:43:20 --> Session: Class initialized using 'CodeIgniter\Session\Handlers\DatabaseHandler' driver.
DEBUG - 2025-10-27 12:43:23 --> Session: Class initialized using 'CodeIgniter\Session\Handlers\DatabaseHandler' driver.
DEBUG - 2025-10-27 12:43:32 --> Session: Class initialized using 'CodeIgniter\Session\Handlers\DatabaseHandler' driver.
DEBUG - 2025-10-27 12:43:32 --> Session: Class initialized using 'CodeIgniter\Session\Handlers\DatabaseHandler' driver.
DEBUG - 2025-10-27 12:43:34 --> Session: Class initialized using 'CodeIgniter\Session\Handlers\DatabaseHandler' driver.
DEBUG - 2025-10-27 12:45:55 --> Session: Class initialized using 'CodeIgniter\Session\Handlers\DatabaseHandler' driver.
DEBUG - 2025-10-27 12:46:41 --> Session: Class initialized using 'CodeIgniter\Session\Handlers\DatabaseHandler' driver.
DEBUG - 2025-10-27 12:46:44 --> Session: Class initialized using 'CodeIgniter\Session\Handlers\DatabaseHandler' driver.
DEBUG - 2025-10-27 12:46:44 --> Session: Class initialized using 'CodeIgniter\Session\Handlers\DatabaseHandler' driver.
DEBUG - 2025-10-27 12:46:47 --> Session: Class initialized using 'CodeIgniter\Session\Handlers\DatabaseHandler' driver.
DEBUG - 2025-10-27 12:46:56 --> Session: Class initialized using 'CodeIgniter\Session\Handlers\DatabaseHandler' driver.
DEBUG - 2025-10-27 12:46:57 --> Session: Class initialized using 'CodeIgniter\Session\Handlers\DatabaseHandler' driver.
DEBUG - 2025-10-27 12:46:58 --> Session: Class initialized using 'CodeIgniter\Session\Handlers\DatabaseHandler' driver.
DEBUG - 2025-10-27 12:47:07 --> Session: Class initialized using 'CodeIgniter\Session\Handlers\DatabaseHandler' driver.
DEBUG - 2025-10-27 12:47:10 --> Session: Class initialized using 'CodeIgniter\Session\Handlers\DatabaseHandler' driver.
DEBUG - 2025-10-27 12:47:13 --> Session: Class initialized using 'CodeIgniter\Session\Handlers\DatabaseHandler' driver.
DEBUG - 2025-10-27 12:47:15 --> Session: Class initialized using 'CodeIgniter\Session\Handlers\DatabaseHandler' driver.
DEBUG - 2025-10-27 12:47:17 --> Session: Class initialized using 'CodeIgniter\Session\Handlers\DatabaseHandler' driver.
DEBUG - 2025-10-27 12:47:23 --> Session: Class initialized using 'CodeIgniter\Session\Handlers\DatabaseHandler' driver.
DEBUG - 2025-10-27 12:47:24 --> Session: Class initialized using 'CodeIgniter\Session\Handlers\DatabaseHandler' driver.
DEBUG - 2025-10-27 12:47:26 --> Session: Class initialized using 'CodeIgniter\Session\Handlers\DatabaseHandler' driver.
DEBUG - 2025-10-27 12:47:29 --> Session: Class initialized using 'CodeIgniter\Session\Handlers\DatabaseHandler' driver.
DEBUG - 2025-10-27 12:47:38 --> Session: Class initialized using 'CodeIgniter\Session\Handlers\DatabaseHandler' driver.
DEBUG - 2025-10-27 12:47:42 --> Session: Class initialized using 'CodeIgniter\Session\Handlers\DatabaseHandler' driver.
DEBUG - 2025-10-27 12:48:14 --> Session: Class initialized using 'CodeIgniter\Session\Handlers\DatabaseHandler' driver.
DEBUG - 2025-10-27 12:48:31 --> Session: Class initialized using 'CodeIgniter\Session\Handlers\DatabaseHandler' driver.
DEBUG - 2025-10-27 12:48:40 --> Session: Class initialized using 'CodeIgniter\Session\Handlers\DatabaseHandler' driver.
DEBUG - 2025-10-27 12:48:42 --> Session: Class initialized using 'CodeIgniter\Session\Handlers\DatabaseHandler' driver.
DEBUG - 2025-10-27 12:49:16 --> Session: Class initialized using 'CodeIgniter\Session\Handlers\DatabaseHandler' driver.
DEBUG - 2025-10-27 12:49:16 --> Session: Class initialized using 'CodeIgniter\Session\Handlers\DatabaseHandler' driver.
DEBUG - 2025-10-27 12:49:25 --> Session: Class initialized using 'CodeIgniter\Session\Handlers\DatabaseHandler' driver.
DEBUG - 2025-10-27 12:49:28 --> Session: Class initialized using 'CodeIgniter\Session\Handlers\DatabaseHandler' driver.
DEBUG - 2025-10-27 12:49:39 --> Session: Class initialized using 'CodeIgniter\Session\Handlers\DatabaseHandler' driver.
DEBUG - 2025-10-27 12:49:49 --> Session: Class initialized using 'CodeIgniter\Session\Handlers\DatabaseHandler' driver.
DEBUG - 2025-10-27 12:49:58 --> Session: Class initialized using 'CodeIgniter\Session\Handlers\DatabaseHandler' driver.
DEBUG - 2025-10-27 12:50:00 --> Session: Class initialized using 'CodeIgniter\Session\Handlers\DatabaseHandler' driver.
DEBUG - 2025-10-27 12:50:16 --> Session: Class initialized using 'CodeIgniter\Session\Handlers\DatabaseHandler' driver.
DEBUG - 2025-10-27 12:50:20 --> Session: Class initialized using 'CodeIgniter\Session\Handlers\DatabaseHandler' driver.
DEBUG - 2025-10-27 12:50:30 --> Session: Class initialized using 'CodeIgniter\Session\Handlers\DatabaseHandler' driver.
DEBUG - 2025-10-27 12:50:54 --> Session: Class initialized using 'CodeIgniter\Session\Handlers\DatabaseHandler' driver.
DEBUG - 2025-10-27 12:51:05 --> Session: Class initialized using 'CodeIgniter\Session\Handlers\DatabaseHandler' driver.
DEBUG - 2025-10-27 12:51:22 --> Session: Class initialized using 'CodeIgniter\Session\Handlers\DatabaseHandler' driver.
DEBUG - 2025-10-27 12:55:22 --> Session: Class initialized using 'CodeIgniter\Session\Handlers\DatabaseHandler' driver.
DEBUG - 2025-10-27 12:55:25 --> Session: Class initialized using 'CodeIgniter\Session\Handlers\DatabaseHandler' driver.
DEBUG - 2025-10-27 12:59:50 --> Session: Class initialized using 'CodeIgniter\Session\Handlers\DatabaseHandler' driver.
DEBUG - 2025-10-27 12:59:53 --> Session: Class initialized using 'CodeIgniter\Session\Handlers\DatabaseHandler' driver.
DEBUG - 2025-10-27 12:59:56 --> Session: Class initialized using 'CodeIgniter\Session\Handlers\DatabaseHandler' driver.
DEBUG - 2025-10-27 12:59:58 --> Session: Class initialized using 'CodeIgniter\Session\Handlers\DatabaseHandler' driver.
DEBUG - 2025-10-27 13:00:00 --> Session: Class initialized using 'CodeIgniter\Session\Handlers\DatabaseHandler' driver.
DEBUG - 2025-10-27 13:00:11 --> Session: Class initialized using 'CodeIgniter\Session\Handlers\DatabaseHandler' driver.
DEBUG - 2025-10-27 13:00:57 --> Session: Class initialized using 'CodeIgniter\Session\Handlers\DatabaseHandler' driver.
DEBUG - 2025-10-27 13:00:59 --> Session: Class initialized using 'CodeIgniter\Session\Handlers\DatabaseHandler' driver.
DEBUG - 2025-10-27 13:01:00 --> Session: Class initialized using 'CodeIgniter\Session\Handlers\DatabaseHandler' driver.
DEBUG - 2025-10-27 13:02:27 --> Session: Class initialized using 'CodeIgniter\Session\Handlers\DatabaseHandler' driver.
DEBUG - 2025-10-27 13:02:27 --> Session: Class initialized using 'CodeIgniter\Session\Handlers\DatabaseHandler' driver.
DEBUG - 2025-10-27 13:02:32 --> Session: Class initialized using 'CodeIgniter\Session\Handlers\DatabaseHandler' driver.
DEBUG - 2025-10-27 13:02:34 --> Session: Class initialized using 'CodeIgniter\Session\Handlers\DatabaseHandler' driver.
DEBUG - 2025-10-27 13:02:36 --> Session: Class initialized using 'CodeIgniter\Session\Handlers\DatabaseHandler' driver.
DEBUG - 2025-10-27 13:02:54 --> Session: Class initialized using 'CodeIgniter\Session\Handlers\DatabaseHandler' driver.
DEBUG - 2025-10-27 13:02:54 --> Session: Class initialized using 'CodeIgniter\Session\Handlers\DatabaseHandler' driver.
DEBUG - 2025-10-27 13:02:54 --> Session: Class initialized using 'CodeIgniter\Session\Handlers\DatabaseHandler' driver.
DEBUG - 2025-10-27 13:03:02 --> Session: Class initialized using 'CodeIgniter\Session\Handlers\DatabaseHandler' driver.
DEBUG - 2025-10-27 13:03:14 --> Session: Class initialized using 'CodeIgniter\Session\Handlers\DatabaseHandler' driver.
DEBUG - 2025-10-27 13:03:15 --> Session: Class initialized using 'CodeIgniter\Session\Handlers\DatabaseHandler' driver.
DEBUG - 2025-10-27 13:03:15 --> Session: Class initialized using 'CodeIgniter\Session\Handlers\DatabaseHandler' driver.
DEBUG - 2025-10-27 13:03:17 --> Session: Class initialized using 'CodeIgniter\Session\Handlers\DatabaseHandler' driver.
DEBUG - 2025-10-27 13:04:28 --> Session: Class initialized using 'CodeIgniter\Session\Handlers\DatabaseHandler' driver.
DEBUG - 2025-10-27 13:05:22 --> Session: Class initialized using 'CodeIgniter\Session\Handlers\DatabaseHandler' driver.
DEBUG - 2025-10-27 13:05:22 --> User created with ID: 47
DEBUG - 2025-10-27 13:05:22 --> Assigning clients: ["19"]
DEBUG - 2025-10-27 13:05:22 --> Successfully assigned client 19
DEBUG - 2025-10-27 13:05:22 --> Session: Class initialized using 'CodeIgniter\Session\Handlers\DatabaseHandler' driver.
DEBUG - 2025-10-27 13:05:32 --> Session: Class initialized using 'CodeIgniter\Session\Handlers\DatabaseHandler' driver.
DEBUG - 2025-10-27 13:05:35 --> Session: Class initialized using 'CodeIgniter\Session\Handlers\DatabaseHandler' driver.
DEBUG - 2025-10-27 13:05:35 --> Session: Class initialized using 'CodeIgniter\Session\Handlers\DatabaseHandler' driver.
DEBUG - 2025-10-27 13:05:44 --> Session: Class initialized using 'CodeIgniter\Session\Handlers\DatabaseHandler' driver.
DEBUG - 2025-10-27 13:05:44 --> Session: Class initialized using 'CodeIgniter\Session\Handlers\DatabaseHandler' driver.
DEBUG - 2025-10-27 13:05:44 --> Session: Class initialized using 'CodeIgniter\Session\Handlers\DatabaseHandler' driver.
DEBUG - 2025-10-27 13:05:50 --> Session: Class initialized using 'CodeIgniter\Session\Handlers\DatabaseHandler' driver.
DEBUG - 2025-10-27 13:07:22 --> Session: Class initialized using 'CodeIgniter\Session\Handlers\DatabaseHandler' driver.
DEBUG - 2025-10-27 13:07:22 --> Session: Class initialized using 'CodeIgniter\Session\Handlers\DatabaseHandler' driver.
DEBUG - 2025-10-27 13:07:22 --> Session: Class initialized using 'CodeIgniter\Session\Handlers\DatabaseHandler' driver.
DEBUG - 2025-10-27 13:07:26 --> Session: Class initialized using 'CodeIgniter\Session\Handlers\DatabaseHandler' driver.
DEBUG - 2025-10-27 13:07:27 --> Session: Class initialized using 'CodeIgniter\Session\Handlers\DatabaseHandler' driver.
DEBUG - 2025-10-27 13:07:28 --> Session: Class initialized using 'CodeIgniter\Session\Handlers\DatabaseHandler' driver.
DEBUG - 2025-10-27 13:08:49 --> Session: Class initialized using 'CodeIgniter\Session\Handlers\DatabaseHandler' driver.
DEBUG - 2025-10-27 13:15:38 --> Session: Class initialized using 'CodeIgniter\Session\Handlers\DatabaseHandler' driver.
DEBUG - 2025-10-27 13:22:55 --> Session: Class initialized using 'CodeIgniter\Session\Handlers\DatabaseHandler' driver.
DEBUG - 2025-10-27 13:23:10 --> Session: Class initialized using 'CodeIgniter\Session\Handlers\DatabaseHandler' driver.
DEBUG - 2025-10-27 13:23:17 --> Session: Class initialized using 'CodeIgniter\Session\Handlers\DatabaseHandler' driver.
DEBUG - 2025-10-27 13:23:19 --> Session: Class initialized using 'CodeIgniter\Session\Handlers\DatabaseHandler' driver.
DEBUG - 2025-10-27 13:23:20 --> Session: Class initialized using 'CodeIgniter\Session\Handlers\DatabaseHandler' driver.
DEBUG - 2025-10-27 13:23:53 --> Session: Class initialized using 'CodeIgniter\Session\Handlers\DatabaseHandler' driver.
DEBUG - 2025-10-27 13:23:53 --> Session: Class initialized using 'CodeIgniter\Session\Handlers\DatabaseHandler' driver.
DEBUG - 2025-10-27 13:24:44 --> Session: Class initialized using 'CodeIgniter\Session\Handlers\DatabaseHandler' driver.
DEBUG - 2025-10-27 13:24:46 --> Session: Class initialized using 'CodeIgniter\Session\Handlers\DatabaseHandler' driver.
DEBUG - 2025-10-27 13:24:47 --> Session: Class initialized using 'CodeIgniter\Session\Handlers\DatabaseHandler' driver.
DEBUG - 2025-10-27 13:24:49 --> Session: Class initialized using 'CodeIgniter\Session\Handlers\DatabaseHandler' driver.
DEBUG - 2025-10-27 13:24:49 --> Session: Class initialized using 'CodeIgniter\Session\Handlers\DatabaseHandler' driver.
DEBUG - 2025-10-27 13:24:57 --> Session: Class initialized using 'CodeIgniter\Session\Handlers\DatabaseHandler' driver.
DEBUG - 2025-10-27 13:24:57 --> Session: Class initialized using 'CodeIgniter\Session\Handlers\DatabaseHandler' driver.
DEBUG - 2025-10-27 13:24:59 --> Session: Class initialized using 'CodeIgniter\Session\Handlers\DatabaseHandler' driver.
DEBUG - 2025-10-27 13:25:40 --> Session: Class initialized using 'CodeIgniter\Session\Handlers\DatabaseHandler' driver.
DEBUG - 2025-10-27 13:25:41 --> Session: Class initialized using 'CodeIgniter\Session\Handlers\DatabaseHandler' driver.
DEBUG - 2025-10-27 13:25:48 --> Session: Class initialized using 'CodeIgniter\Session\Handlers\DatabaseHandler' driver.
DEBUG - 2025-10-27 13:25:48 --> Session: Class initialized using 'CodeIgniter\Session\Handlers\DatabaseHandler' driver.
DEBUG - 2025-10-27 13:25:48 --> Session: Class initialized using 'CodeIgniter\Session\Handlers\DatabaseHandler' driver.
DEBUG - 2025-10-27 13:25:54 --> Session: Class initialized using 'CodeIgniter\Session\Handlers\DatabaseHandler' driver.
DEBUG - 2025-10-27 13:25:58 --> Session: Class initialized using 'CodeIgniter\Session\Handlers\DatabaseHandler' driver.
DEBUG - 2025-10-27 13:26:03 --> Session: Class initialized using 'CodeIgniter\Session\Handlers\DatabaseHandler' driver.
DEBUG - 2025-10-27 13:26:06 --> Session: Class initialized using 'CodeIgniter\Session\Handlers\DatabaseHandler' driver.
DEBUG - 2025-10-27 13:26:28 --> Session: Class initialized using 'CodeIgniter\Session\Handlers\DatabaseHandler' driver.
DEBUG - 2025-10-27 13:26:51 --> Session: Class initialized using 'CodeIgniter\Session\Handlers\DatabaseHandler' driver.
DEBUG - 2025-10-27 13:26:56 --> Session: Class initialized using 'CodeIgniter\Session\Handlers\DatabaseHandler' driver.
DEBUG - 2025-10-27 13:27:03 --> Session: Class initialized using 'CodeIgniter\Session\Handlers\DatabaseHandler' driver.
DEBUG - 2025-10-27 13:27:06 --> Session: Class initialized using 'CodeIgniter\Session\Handlers\DatabaseHandler' driver.
DEBUG - 2025-10-27 13:27:12 --> Session: Class initialized using 'CodeIgniter\Session\Handlers\DatabaseHandler' driver.
DEBUG - 2025-10-27 13:27:20 --> Session: Class initialized using 'CodeIgniter\Session\Handlers\DatabaseHandler' driver.
DEBUG - 2025-10-27 13:27:23 --> Session: Class initialized using 'CodeIgniter\Session\Handlers\DatabaseHandler' driver.
DEBUG - 2025-10-27 13:27:25 --> Session: Class initialized using 'CodeIgniter\Session\Handlers\DatabaseHandler' driver.
DEBUG - 2025-10-27 13:27:33 --> Session: Class initialized using 'CodeIgniter\Session\Handlers\DatabaseHandler' driver.
DEBUG - 2025-10-27 13:27:33 --> Session: Class initialized using 'CodeIgniter\Session\Handlers\DatabaseHandler' driver.
DEBUG - 2025-10-27 13:27:35 --> Session: Class initialized using 'CodeIgniter\Session\Handlers\DatabaseHandler' driver.
DEBUG - 2025-10-27 13:27:42 --> Session: Class initialized using 'CodeIgniter\Session\Handlers\DatabaseHandler' driver.
DEBUG - 2025-10-27 13:27:46 --> Session: Class initialized using 'CodeIgniter\Session\Handlers\DatabaseHandler' driver.
DEBUG - 2025-10-27 13:27:59 --> Session: Class initialized using 'CodeIgniter\Session\Handlers\DatabaseHandler' driver.
DEBUG - 2025-10-27 13:28:01 --> Session: Class initialized using 'CodeIgniter\Session\Handlers\DatabaseHandler' driver.
DEBUG - 2025-10-27 13:28:06 --> Session: Class initialized using 'CodeIgniter\Session\Handlers\DatabaseHandler' driver.
DEBUG - 2025-10-27 13:28:08 --> Session: Class initialized using 'CodeIgniter\Session\Handlers\DatabaseHandler' driver.
DEBUG - 2025-10-27 13:28:11 --> Session: Class initialized using 'CodeIgniter\Session\Handlers\DatabaseHandler' driver.
DEBUG - 2025-10-27 13:29:21 --> Session: Class initialized using 'CodeIgniter\Session\Handlers\DatabaseHandler' driver.
DEBUG - 2025-10-27 13:29:22 --> Session: Class initialized using 'CodeIgniter\Session\Handlers\DatabaseHandler' driver.
DEBUG - 2025-10-27 13:29:25 --> Session: Class initialized using 'CodeIgniter\Session\Handlers\DatabaseHandler' driver.
DEBUG - 2025-10-27 13:29:29 --> Session: Class initialized using 'CodeIgniter\Session\Handlers\DatabaseHandler' driver.
DEBUG - 2025-10-27 13:29:30 --> Session: Class initialized using 'CodeIgniter\Session\Handlers\DatabaseHandler' driver.
DEBUG - 2025-10-27 13:29:31 --> Session: Class initialized using 'CodeIgniter\Session\Handlers\DatabaseHandler' driver.
DEBUG - 2025-10-27 13:29:32 --> Session: Class initialized using 'CodeIgniter\Session\Handlers\DatabaseHandler' driver.
DEBUG - 2025-10-27 13:29:33 --> Session: Class initialized using 'CodeIgniter\Session\Handlers\DatabaseHandler' driver.
DEBUG - 2025-10-27 13:29:34 --> Session: Class initialized using 'CodeIgniter\Session\Handlers\DatabaseHandler' driver.
DEBUG - 2025-10-27 13:29:34 --> Session: Class initialized using 'CodeIgniter\Session\Handlers\DatabaseHandler' driver.
DEBUG - 2025-10-27 13:29:44 --> Session: Class initialized using 'CodeIgniter\Session\Handlers\DatabaseHandler' driver.
DEBUG - 2025-10-27 13:29:45 --> Session: Class initialized using 'CodeIgniter\Session\Handlers\DatabaseHandler' driver.
DEBUG - 2025-10-27 13:31:53 --> Session: Class initialized using 'CodeIgniter\Session\Handlers\DatabaseHandler' driver.
DEBUG - 2025-10-27 13:31:56 --> Session: Class initialized using 'CodeIgniter\Session\Handlers\DatabaseHandler' driver.
DEBUG - 2025-10-27 13:32:00 --> Session: Class initialized using 'CodeIgniter\Session\Handlers\DatabaseHandler' driver.
DEBUG - 2025-10-27 13:34:03 --> Session: Class initialized using 'CodeIgniter\Session\Handlers\DatabaseHandler' driver.
DEBUG - 2025-10-27 13:34:04 --> Session: Class initialized using 'CodeIgniter\Session\Handlers\DatabaseHandler' driver.
DEBUG - 2025-10-27 13:34:09 --> Session: Class initialized using 'CodeIgniter\Session\Handlers\DatabaseHandler' driver.
DEBUG - 2025-10-27 13:34:31 --> Session: Class initialized using 'CodeIgniter\Session\Handlers\DatabaseHandler' driver.
DEBUG - 2025-10-27 13:34:33 --> Session: Class initialized using 'CodeIgniter\Session\Handlers\DatabaseHandler' driver.
DEBUG - 2025-10-27 13:34:34 --> Session: Class initialized using 'CodeIgniter\Session\Handlers\DatabaseHandler' driver.
DEBUG - 2025-10-27 13:34:36 --> Session: Class initialized using 'CodeIgniter\Session\Handlers\DatabaseHandler' driver.
DEBUG - 2025-10-27 13:34:44 --> Session: Class initialized using 'CodeIgniter\Session\Handlers\DatabaseHandler' driver.
DEBUG - 2025-10-27 13:42:19 --> Session: Class initialized using 'CodeIgniter\Session\Handlers\DatabaseHandler' driver.
DEBUG - 2025-10-27 13:42:21 --> Session: Class initialized using 'CodeIgniter\Session\Handlers\DatabaseHandler' driver.
DEBUG - 2025-10-27 13:44:57 --> Session: Class initialized using 'CodeIgniter\Session\Handlers\DatabaseHandler' driver.
DEBUG - 2025-10-27 13:45:00 --> Session: Class initialized using 'CodeIgniter\Session\Handlers\DatabaseHandler' driver.
DEBUG - 2025-10-27 13:45:28 --> Session: Class initialized using 'CodeIgniter\Session\Handlers\DatabaseHandler' driver.
DEBUG - 2025-10-27 13:45:54 --> Session: Class initialized using 'CodeIgniter\Session\Handlers\DatabaseHandler' driver.
DEBUG - 2025-10-27 13:45:58 --> Session: Class initialized using 'CodeIgniter\Session\Handlers\DatabaseHandler' driver.
DEBUG - 2025-10-27 13:46:08 --> Session: Class initialized using 'CodeIgniter\Session\Handlers\DatabaseHandler' driver.
DEBUG - 2025-10-27 13:46:13 --> Session: Class initialized using 'CodeIgniter\Session\Handlers\DatabaseHandler' driver.
DEBUG - 2025-10-27 13:46:18 --> Session: Class initialized using 'CodeIgniter\Session\Handlers\DatabaseHandler' driver.
DEBUG - 2025-10-27 13:46:22 --> Session: Class initialized using 'CodeIgniter\Session\Handlers\DatabaseHandler' driver.
DEBUG - 2025-10-27 13:47:52 --> Session: Class initialized using 'CodeIgniter\Session\Handlers\DatabaseHandler' driver.
DEBUG - 2025-10-27 13:48:01 --> Session: Class initialized using 'CodeIgniter\Session\Handlers\DatabaseHandler' driver.
DEBUG - 2025-10-27 13:48:05 --> Session: Class initialized using 'CodeIgniter\Session\Handlers\DatabaseHandler' driver.
DEBUG - 2025-10-27 13:48:55 --> Session: Class initialized using 'CodeIgniter\Session\Handlers\DatabaseHandler' driver.
DEBUG - 2025-10-27 13:48:57 --> Session: Class initialized using 'CodeIgniter\Session\Handlers\DatabaseHandler' driver.
DEBUG - 2025-10-27 13:48:58 --> Session: Class initialized using 'CodeIgniter\Session\Handlers\DatabaseHandler' driver.
DEBUG - 2025-10-27 13:49:04 --> Session: Class initialized using 'CodeIgniter\Session\Handlers\DatabaseHandler' driver.
DEBUG - 2025-10-27 13:49:10 --> Session: Class initialized using 'CodeIgniter\Session\Handlers\DatabaseHandler' driver.
DEBUG - 2025-10-27 13:49:13 --> Session: Class initialized using 'CodeIgniter\Session\Handlers\DatabaseHandler' driver.
DEBUG - 2025-10-27 13:49:17 --> Session: Class initialized using 'CodeIgniter\Session\Handlers\DatabaseHandler' driver.
DEBUG - 2025-10-27 13:49:19 --> Session: Class initialized using 'CodeIgniter\Session\Handlers\DatabaseHandler' driver.
DEBUG - 2025-10-27 13:49:21 --> Session: Class initialized using 'CodeIgniter\Session\Handlers\DatabaseHandler' driver.
DEBUG - 2025-10-27 13:49:26 --> Session: Class initialized using 'CodeIgniter\Session\Handlers\DatabaseHandler' driver.
DEBUG - 2025-10-27 13:49:42 --> Session: Class initialized using 'CodeIgniter\Session\Handlers\DatabaseHandler' driver.
DEBUG - 2025-10-27 13:49:43 --> Session: Class initialized using 'CodeIgniter\Session\Handlers\DatabaseHandler' driver.
DEBUG - 2025-10-27 13:49:45 --> Session: Class initialized using 'CodeIgniter\Session\Handlers\DatabaseHandler' driver.
DEBUG - 2025-10-27 13:49:49 --> Session: Class initialized using 'CodeIgniter\Session\Handlers\DatabaseHandler' driver.
DEBUG - 2025-10-27 13:49:55 --> Session: Class initialized using 'CodeIgniter\Session\Handlers\DatabaseHandler' driver.
DEBUG - 2025-10-27 13:49:59 --> Session: Class initialized using 'CodeIgniter\Session\Handlers\DatabaseHandler' driver.
DEBUG - 2025-10-27 13:50:00 --> Session: Class initialized using 'CodeIgniter\Session\Handlers\DatabaseHandler' driver.
DEBUG - 2025-10-27 13:50:04 --> Session: Class initialized using 'CodeIgniter\Session\Handlers\DatabaseHandler' driver.
DEBUG - 2025-10-27 13:50:05 --> Session: Class initialized using 'CodeIgniter\Session\Handlers\DatabaseHandler' driver.
DEBUG - 2025-10-27 13:50:09 --> Session: Class initialized using 'CodeIgniter\Session\Handlers\DatabaseHandler' driver.
DEBUG - 2025-10-27 13:50:10 --> Session: Class initialized using 'CodeIgniter\Session\Handlers\DatabaseHandler' driver.
CRITICAL - 2025-10-27 13:50:10 --> CodeIgniter\View\Exceptions\ViewException: Invalid file: "maintenance/create.php"
[Method: GET, Route: maintenance/create]
in SYSTEMPATH\Exceptions\FrameworkException.php on line 39.
 1 SYSTEMPATH\View\View.php(212): CodeIgniter\Exceptions\FrameworkException::forInvalidFile('maintenance/create.php')
 2 SYSTEMPATH\Common.php(1173): CodeIgniter\View\View->render('maintenance/create', [], true)
 3 APPPATH\Controllers\Maintenance.php(52): view('maintenance/create', [...])
 4 SYSTEMPATH\CodeIgniter.php(933): App\Controllers\Maintenance->create()
 5 SYSTEMPATH\CodeIgniter.php(507): CodeIgniter\CodeIgniter->runController(Object(App\Controllers\Maintenance))
 6 SYSTEMPATH\CodeIgniter.php(354): CodeIgniter\CodeIgniter->handleRequest(null, Object(Config\Cache), false)
 7 SYSTEMPATH\Boot.php(334): CodeIgniter\CodeIgniter->run()
 8 SYSTEMPATH\Boot.php(67): CodeIgniter\Boot::runCodeIgniter(Object(CodeIgniter\CodeIgniter))
 9 FCPATH\index.php(46): CodeIgniter\Boot::bootWeb(Object(Config\Paths))
DEBUG - 2025-10-27 13:50:32 --> Session: Class initialized using 'CodeIgniter\Session\Handlers\DatabaseHandler' driver.
DEBUG - 2025-10-27 13:52:34 --> Session: Class initialized using 'CodeIgniter\Session\Handlers\DatabaseHandler' driver.
DEBUG - 2025-10-27 13:52:51 --> Session: Class initialized using 'CodeIgniter\Session\Handlers\DatabaseHandler' driver.
DEBUG - 2025-10-27 13:52:55 --> Session: Class initialized using 'CodeIgniter\Session\Handlers\DatabaseHandler' driver.
DEBUG - 2025-10-27 13:53:48 --> Session: Class initialized using 'CodeIgniter\Session\Handlers\DatabaseHandler' driver.
DEBUG - 2025-10-27 13:53:48 --> Session: Class initialized using 'CodeIgniter\Session\Handlers\DatabaseHandler' driver.
DEBUG - 2025-10-27 13:53:54 --> Session: Class initialized using 'CodeIgniter\Session\Handlers\DatabaseHandler' driver.
DEBUG - 2025-10-27 13:54:19 --> Session: Class initialized using 'CodeIgniter\Session\Handlers\DatabaseHandler' driver.
DEBUG - 2025-10-27 13:54:19 --> Session: Class initialized using 'CodeIgniter\Session\Handlers\DatabaseHandler' driver.
DEBUG - 2025-10-27 13:54:43 --> Session: Class initialized using 'CodeIgniter\Session\Handlers\DatabaseHandler' driver.
DEBUG - 2025-10-27 13:54:45 --> Session: Class initialized using 'CodeIgniter\Session\Handlers\DatabaseHandler' driver.
DEBUG - 2025-10-27 13:54:48 --> Session: Class initialized using 'CodeIgniter\Session\Handlers\DatabaseHandler' driver.
DEBUG - 2025-10-27 13:54:50 --> Session: Class initialized using 'CodeIgniter\Session\Handlers\DatabaseHandler' driver.
DEBUG - 2025-10-27 13:54:51 --> Session: Class initialized using 'CodeIgniter\Session\Handlers\DatabaseHandler' driver.
DEBUG - 2025-10-27 13:57:34 --> Session: Class initialized using 'CodeIgniter\Session\Handlers\DatabaseHandler' driver.
DEBUG - 2025-10-27 13:57:35 --> Session: Class initialized using 'CodeIgniter\Session\Handlers\DatabaseHandler' driver.
DEBUG - 2025-10-27 13:57:39 --> Session: Class initialized using 'CodeIgniter\Session\Handlers\DatabaseHandler' driver.
DEBUG - 2025-10-27 13:57:40 --> Session: Class initialized using 'CodeIgniter\Session\Handlers\DatabaseHandler' driver.
DEBUG - 2025-10-27 13:57:43 --> Session: Class initialized using 'CodeIgniter\Session\Handlers\DatabaseHandler' driver.
DEBUG - 2025-10-27 13:57:43 --> Session: Class initialized using 'CodeIgniter\Session\Handlers\DatabaseHandler' driver.
DEBUG - 2025-10-27 13:58:11 --> Session: Class initialized using 'CodeIgniter\Session\Handlers\DatabaseHandler' driver.
DEBUG - 2025-10-27 13:58:27 --> Session: Class initialized using 'CodeIgniter\Session\Handlers\DatabaseHandler' driver.
DEBUG - 2025-10-27 13:58:29 --> Session: Class initialized using 'CodeIgniter\Session\Handlers\DatabaseHandler' driver.
DEBUG - 2025-10-27 13:58:30 --> Session: Class initialized using 'CodeIgniter\Session\Handlers\DatabaseHandler' driver.
DEBUG - 2025-10-27 13:58:43 --> Session: Class initialized using 'CodeIgniter\Session\Handlers\DatabaseHandler' driver.
DEBUG - 2025-10-27 13:58:45 --> Session: Class initialized using 'CodeIgniter\Session\Handlers\DatabaseHandler' driver.
DEBUG - 2025-10-27 13:59:11 --> Session: Class initialized using 'CodeIgniter\Session\Handlers\DatabaseHandler' driver.
DEBUG - 2025-10-27 13:59:12 --> Session: Class initialized using 'CodeIgniter\Session\Handlers\DatabaseHandler' driver.
DEBUG - 2025-10-27 14:02:37 --> Session: Class initialized using 'CodeIgniter\Session\Handlers\DatabaseHandler' driver.
DEBUG - 2025-10-27 14:02:55 --> Session: Class initialized using 'CodeIgniter\Session\Handlers\DatabaseHandler' driver.
DEBUG - 2025-10-27 14:03:01 --> Session: Class initialized using 'CodeIgniter\Session\Handlers\DatabaseHandler' driver.
DEBUG - 2025-10-27 14:03:09 --> Session: Class initialized using 'CodeIgniter\Session\Handlers\DatabaseHandler' driver.
DEBUG - 2025-10-27 14:03:38 --> Session: Class initialized using 'CodeIgniter\Session\Handlers\DatabaseHandler' driver.
DEBUG - 2025-10-27 14:03:39 --> Session: Class initialized using 'CodeIgniter\Session\Handlers\DatabaseHandler' driver.
DEBUG - 2025-10-27 14:03:44 --> Session: Class initialized using 'CodeIgniter\Session\Handlers\DatabaseHandler' driver.
DEBUG - 2025-10-27 14:03:59 --> Session: Class initialized using 'CodeIgniter\Session\Handlers\DatabaseHandler' driver.
DEBUG - 2025-10-27 14:03:59 --> Session: Class initialized using 'CodeIgniter\Session\Handlers\DatabaseHandler' driver.
DEBUG - 2025-10-27 14:04:01 --> Session: Class initialized using 'CodeIgniter\Session\Handlers\DatabaseHandler' driver.
DEBUG - 2025-10-27 14:04:04 --> Session: Class initialized using 'CodeIgniter\Session\Handlers\DatabaseHandler' driver.
DEBUG - 2025-10-27 14:04:07 --> Session: Class initialized using 'CodeIgniter\Session\Handlers\DatabaseHandler' driver.
DEBUG - 2025-10-27 14:04:07 --> Session: Class initialized using 'CodeIgniter\Session\Handlers\DatabaseHandler' driver.
DEBUG - 2025-10-27 14:04:12 --> Session: Class initialized using 'CodeIgniter\Session\Handlers\DatabaseHandler' driver.
DEBUG - 2025-10-27 14:04:19 --> Session: Class initialized using 'CodeIgniter\Session\Handlers\DatabaseHandler' driver.
DEBUG - 2025-10-27 14:04:19 --> Session: Class initialized using 'CodeIgniter\Session\Handlers\DatabaseHandler' driver.
DEBUG - 2025-10-27 14:04:20 --> Session: Class initialized using 'CodeIgniter\Session\Handlers\DatabaseHandler' driver.
DEBUG - 2025-10-27 14:04:28 --> Session: Class initialized using 'CodeIgniter\Session\Handlers\DatabaseHandler' driver.
DEBUG - 2025-10-27 14:04:29 --> Session: Class initialized using 'CodeIgniter\Session\Handlers\DatabaseHandler' driver.
DEBUG - 2025-10-27 14:04:31 --> Session: Class initialized using 'CodeIgniter\Session\Handlers\DatabaseHandler' driver.
DEBUG - 2025-10-27 14:04:39 --> Session: Class initialized using 'CodeIgniter\Session\Handlers\DatabaseHandler' driver.
DEBUG - 2025-10-27 14:04:39 --> Session: Class initialized using 'CodeIgniter\Session\Handlers\DatabaseHandler' driver.
DEBUG - 2025-10-27 14:04:41 --> Session: Class initialized using 'CodeIgniter\Session\Handlers\DatabaseHandler' driver.
DEBUG - 2025-10-27 14:04:49 --> Session: Class initialized using 'CodeIgniter\Session\Handlers\DatabaseHandler' driver.
DEBUG - 2025-10-27 14:04:49 --> Session: Class initialized using 'CodeIgniter\Session\Handlers\DatabaseHandler' driver.
DEBUG - 2025-10-27 14:04:49 --> Session: Class initialized using 'CodeIgniter\Session\Handlers\DatabaseHandler' driver.
DEBUG - 2025-10-27 14:04:59 --> Session: Class initialized using 'CodeIgniter\Session\Handlers\DatabaseHandler' driver.
DEBUG - 2025-10-27 14:04:59 --> Session: Class initialized using 'CodeIgniter\Session\Handlers\DatabaseHandler' driver.
DEBUG - 2025-10-27 14:04:59 --> Session: Class initialized using 'CodeIgniter\Session\Handlers\DatabaseHandler' driver.
DEBUG - 2025-10-27 14:05:00 --> Session: Class initialized using 'CodeIgniter\Session\Handlers\DatabaseHandler' driver.
DEBUG - 2025-10-27 14:05:00 --> Session: Class initialized using 'CodeIgniter\Session\Handlers\DatabaseHandler' driver.
DEBUG - 2025-10-27 14:05:00 --> Session: Class initialized using 'CodeIgniter\Session\Handlers\DatabaseHandler' driver.
DEBUG - 2025-10-27 14:05:05 --> Session: Class initialized using 'CodeIgniter\Session\Handlers\DatabaseHandler' driver.
DEBUG - 2025-10-27 14:05:07 --> Session: Class initialized using 'CodeIgniter\Session\Handlers\DatabaseHandler' driver.
DEBUG - 2025-10-27 14:05:10 --> Session: Class initialized using 'CodeIgniter\Session\Handlers\DatabaseHandler' driver.
DEBUG - 2025-10-27 14:05:12 --> Session: Class initialized using 'CodeIgniter\Session\Handlers\DatabaseHandler' driver.
DEBUG - 2025-10-27 14:05:13 --> Session: Class initialized using 'CodeIgniter\Session\Handlers\DatabaseHandler' driver.
DEBUG - 2025-10-27 14:05:15 --> Session: Class initialized using 'CodeIgniter\Session\Handlers\DatabaseHandler' driver.
DEBUG - 2025-10-27 14:05:18 --> Session: Class initialized using 'CodeIgniter\Session\Handlers\DatabaseHandler' driver.
DEBUG - 2025-10-27 14:05:20 --> Session: Class initialized using 'CodeIgniter\Session\Handlers\DatabaseHandler' driver.
DEBUG - 2025-10-27 14:05:34 --> Session: Class initialized using 'CodeIgniter\Session\Handlers\DatabaseHandler' driver.
DEBUG - 2025-10-27 14:05:34 --> Session: Class initialized using 'CodeIgniter\Session\Handlers\DatabaseHandler' driver.
DEBUG - 2025-10-27 14:05:34 --> Session: Class initialized using 'CodeIgniter\Session\Handlers\DatabaseHandler' driver.
DEBUG - 2025-10-27 14:06:43 --> Session: Class initialized using 'CodeIgniter\Session\Handlers\DatabaseHandler' driver.
DEBUG - 2025-10-27 14:06:50 --> Session: Class initialized using 'CodeIgniter\Session\Handlers\DatabaseHandler' driver.
DEBUG - 2025-10-27 14:06:55 --> Session: Class initialized using 'CodeIgniter\Session\Handlers\DatabaseHandler' driver.
DEBUG - 2025-10-27 14:07:01 --> Session: Class initialized using 'CodeIgniter\Session\Handlers\DatabaseHandler' driver.
DEBUG - 2025-10-27 14:07:19 --> Session: Class initialized using 'CodeIgniter\Session\Handlers\DatabaseHandler' driver.
DEBUG - 2025-10-27 14:07:22 --> Session: Class initialized using 'CodeIgniter\Session\Handlers\DatabaseHandler' driver.
DEBUG - 2025-10-27 14:07:25 --> Session: Class initialized using 'CodeIgniter\Session\Handlers\DatabaseHandler' driver.
DEBUG - 2025-10-27 14:07:26 --> Session: Class initialized using 'CodeIgniter\Session\Handlers\DatabaseHandler' driver.
DEBUG - 2025-10-27 14:07:28 --> Session: Class initialized using 'CodeIgniter\Session\Handlers\DatabaseHandler' driver.
DEBUG - 2025-10-27 14:07:29 --> Session: Class initialized using 'CodeIgniter\Session\Handlers\DatabaseHandler' driver.
DEBUG - 2025-10-27 14:07:33 --> Session: Class initialized using 'CodeIgniter\Session\Handlers\DatabaseHandler' driver.
DEBUG - 2025-10-27 14:07:34 --> Session: Class initialized using 'CodeIgniter\Session\Handlers\DatabaseHandler' driver.
DEBUG - 2025-10-27 14:08:38 --> Session: Class initialized using 'CodeIgniter\Session\Handlers\DatabaseHandler' driver.
DEBUG - 2025-10-27 14:08:52 --> Session: Class initialized using 'CodeIgniter\Session\Handlers\DatabaseHandler' driver.
DEBUG - 2025-10-27 14:08:53 --> Session: Class initialized using 'CodeIgniter\Session\Handlers\DatabaseHandler' driver.
DEBUG - 2025-10-27 14:08:54 --> Session: Class initialized using 'CodeIgniter\Session\Handlers\DatabaseHandler' driver.
DEBUG - 2025-10-27 14:09:05 --> Session: Class initialized using 'CodeIgniter\Session\Handlers\DatabaseHandler' driver.
DEBUG - 2025-10-27 14:09:19 --> Session: Class initialized using 'CodeIgniter\Session\Handlers\DatabaseHandler' driver.
DEBUG - 2025-10-27 14:09:26 --> Session: Class initialized using 'CodeIgniter\Session\Handlers\DatabaseHandler' driver.
DEBUG - 2025-10-27 14:09:31 --> Session: Class initialized using 'CodeIgniter\Session\Handlers\DatabaseHandler' driver.
DEBUG - 2025-10-27 14:09:34 --> Session: Class initialized using 'CodeIgniter\Session\Handlers\DatabaseHandler' driver.
DEBUG - 2025-10-27 14:09:42 --> Session: Class initialized using 'CodeIgniter\Session\Handlers\DatabaseHandler' driver.
DEBUG - 2025-10-27 14:09:52 --> Session: Class initialized using 'CodeIgniter\Session\Handlers\DatabaseHandler' driver.
DEBUG - 2025-10-27 14:09:58 --> Session: Class initialized using 'CodeIgniter\Session\Handlers\DatabaseHandler' driver.
DEBUG - 2025-10-27 14:10:02 --> Session: Class initialized using 'CodeIgniter\Session\Handlers\DatabaseHandler' driver.
DEBUG - 2025-10-27 14:10:03 --> Session: Class initialized using 'CodeIgniter\Session\Handlers\DatabaseHandler' driver.
DEBUG - 2025-10-27 14:10:06 --> Session: Class initialized using 'CodeIgniter\Session\Handlers\DatabaseHandler' driver.
DEBUG - 2025-10-27 14:10:09 --> Session: Class initialized using 'CodeIgniter\Session\Handlers\DatabaseHandler' driver.
DEBUG - 2025-10-27 14:10:10 --> Session: Class initialized using 'CodeIgniter\Session\Handlers\DatabaseHandler' driver.
DEBUG - 2025-10-27 14:10:18 --> Session: Class initialized using 'CodeIgniter\Session\Handlers\DatabaseHandler' driver.
DEBUG - 2025-10-27 14:12:51 --> Session: Class initialized using 'CodeIgniter\Session\Handlers\DatabaseHandler' driver.
DEBUG - 2025-10-27 14:13:33 --> Session: Class initialized using 'CodeIgniter\Session\Handlers\DatabaseHandler' driver.
DEBUG - 2025-10-27 14:13:33 --> Session: Class initialized using 'CodeIgniter\Session\Handlers\DatabaseHandler' driver.
DEBUG - 2025-10-27 14:13:50 --> Session: Class initialized using 'CodeIgniter\Session\Handlers\DatabaseHandler' driver.
DEBUG - 2025-10-27 14:13:50 --> Session: Class initialized using 'CodeIgniter\Session\Handlers\DatabaseHandler' driver.
DEBUG - 2025-10-27 14:14:10 --> Session: Class initialized using 'CodeIgniter\Session\Handlers\DatabaseHandler' driver.
DEBUG - 2025-10-27 14:14:20 --> Session: Class initialized using 'CodeIgniter\Session\Handlers\DatabaseHandler' driver.
DEBUG - 2025-10-27 14:14:55 --> Session: Class initialized using 'CodeIgniter\Session\Handlers\DatabaseHandler' driver.
DEBUG - 2025-10-27 14:14:56 --> Session: Class initialized using 'CodeIgniter\Session\Handlers\DatabaseHandler' driver.
DEBUG - 2025-10-27 14:15:02 --> Session: Class initialized using 'CodeIgniter\Session\Handlers\DatabaseHandler' driver.
DEBUG - 2025-10-27 14:15:02 --> Session: Class initialized using 'CodeIgniter\Session\Handlers\DatabaseHandler' driver.
DEBUG - 2025-10-27 14:15:27 --> Session: Class initialized using 'CodeIgniter\Session\Handlers\DatabaseHandler' driver.
DEBUG - 2025-10-27 14:15:52 --> Session: Class initialized using 'CodeIgniter\Session\Handlers\DatabaseHandler' driver.
CRITICAL - 2025-10-27 14:15:52 --> CodeIgniter\View\Exceptions\ViewException: Invalid file: "profile/edit.php"
[Method: GET, Route: profile/edit]
in SYSTEMPATH\Exceptions\FrameworkException.php on line 39.
 1 SYSTEMPATH\View\View.php(212): CodeIgniter\Exceptions\FrameworkException::forInvalidFile('profile/edit.php')
 2 SYSTEMPATH\Common.php(1173): CodeIgniter\View\View->render('profile/edit', [], true)
 3 APPPATH\Controllers\Profile.php(79): view('profile/edit', [...])
 4 SYSTEMPATH\CodeIgniter.php(933): App\Controllers\Profile->edit()
 5 SYSTEMPATH\CodeIgniter.php(507): CodeIgniter\CodeIgniter->runController(Object(App\Controllers\Profile))
 6 SYSTEMPATH\CodeIgniter.php(354): CodeIgniter\CodeIgniter->handleRequest(null, Object(Config\Cache), false)
 7 SYSTEMPATH\Boot.php(334): CodeIgniter\CodeIgniter->run()
 8 SYSTEMPATH\Boot.php(67): CodeIgniter\Boot::runCodeIgniter(Object(CodeIgniter\CodeIgniter))
 9 FCPATH\index.php(46): CodeIgniter\Boot::bootWeb(Object(Config\Paths))
DEBUG - 2025-10-27 14:16:07 --> Session: Class initialized using 'CodeIgniter\Session\Handlers\DatabaseHandler' driver.
CRITICAL - 2025-10-27 14:16:07 --> CodeIgniter\View\Exceptions\ViewException: Invalid file: "profile/change_password.php"
[Method: GET, Route: profile/change-password]
in SYSTEMPATH\Exceptions\FrameworkException.php on line 39.
 1 SYSTEMPATH\View\View.php(212): CodeIgniter\Exceptions\FrameworkException::forInvalidFile('profile/change_password.php')
 2 SYSTEMPATH\Common.php(1173): CodeIgniter\View\View->render('profile/change_password', [], true)
 3 APPPATH\Controllers\Profile.php(163): view('profile/change_password', [...])
 4 SYSTEMPATH\CodeIgniter.php(933): App\Controllers\Profile->changePassword()
 5 SYSTEMPATH\CodeIgniter.php(507): CodeIgniter\CodeIgniter->runController(Object(App\Controllers\Profile))
 6 SYSTEMPATH\CodeIgniter.php(354): CodeIgniter\CodeIgniter->handleRequest(null, Object(Config\Cache), false)
 7 SYSTEMPATH\Boot.php(334): CodeIgniter\CodeIgniter->run()
 8 SYSTEMPATH\Boot.php(67): CodeIgniter\Boot::runCodeIgniter(Object(CodeIgniter\CodeIgniter))
 9 FCPATH\index.php(46): CodeIgniter\Boot::bootWeb(Object(Config\Paths))
DEBUG - 2025-10-27 14:17:28 --> Session: Class initialized using 'CodeIgniter\Session\Handlers\DatabaseHandler' driver.
DEBUG - 2025-10-27 14:17:32 --> Session: Class initialized using 'CodeIgniter\Session\Handlers\DatabaseHandler' driver.
CRITICAL - 2025-10-27 14:17:32 --> CodeIgniter\View\Exceptions\ViewException: Invalid file: "profile/edit.php"
[Method: GET, Route: profile/edit]
in SYSTEMPATH\Exceptions\FrameworkException.php on line 39.
 1 SYSTEMPATH\View\View.php(212): CodeIgniter\Exceptions\FrameworkException::forInvalidFile('profile/edit.php')
 2 SYSTEMPATH\Common.php(1173): CodeIgniter\View\View->render('profile/edit', [], true)
 3 APPPATH\Controllers\Profile.php(79): view('profile/edit', [...])
 4 SYSTEMPATH\CodeIgniter.php(933): App\Controllers\Profile->edit()
 5 SYSTEMPATH\CodeIgniter.php(507): CodeIgniter\CodeIgniter->runController(Object(App\Controllers\Profile))
 6 SYSTEMPATH\CodeIgniter.php(354): CodeIgniter\CodeIgniter->handleRequest(null, Object(Config\Cache), false)
 7 SYSTEMPATH\Boot.php(334): CodeIgniter\CodeIgniter->run()
 8 SYSTEMPATH\Boot.php(67): CodeIgniter\Boot::runCodeIgniter(Object(CodeIgniter\CodeIgniter))
 9 FCPATH\index.php(46): CodeIgniter\Boot::bootWeb(Object(Config\Paths))
DEBUG - 2025-10-27 14:17:40 --> Session: Class initialized using 'CodeIgniter\Session\Handlers\DatabaseHandler' driver.
DEBUG - 2025-10-27 14:17:51 --> Session: Class initialized using 'CodeIgniter\Session\Handlers\DatabaseHandler' driver.
DEBUG - 2025-10-27 14:17:51 --> Session: Class initialized using 'CodeIgniter\Session\Handlers\DatabaseHandler' driver.
DEBUG - 2025-10-27 14:18:14 --> Session: Class initialized using 'CodeIgniter\Session\Handlers\DatabaseHandler' driver.
DEBUG - 2025-10-27 14:21:20 --> Session: Class initialized using 'CodeIgniter\Session\Handlers\DatabaseHandler' driver.
DEBUG - 2025-10-27 14:21:22 --> Session: Class initialized using 'CodeIgniter\Session\Handlers\DatabaseHandler' driver.
DEBUG - 2025-10-27 14:21:25 --> Session: Class initialized using 'CodeIgniter\Session\Handlers\DatabaseHandler' driver.
DEBUG - 2025-10-27 14:21:32 --> Session: Class initialized using 'CodeIgniter\Session\Handlers\DatabaseHandler' driver.
DEBUG - 2025-10-27 14:21:39 --> Session: Class initialized using 'CodeIgniter\Session\Handlers\DatabaseHandler' driver.
DEBUG - 2025-10-27 14:21:39 --> Session: Class initialized using 'CodeIgniter\Session\Handlers\DatabaseHandler' driver.
DEBUG - 2025-10-27 14:21:58 --> Session: Class initialized using 'CodeIgniter\Session\Handlers\DatabaseHandler' driver.
DEBUG - 2025-10-27 14:22:18 --> Session: Class initialized using 'CodeIgniter\Session\Handlers\DatabaseHandler' driver.
DEBUG - 2025-10-27 14:22:18 --> Session: Class initialized using 'CodeIgniter\Session\Handlers\DatabaseHandler' driver.
DEBUG - 2025-10-27 14:22:22 --> Session: Class initialized using 'CodeIgniter\Session\Handlers\DatabaseHandler' driver.
DEBUG - 2025-10-27 14:22:22 --> Session: Class initialized using 'CodeIgniter\Session\Handlers\DatabaseHandler' driver.
DEBUG - 2025-10-27 14:22:36 --> Session: Class initialized using 'CodeIgniter\Session\Handlers\DatabaseHandler' driver.
DEBUG - 2025-10-27 14:22:36 --> Session: Class initialized using 'CodeIgniter\Session\Handlers\DatabaseHandler' driver.
DEBUG - 2025-10-27 14:22:47 --> Session: Class initialized using 'CodeIgniter\Session\Handlers\DatabaseHandler' driver.
DEBUG - 2025-10-27 14:24:35 --> Session: Class initialized using 'CodeIgniter\Session\Handlers\DatabaseHandler' driver.
DEBUG - 2025-10-27 14:25:12 --> Session: Class initialized using 'CodeIgniter\Session\Handlers\DatabaseHandler' driver.
DEBUG - 2025-10-27 14:25:16 --> Session: Class initialized using 'CodeIgniter\Session\Handlers\DatabaseHandler' driver.
DEBUG - 2025-10-27 14:25:22 --> Session: Class initialized using 'CodeIgniter\Session\Handlers\DatabaseHandler' driver.
DEBUG - 2025-10-27 14:26:18 --> Session: Class initialized using 'CodeIgniter\Session\Handlers\DatabaseHandler' driver.
DEBUG - 2025-10-27 14:26:22 --> Session: Class initialized using 'CodeIgniter\Session\Handlers\DatabaseHandler' driver.
CRITICAL - 2025-10-27 14:26:22 --> ErrorException: Cannot redeclare App\Controllers\Profile::update()
[Method: GET, Route: profile/edit]
in APPPATH\Controllers\Profile.php on line 169.
 1 [internal function]: CodeIgniter\Debug\Exceptions->shutdownHandler()
DEBUG - 2025-10-27 14:26:30 --> Session: Class initialized using 'CodeIgniter\Session\Handlers\DatabaseHandler' driver.
DEBUG - 2025-10-27 14:26:33 --> Session: Class initialized using 'CodeIgniter\Session\Handlers\DatabaseHandler' driver.
DEBUG - 2025-10-27 14:26:41 --> Session: Class initialized using 'CodeIgniter\Session\Handlers\DatabaseHandler' driver.
DEBUG - 2025-10-27 14:26:44 --> Session: Class initialized using 'CodeIgniter\Session\Handlers\DatabaseHandler' driver.
DEBUG - 2025-10-27 14:26:55 --> Session: Class initialized using 'CodeIgniter\Session\Handlers\DatabaseHandler' driver.
DEBUG - 2025-10-27 14:26:55 --> Session: Class initialized using 'CodeIgniter\Session\Handlers\DatabaseHandler' driver.
DEBUG - 2025-10-27 14:27:01 --> Session: Class initialized using 'CodeIgniter\Session\Handlers\DatabaseHandler' driver.
DEBUG - 2025-10-27 14:27:01 --> Session: Class initialized using 'CodeIgniter\Session\Handlers\DatabaseHandler' driver.
DEBUG - 2025-10-27 14:27:10 --> Session: Class initialized using 'CodeIgniter\Session\Handlers\DatabaseHandler' driver.
DEBUG - 2025-10-27 14:27:10 --> Session: Class initialized using 'CodeIgniter\Session\Handlers\DatabaseHandler' driver.
DEBUG - 2025-10-27 14:27:14 --> Session: Class initialized using 'CodeIgniter\Session\Handlers\DatabaseHandler' driver.
DEBUG - 2025-10-27 14:27:17 --> Session: Class initialized using 'CodeIgniter\Session\Handlers\DatabaseHandler' driver.
DEBUG - 2025-10-27 14:27:40 --> Session: Class initialized using 'CodeIgniter\Session\Handlers\DatabaseHandler' driver.
DEBUG - 2025-10-27 14:27:40 --> Session: Class initialized using 'CodeIgniter\Session\Handlers\DatabaseHandler' driver.
DEBUG - 2025-10-27 14:27:46 --> Session: Class initialized using 'CodeIgniter\Session\Handlers\DatabaseHandler' driver.
DEBUG - 2025-10-27 14:27:46 --> ROLE CHECK: Array
(
    [__ci_last_regenerate] => 1761555421
    [_ci_previous_url] => http://localhost/bhaviclients/index.php/profile
    [user_id] => 1
    [first_name] => bhavi pvt
    [last_name] => creations
    [email] =>  
    [role_id] => 1
    [role_name] => Admin
    [client_id] => 
    [employee_id] => 
    [isLoggedIn] => 1
)

DEBUG - 2025-10-27 14:27:47 --> Session: Class initialized using 'CodeIgniter\Session\Handlers\DatabaseHandler' driver.
DEBUG - 2025-10-27 14:29:06 --> Session: Class initialized using 'CodeIgniter\Session\Handlers\DatabaseHandler' driver.
DEBUG - 2025-10-27 14:29:08 --> Session: Class initialized using 'CodeIgniter\Session\Handlers\DatabaseHandler' driver.
DEBUG - 2025-10-27 14:29:12 --> Session: Class initialized using 'CodeIgniter\Session\Handlers\DatabaseHandler' driver.
DEBUG - 2025-10-27 14:30:00 --> Session: Class initialized using 'CodeIgniter\Session\Handlers\DatabaseHandler' driver.
DEBUG - 2025-10-27 14:30:00 --> Session: Class initialized using 'CodeIgniter\Session\Handlers\DatabaseHandler' driver.
DEBUG - 2025-10-27 14:30:04 --> Session: Class initialized using 'CodeIgniter\Session\Handlers\DatabaseHandler' driver.
DEBUG - 2025-10-27 14:30:06 --> Session: Class initialized using 'CodeIgniter\Session\Handlers\DatabaseHandler' driver.
DEBUG - 2025-10-27 14:31:08 --> Session: Class initialized using 'CodeIgniter\Session\Handlers\DatabaseHandler' driver.
DEBUG - 2025-10-27 14:31:38 --> Session: Class initialized using 'CodeIgniter\Session\Handlers\DatabaseHandler' driver.
DEBUG - 2025-10-27 14:32:29 --> Session: Class initialized using 'CodeIgniter\Session\Handlers\DatabaseHandler' driver.
DEBUG - 2025-10-27 14:32:30 --> Session: Class initialized using 'CodeIgniter\Session\Handlers\DatabaseHandler' driver.
CRITICAL - 2025-10-27 14:32:31 --> ErrorException: unlink(C:\xampp\htdocs\bhaviclients\writable\debugbar/debugbar_1761555460.530321.json): No such file or directory
[Method: GET, Route: /]
in SYSTEMPATH\Debug\Toolbar\Collectors\History.php on line 82.
 1 [internal function]: CodeIgniter\Debug\Exceptions->errorHandler(2, 'unlink(C:\\xampp\\htdocs\\bhaviclients\\writable\\debugbar/debugbar_1761555460.530321.json): No such file or directory', 'C:\\xampp\\htdocs\\bhaviclients\\system\\Debug\\Toolbar\\Collectors\\History.php', 82)
 2 SYSTEMPATH\Debug\Toolbar\Collectors\History.php(82): unlink('C:\\xampp\\htdocs\\bhaviclients\\writable\\debugbar/debugbar_1761555460.530321.json')
 3 SYSTEMPATH\Debug\Toolbar.php(517): CodeIgniter\Debug\Toolbar\Collectors\History->setFiles('1761555750.446758', 20)
 4 SYSTEMPATH\Debug\Toolbar.php(496): CodeIgniter\Debug\Toolbar->format([...], 'html')
 5 APPPATH\Config\Events.php(47): CodeIgniter\Debug\Toolbar->respond()
 6 SYSTEMPATH\Events\Events.php(155): CodeIgniter\Events\Events::Config\{closure}()
 7 SYSTEMPATH\CodeIgniter.php(339): CodeIgniter\Events\Events::trigger('pre_system')
 8 SYSTEMPATH\Boot.php(334): CodeIgniter\CodeIgniter->run()
 9 SYSTEMPATH\Boot.php(67): CodeIgniter\Boot::runCodeIgniter(Object(CodeIgniter\CodeIgniter))
10 FCPATH\index.php(46): CodeIgniter\Boot::bootWeb(Object(Config\Paths))
DEBUG - 2025-10-27 14:32:40 --> Session: Class initialized using 'CodeIgniter\Session\Handlers\DatabaseHandler' driver.
DEBUG - 2025-10-27 14:32:49 --> Session: Class initialized using 'CodeIgniter\Session\Handlers\DatabaseHandler' driver.
DEBUG - 2025-10-27 14:32:51 --> Session: Class initialized using 'CodeIgniter\Session\Handlers\DatabaseHandler' driver.
DEBUG - 2025-10-27 14:32:58 --> Session: Class initialized using 'CodeIgniter\Session\Handlers\DatabaseHandler' driver.
DEBUG - 2025-10-27 14:33:00 --> Session: Class initialized using 'CodeIgniter\Session\Handlers\DatabaseHandler' driver.
DEBUG - 2025-10-27 14:33:01 --> Session: Class initialized using 'CodeIgniter\Session\Handlers\DatabaseHandler' driver.
DEBUG - 2025-10-27 14:33:02 --> Session: Class initialized using 'CodeIgniter\Session\Handlers\DatabaseHandler' driver.
DEBUG - 2025-10-27 14:33:02 --> Session: Class initialized using 'CodeIgniter\Session\Handlers\DatabaseHandler' driver.
DEBUG - 2025-10-27 14:33:03 --> Session: Class initialized using 'CodeIgniter\Session\Handlers\DatabaseHandler' driver.
DEBUG - 2025-10-27 14:33:16 --> Session: Class initialized using 'CodeIgniter\Session\Handlers\DatabaseHandler' driver.
DEBUG - 2025-10-27 14:33:19 --> Session: Class initialized using 'CodeIgniter\Session\Handlers\DatabaseHandler' driver.
DEBUG - 2025-10-27 14:35:51 --> Session: Class initialized using 'CodeIgniter\Session\Handlers\DatabaseHandler' driver.
DEBUG - 2025-10-27 14:35:59 --> Session: Class initialized using 'CodeIgniter\Session\Handlers\DatabaseHandler' driver.
DEBUG - 2025-10-27 14:36:04 --> Session: Class initialized using 'CodeIgniter\Session\Handlers\DatabaseHandler' driver.
DEBUG - 2025-10-27 14:36:08 --> Session: Class initialized using 'CodeIgniter\Session\Handlers\DatabaseHandler' driver.
DEBUG - 2025-10-27 14:36:24 --> Session: Class initialized using 'CodeIgniter\Session\Handlers\DatabaseHandler' driver.
DEBUG - 2025-10-27 14:36:53 --> Session: Class initialized using 'CodeIgniter\Session\Handlers\DatabaseHandler' driver.
DEBUG - 2025-10-27 14:37:00 --> Session: Class initialized using 'CodeIgniter\Session\Handlers\DatabaseHandler' driver.
DEBUG - 2025-10-27 14:37:03 --> Session: Class initialized using 'CodeIgniter\Session\Handlers\DatabaseHandler' driver.
DEBUG - 2025-10-27 14:37:10 --> Session: Class initialized using 'CodeIgniter\Session\Handlers\DatabaseHandler' driver.
DEBUG - 2025-10-27 14:37:15 --> Session: Class initialized using 'CodeIgniter\Session\Handlers\DatabaseHandler' driver.
DEBUG - 2025-10-27 14:37:21 --> Session: Class initialized using 'CodeIgniter\Session\Handlers\DatabaseHandler' driver.
DEBUG - 2025-10-27 14:37:25 --> Session: Class initialized using 'CodeIgniter\Session\Handlers\DatabaseHandler' driver.
DEBUG - 2025-10-27 14:37:30 --> Session: Class initialized using 'CodeIgniter\Session\Handlers\DatabaseHandler' driver.
DEBUG - 2025-10-27 14:37:34 --> Session: Class initialized using 'CodeIgniter\Session\Handlers\DatabaseHandler' driver.
DEBUG - 2025-10-27 14:37:38 --> Session: Class initialized using 'CodeIgniter\Session\Handlers\DatabaseHandler' driver.
DEBUG - 2025-10-27 14:37:41 --> Session: Class initialized using 'CodeIgniter\Session\Handlers\DatabaseHandler' driver.
DEBUG - 2025-10-27 14:37:46 --> Session: Class initialized using 'CodeIgniter\Session\Handlers\DatabaseHandler' driver.
DEBUG - 2025-10-27 14:37:47 --> Session: Class initialized using 'CodeIgniter\Session\Handlers\DatabaseHandler' driver.
DEBUG - 2025-10-27 14:37:52 --> Session: Class initialized using 'CodeIgniter\Session\Handlers\DatabaseHandler' driver.
DEBUG - 2025-10-27 14:37:54 --> Session: Class initialized using 'CodeIgniter\Session\Handlers\DatabaseHandler' driver.
DEBUG - 2025-10-27 14:38:04 --> Session: Class initialized using 'CodeIgniter\Session\Handlers\DatabaseHandler' driver.
DEBUG - 2025-10-27 14:38:05 --> Session: Class initialized using 'CodeIgniter\Session\Handlers\DatabaseHandler' driver.
DEBUG - 2025-10-27 14:38:07 --> Session: Class initialized using 'CodeIgniter\Session\Handlers\DatabaseHandler' driver.
DEBUG - 2025-10-27 14:40:11 --> Session: Class initialized using 'CodeIgniter\Session\Handlers\DatabaseHandler' driver.
CRITICAL - 2025-10-27 14:40:11 --> ParseError: syntax error, unexpected token "class", expecting "function" or "const"
[Method: GET, Route: dashboard]
in APPPATH\Controllers\Dashboard.php on line 24.
 1 SYSTEMPATH\Autoloader\Autoloader.php(295): CodeIgniter\Autoloader\Autoloader->includeFile('C:\\xampp\\htdocs\\bhaviclients\\app\\Controllers\\Dashboard.php')
 2 SYSTEMPATH\Autoloader\Autoloader.php(271): CodeIgniter\Autoloader\Autoloader->loadInNamespace('App\\Controllers\\Dashboard')
 3 [internal function]: CodeIgniter\Autoloader\Autoloader->loadClass('App\\Controllers\\Dashboard')
 4 SYSTEMPATH\CodeIgniter.php(885): class_exists('\\App\\Controllers\\Dashboard', true)
 5 SYSTEMPATH\CodeIgniter.php(494): CodeIgniter\CodeIgniter->startController()
 6 SYSTEMPATH\CodeIgniter.php(354): CodeIgniter\CodeIgniter->handleRequest(null, Object(Config\Cache), false)
 7 SYSTEMPATH\Boot.php(334): CodeIgniter\CodeIgniter->run()
 8 SYSTEMPATH\Boot.php(67): CodeIgniter\Boot::runCodeIgniter(Object(CodeIgniter\CodeIgniter))
 9 FCPATH\index.php(46): CodeIgniter\Boot::bootWeb(Object(Config\Paths))
DEBUG - 2025-10-27 14:41:14 --> Session: Class initialized using 'CodeIgniter\Session\Handlers\DatabaseHandler' driver.
DEBUG - 2025-10-27 14:41:18 --> Session: Class initialized using 'CodeIgniter\Session\Handlers\DatabaseHandler' driver.
DEBUG - 2025-10-27 14:41:25 --> Session: Class initialized using 'CodeIgniter\Session\Handlers\DatabaseHandler' driver.
DEBUG - 2025-10-27 14:41:25 --> ROLE CHECK: Array
(
    [__ci_last_regenerate] => 1761556072
    [_ci_previous_url] => http://localhost/bhaviclients/index.php/task-management
    [user_id] => 1
    [first_name] => bhavi pvt
    [last_name] => creations
    [email] =>  
    [role_id] => 1
    [role_name] => Admin
    [client_id] => 
    [employee_id] => 
    [isLoggedIn] => 1
)

DEBUG - 2025-10-27 14:42:01 --> Session: Class initialized using 'CodeIgniter\Session\Handlers\DatabaseHandler' driver.
DEBUG - 2025-10-27 14:42:05 --> Session: Class initialized using 'CodeIgniter\Session\Handlers\DatabaseHandler' driver.
DEBUG - 2025-10-27 14:42:05 --> Session: Class initialized using 'CodeIgniter\Session\Handlers\DatabaseHandler' driver.
DEBUG - 2025-10-27 14:42:05 --> Session: Class initialized using 'CodeIgniter\Session\Handlers\DatabaseHandler' driver.
DEBUG - 2025-10-27 14:42:05 --> Session: Class initialized using 'CodeIgniter\Session\Handlers\DatabaseHandler' driver.
DEBUG - 2025-10-27 14:42:05 --> Session: Class initialized using 'CodeIgniter\Session\Handlers\DatabaseHandler' driver.
DEBUG - 2025-10-27 14:42:05 --> Session: Class initialized using 'CodeIgniter\Session\Handlers\DatabaseHandler' driver.
DEBUG - 2025-10-27 14:42:05 --> Session: Class initialized using 'CodeIgniter\Session\Handlers\DatabaseHandler' driver.
DEBUG - 2025-10-27 14:42:05 --> Session: Class initialized using 'CodeIgniter\Session\Handlers\DatabaseHandler' driver.
DEBUG - 2025-10-27 14:42:05 --> Session: Class initialized using 'CodeIgniter\Session\Handlers\DatabaseHandler' driver.
DEBUG - 2025-10-27 14:42:05 --> Session: Class initialized using 'CodeIgniter\Session\Handlers\DatabaseHandler' driver.
DEBUG - 2025-10-27 14:42:06 --> Session: Class initialized using 'CodeIgniter\Session\Handlers\DatabaseHandler' driver.
DEBUG - 2025-10-27 14:42:06 --> Session: Class initialized using 'CodeIgniter\Session\Handlers\DatabaseHandler' driver.
DEBUG - 2025-10-27 14:42:06 --> Session: Class initialized using 'CodeIgniter\Session\Handlers\DatabaseHandler' driver.
DEBUG - 2025-10-27 14:42:06 --> Session: Class initialized using 'CodeIgniter\Session\Handlers\DatabaseHandler' driver.
DEBUG - 2025-10-27 14:42:06 --> Session: Class initialized using 'CodeIgniter\Session\Handlers\DatabaseHandler' driver.
DEBUG - 2025-10-27 14:42:06 --> Session: Class initialized using 'CodeIgniter\Session\Handlers\DatabaseHandler' driver.
DEBUG - 2025-10-27 14:42:06 --> Session: Class initialized using 'CodeIgniter\Session\Handlers\DatabaseHandler' driver.
DEBUG - 2025-10-27 14:42:06 --> Session: Class initialized using 'CodeIgniter\Session\Handlers\DatabaseHandler' driver.
DEBUG - 2025-10-27 14:42:06 --> Session: Class initialized using 'CodeIgniter\Session\Handlers\DatabaseHandler' driver.
DEBUG - 2025-10-27 14:42:07 --> Session: Class initialized using 'CodeIgniter\Session\Handlers\DatabaseHandler' driver.
DEBUG - 2025-10-27 14:42:08 --> Session: Class initialized using 'CodeIgniter\Session\Handlers\DatabaseHandler' driver.
DEBUG - 2025-10-27 14:42:08 --> Session: Class initialized using 'CodeIgniter\Session\Handlers\DatabaseHandler' driver.
DEBUG - 2025-10-27 14:42:08 --> Session: Class initialized using 'CodeIgniter\Session\Handlers\DatabaseHandler' driver.
DEBUG - 2025-10-27 14:42:08 --> Session: Class initialized using 'CodeIgniter\Session\Handlers\DatabaseHandler' driver.
DEBUG - 2025-10-27 14:42:08 --> Session: Class initialized using 'CodeIgniter\Session\Handlers\DatabaseHandler' driver.
DEBUG - 2025-10-27 14:42:08 --> Session: Class initialized using 'CodeIgniter\Session\Handlers\DatabaseHandler' driver.
DEBUG - 2025-10-27 14:42:08 --> Session: Class initialized using 'CodeIgniter\Session\Handlers\DatabaseHandler' driver.
DEBUG - 2025-10-27 14:42:08 --> Session: Class initialized using 'CodeIgniter\Session\Handlers\DatabaseHandler' driver.
DEBUG - 2025-10-27 14:42:09 --> Session: Class initialized using 'CodeIgniter\Session\Handlers\DatabaseHandler' driver.
DEBUG - 2025-10-27 14:42:09 --> Session: Class initialized using 'CodeIgniter\Session\Handlers\DatabaseHandler' driver.
DEBUG - 2025-10-27 14:42:09 --> Session: Class initialized using 'CodeIgniter\Session\Handlers\DatabaseHandler' driver.
DEBUG - 2025-10-27 14:42:09 --> Session: Class initialized using 'CodeIgniter\Session\Handlers\DatabaseHandler' driver.
DEBUG - 2025-10-27 14:42:09 --> Session: Class initialized using 'CodeIgniter\Session\Handlers\DatabaseHandler' driver.
DEBUG - 2025-10-27 14:42:09 --> Session: Class initialized using 'CodeIgniter\Session\Handlers\DatabaseHandler' driver.
DEBUG - 2025-10-27 14:42:09 --> Session: Class initialized using 'CodeIgniter\Session\Handlers\DatabaseHandler' driver.
DEBUG - 2025-10-27 14:42:09 --> Session: Class initialized using 'CodeIgniter\Session\Handlers\DatabaseHandler' driver.
DEBUG - 2025-10-27 14:42:09 --> Session: Class initialized using 'CodeIgniter\Session\Handlers\DatabaseHandler' driver.
DEBUG - 2025-10-27 14:42:09 --> Session: Class initialized using 'CodeIgniter\Session\Handlers\DatabaseHandler' driver.
DEBUG - 2025-10-27 14:42:10 --> Session: Class initialized using 'CodeIgniter\Session\Handlers\DatabaseHandler' driver.
DEBUG - 2025-10-27 14:42:10 --> Session: Class initialized using 'CodeIgniter\Session\Handlers\DatabaseHandler' driver.
DEBUG - 2025-10-27 14:42:12 --> Session: Class initialized using 'CodeIgniter\Session\Handlers\DatabaseHandler' driver.
DEBUG - 2025-10-27 14:44:02 --> Session: Class initialized using 'CodeIgniter\Session\Handlers\DatabaseHandler' driver.
DEBUG - 2025-10-27 14:44:02 --> Session: Class initialized using 'CodeIgniter\Session\Handlers\DatabaseHandler' driver.
DEBUG - 2025-10-27 14:44:02 --> Session: Class initialized using 'CodeIgniter\Session\Handlers\DatabaseHandler' driver.
DEBUG - 2025-10-27 14:44:02 --> Session: Class initialized using 'CodeIgniter\Session\Handlers\DatabaseHandler' driver.
DEBUG - 2025-10-27 14:44:02 --> Session: Class initialized using 'CodeIgniter\Session\Handlers\DatabaseHandler' driver.
DEBUG - 2025-10-27 14:44:02 --> Session: Class initialized using 'CodeIgniter\Session\Handlers\DatabaseHandler' driver.
DEBUG - 2025-10-27 14:44:02 --> Session: Class initialized using 'CodeIgniter\Session\Handlers\DatabaseHandler' driver.
DEBUG - 2025-10-27 14:44:03 --> Session: Class initialized using 'CodeIgniter\Session\Handlers\DatabaseHandler' driver.
DEBUG - 2025-10-27 14:44:03 --> Session: Class initialized using 'CodeIgniter\Session\Handlers\DatabaseHandler' driver.
DEBUG - 2025-10-27 14:44:03 --> Session: Class initialized using 'CodeIgniter\Session\Handlers\DatabaseHandler' driver.
DEBUG - 2025-10-27 14:44:03 --> Session: Class initialized using 'CodeIgniter\Session\Handlers\DatabaseHandler' driver.
DEBUG - 2025-10-27 14:44:03 --> Session: Class initialized using 'CodeIgniter\Session\Handlers\DatabaseHandler' driver.
DEBUG - 2025-10-27 14:44:03 --> Session: Class initialized using 'CodeIgniter\Session\Handlers\DatabaseHandler' driver.
DEBUG - 2025-10-27 14:44:03 --> Session: Class initialized using 'CodeIgniter\Session\Handlers\DatabaseHandler' driver.
DEBUG - 2025-10-27 14:44:03 --> Session: Class initialized using 'CodeIgniter\Session\Handlers\DatabaseHandler' driver.
DEBUG - 2025-10-27 14:44:03 --> Session: Class initialized using 'CodeIgniter\Session\Handlers\DatabaseHandler' driver.
DEBUG - 2025-10-27 14:44:03 --> Session: Class initialized using 'CodeIgniter\Session\Handlers\DatabaseHandler' driver.
DEBUG - 2025-10-27 14:44:04 --> Session: Class initialized using 'CodeIgniter\Session\Handlers\DatabaseHandler' driver.
DEBUG - 2025-10-27 14:44:04 --> Session: Class initialized using 'CodeIgniter\Session\Handlers\DatabaseHandler' driver.
DEBUG - 2025-10-27 14:44:04 --> Session: Class initialized using 'CodeIgniter\Session\Handlers\DatabaseHandler' driver.
DEBUG - 2025-10-27 14:44:05 --> Session: Class initialized using 'CodeIgniter\Session\Handlers\DatabaseHandler' driver.
DEBUG - 2025-10-27 14:44:05 --> Session: Class initialized using 'CodeIgniter\Session\Handlers\DatabaseHandler' driver.
DEBUG - 2025-10-27 14:44:05 --> Session: Class initialized using 'CodeIgniter\Session\Handlers\DatabaseHandler' driver.
DEBUG - 2025-10-27 14:44:05 --> Session: Class initialized using 'CodeIgniter\Session\Handlers\DatabaseHandler' driver.
DEBUG - 2025-10-27 14:44:39 --> Session: Class initialized using 'CodeIgniter\Session\Handlers\DatabaseHandler' driver.
DEBUG - 2025-10-27 14:44:39 --> Session: Class initialized using 'CodeIgniter\Session\Handlers\DatabaseHandler' driver.
DEBUG - 2025-10-27 14:44:39 --> Session: Class initialized using 'CodeIgniter\Session\Handlers\DatabaseHandler' driver.
DEBUG - 2025-10-27 14:44:39 --> Session: Class initialized using 'CodeIgniter\Session\Handlers\DatabaseHandler' driver.
DEBUG - 2025-10-27 14:44:39 --> Session: Class initialized using 'CodeIgniter\Session\Handlers\DatabaseHandler' driver.
DEBUG - 2025-10-27 14:44:39 --> Session: Class initialized using 'CodeIgniter\Session\Handlers\DatabaseHandler' driver.
DEBUG - 2025-10-27 14:44:39 --> Session: Class initialized using 'CodeIgniter\Session\Handlers\DatabaseHandler' driver.
DEBUG - 2025-10-27 14:44:40 --> Session: Class initialized using 'CodeIgniter\Session\Handlers\DatabaseHandler' driver.
DEBUG - 2025-10-27 14:44:40 --> Session: Class initialized using 'CodeIgniter\Session\Handlers\DatabaseHandler' driver.
DEBUG - 2025-10-27 14:44:40 --> Session: Class initialized using 'CodeIgniter\Session\Handlers\DatabaseHandler' driver.
DEBUG - 2025-10-27 14:44:40 --> Session: Class initialized using 'CodeIgniter\Session\Handlers\DatabaseHandler' driver.
DEBUG - 2025-10-27 14:44:40 --> Session: Class initialized using 'CodeIgniter\Session\Handlers\DatabaseHandler' driver.
DEBUG - 2025-10-27 14:44:40 --> Session: Class initialized using 'CodeIgniter\Session\Handlers\DatabaseHandler' driver.
DEBUG - 2025-10-27 14:44:40 --> Session: Class initialized using 'CodeIgniter\Session\Handlers\DatabaseHandler' driver.
DEBUG - 2025-10-27 14:44:40 --> Session: Class initialized using 'CodeIgniter\Session\Handlers\DatabaseHandler' driver.
DEBUG - 2025-10-27 14:44:40 --> Session: Class initialized using 'CodeIgniter\Session\Handlers\DatabaseHandler' driver.
DEBUG - 2025-10-27 14:44:40 --> Session: Class initialized using 'CodeIgniter\Session\Handlers\DatabaseHandler' driver.
DEBUG - 2025-10-27 14:44:41 --> Session: Class initialized using 'CodeIgniter\Session\Handlers\DatabaseHandler' driver.
DEBUG - 2025-10-27 14:44:41 --> Session: Class initialized using 'CodeIgniter\Session\Handlers\DatabaseHandler' driver.
DEBUG - 2025-10-27 14:44:41 --> Session: Class initialized using 'CodeIgniter\Session\Handlers\DatabaseHandler' driver.
DEBUG - 2025-10-27 14:44:42 --> Session: Class initialized using 'CodeIgniter\Session\Handlers\DatabaseHandler' driver.
DEBUG - 2025-10-27 14:44:42 --> Session: Class initialized using 'CodeIgniter\Session\Handlers\DatabaseHandler' driver.
DEBUG - 2025-10-27 14:44:42 --> Session: Class initialized using 'CodeIgniter\Session\Handlers\DatabaseHandler' driver.
DEBUG - 2025-10-27 14:44:42 --> Session: Class initialized using 'CodeIgniter\Session\Handlers\DatabaseHandler' driver.
DEBUG - 2025-10-27 14:44:42 --> Session: Class initialized using 'CodeIgniter\Session\Handlers\DatabaseHandler' driver.
DEBUG - 2025-10-27 14:44:42 --> Session: Class initialized using 'CodeIgniter\Session\Handlers\DatabaseHandler' driver.
DEBUG - 2025-10-27 14:44:43 --> Session: Class initialized using 'CodeIgniter\Session\Handlers\DatabaseHandler' driver.
DEBUG - 2025-10-27 14:44:43 --> Session: Class initialized using 'CodeIgniter\Session\Handlers\DatabaseHandler' driver.
DEBUG - 2025-10-27 14:44:43 --> Session: Class initialized using 'CodeIgniter\Session\Handlers\DatabaseHandler' driver.
DEBUG - 2025-10-27 14:44:43 --> Session: Class initialized using 'CodeIgniter\Session\Handlers\DatabaseHandler' driver.
DEBUG - 2025-10-27 14:44:43 --> Session: Class initialized using 'CodeIgniter\Session\Handlers\DatabaseHandler' driver.
DEBUG - 2025-10-27 14:44:43 --> Session: Class initialized using 'CodeIgniter\Session\Handlers\DatabaseHandler' driver.
DEBUG - 2025-10-27 14:44:43 --> Session: Class initialized using 'CodeIgniter\Session\Handlers\DatabaseHandler' driver.
DEBUG - 2025-10-27 14:44:43 --> Session: Class initialized using 'CodeIgniter\Session\Handlers\DatabaseHandler' driver.
DEBUG - 2025-10-27 14:44:43 --> Session: Class initialized using 'CodeIgniter\Session\Handlers\DatabaseHandler' driver.
DEBUG - 2025-10-27 14:44:44 --> Session: Class initialized using 'CodeIgniter\Session\Handlers\DatabaseHandler' driver.
DEBUG - 2025-10-27 14:44:44 --> Session: Class initialized using 'CodeIgniter\Session\Handlers\DatabaseHandler' driver.
DEBUG - 2025-10-27 14:44:44 --> Session: Class initialized using 'CodeIgniter\Session\Handlers\DatabaseHandler' driver.
DEBUG - 2025-10-27 14:44:44 --> Session: Class initialized using 'CodeIgniter\Session\Handlers\DatabaseHandler' driver.
DEBUG - 2025-10-27 14:44:44 --> Session: Class initialized using 'CodeIgniter\Session\Handlers\DatabaseHandler' driver.
DEBUG - 2025-10-27 14:44:49 --> Session: Class initialized using 'CodeIgniter\Session\Handlers\DatabaseHandler' driver.
DEBUG - 2025-10-27 14:44:49 --> Session: Class initialized using 'CodeIgniter\Session\Handlers\DatabaseHandler' driver.
DEBUG - 2025-10-27 14:44:49 --> Session: Class initialized using 'CodeIgniter\Session\Handlers\DatabaseHandler' driver.
DEBUG - 2025-10-27 14:44:50 --> Session: Class initialized using 'CodeIgniter\Session\Handlers\DatabaseHandler' driver.
DEBUG - 2025-10-27 14:44:50 --> Session: Class initialized using 'CodeIgniter\Session\Handlers\DatabaseHandler' driver.
DEBUG - 2025-10-27 14:44:50 --> Session: Class initialized using 'CodeIgniter\Session\Handlers\DatabaseHandler' driver.
DEBUG - 2025-10-27 14:44:50 --> Session: Class initialized using 'CodeIgniter\Session\Handlers\DatabaseHandler' driver.
DEBUG - 2025-10-27 14:44:50 --> Session: Class initialized using 'CodeIgniter\Session\Handlers\DatabaseHandler' driver.
DEBUG - 2025-10-27 14:44:50 --> Session: Class initialized using 'CodeIgniter\Session\Handlers\DatabaseHandler' driver.
DEBUG - 2025-10-27 14:44:50 --> Session: Class initialized using 'CodeIgniter\Session\Handlers\DatabaseHandler' driver.
DEBUG - 2025-10-27 14:44:50 --> Session: Class initialized using 'CodeIgniter\Session\Handlers\DatabaseHandler' driver.
DEBUG - 2025-10-27 14:44:50 --> Session: Class initialized using 'CodeIgniter\Session\Handlers\DatabaseHandler' driver.
DEBUG - 2025-10-27 14:44:50 --> Session: Class initialized using 'CodeIgniter\Session\Handlers\DatabaseHandler' driver.
DEBUG - 2025-10-27 14:44:51 --> Session: Class initialized using 'CodeIgniter\Session\Handlers\DatabaseHandler' driver.
DEBUG - 2025-10-27 14:44:51 --> Session: Class initialized using 'CodeIgniter\Session\Handlers\DatabaseHandler' driver.
DEBUG - 2025-10-27 14:44:51 --> Session: Class initialized using 'CodeIgniter\Session\Handlers\DatabaseHandler' driver.
DEBUG - 2025-10-27 14:44:51 --> Session: Class initialized using 'CodeIgniter\Session\Handlers\DatabaseHandler' driver.
DEBUG - 2025-10-27 14:44:51 --> Session: Class initialized using 'CodeIgniter\Session\Handlers\DatabaseHandler' driver.
DEBUG - 2025-10-27 14:44:51 --> Session: Class initialized using 'CodeIgniter\Session\Handlers\DatabaseHandler' driver.
DEBUG - 2025-10-27 14:44:51 --> Session: Class initialized using 'CodeIgniter\Session\Handlers\DatabaseHandler' driver.
DEBUG - 2025-10-27 14:44:56 --> Session: Class initialized using 'CodeIgniter\Session\Handlers\DatabaseHandler' driver.
DEBUG - 2025-10-27 14:45:01 --> Session: Class initialized using 'CodeIgniter\Session\Handlers\DatabaseHandler' driver.
DEBUG - 2025-10-27 14:45:02 --> Session: Class initialized using 'CodeIgniter\Session\Handlers\DatabaseHandler' driver.
DEBUG - 2025-10-27 14:45:03 --> Session: Class initialized using 'CodeIgniter\Session\Handlers\DatabaseHandler' driver.
DEBUG - 2025-10-27 14:48:35 --> Session: Class initialized using 'CodeIgniter\Session\Handlers\DatabaseHandler' driver.
DEBUG - 2025-10-27 14:49:20 --> Session: Class initialized using 'CodeIgniter\Session\Handlers\DatabaseHandler' driver.
DEBUG - 2025-10-27 14:51:15 --> Session: Class initialized using 'CodeIgniter\Session\Handlers\DatabaseHandler' driver.
DEBUG - 2025-10-27 14:51:31 --> Session: Class initialized using 'CodeIgniter\Session\Handlers\DatabaseHandler' driver.
DEBUG - 2025-10-27 14:51:45 --> Session: Class initialized using 'CodeIgniter\Session\Handlers\DatabaseHandler' driver.
DEBUG - 2025-10-27 14:51:57 --> Session: Class initialized using 'CodeIgniter\Session\Handlers\DatabaseHandler' driver.
DEBUG - 2025-10-27 14:52:05 --> Session: Class initialized using 'CodeIgniter\Session\Handlers\DatabaseHandler' driver.
DEBUG - 2025-10-27 14:52:05 --> Session: Class initialized using 'CodeIgniter\Session\Handlers\DatabaseHandler' driver.
DEBUG - 2025-10-27 14:52:05 --> Session: Class initialized using 'CodeIgniter\Session\Handlers\DatabaseHandler' driver.
DEBUG - 2025-10-27 14:52:05 --> Session: Class initialized using 'CodeIgniter\Session\Handlers\DatabaseHandler' driver.
DEBUG - 2025-10-27 14:52:05 --> Session: Class initialized using 'CodeIgniter\Session\Handlers\DatabaseHandler' driver.
DEBUG - 2025-10-27 14:52:05 --> Session: Class initialized using 'CodeIgniter\Session\Handlers\DatabaseHandler' driver.
DEBUG - 2025-10-27 14:52:05 --> Session: Class initialized using 'CodeIgniter\Session\Handlers\DatabaseHandler' driver.
DEBUG - 2025-10-27 14:52:05 --> Session: Class initialized using 'CodeIgniter\Session\Handlers\DatabaseHandler' driver.
DEBUG - 2025-10-27 14:52:05 --> Session: Class initialized using 'CodeIgniter\Session\Handlers\DatabaseHandler' driver.
DEBUG - 2025-10-27 14:52:06 --> Session: Class initialized using 'CodeIgniter\Session\Handlers\DatabaseHandler' driver.
DEBUG - 2025-10-27 14:52:06 --> Session: Class initialized using 'CodeIgniter\Session\Handlers\DatabaseHandler' driver.
DEBUG - 2025-10-27 14:52:06 --> Session: Class initialized using 'CodeIgniter\Session\Handlers\DatabaseHandler' driver.
DEBUG - 2025-10-27 14:52:06 --> Session: Class initialized using 'CodeIgniter\Session\Handlers\DatabaseHandler' driver.
DEBUG - 2025-10-27 14:52:06 --> Session: Class initialized using 'CodeIgniter\Session\Handlers\DatabaseHandler' driver.
DEBUG - 2025-10-27 14:52:06 --> Session: Class initialized using 'CodeIgniter\Session\Handlers\DatabaseHandler' driver.
DEBUG - 2025-10-27 14:52:06 --> Session: Class initialized using 'CodeIgniter\Session\Handlers\DatabaseHandler' driver.
DEBUG - 2025-10-27 14:52:06 --> Session: Class initialized using 'CodeIgniter\Session\Handlers\DatabaseHandler' driver.
DEBUG - 2025-10-27 14:52:06 --> Session: Class initialized using 'CodeIgniter\Session\Handlers\DatabaseHandler' driver.
DEBUG - 2025-10-27 14:52:07 --> Session: Class initialized using 'CodeIgniter\Session\Handlers\DatabaseHandler' driver.
DEBUG - 2025-10-27 14:52:07 --> Session: Class initialized using 'CodeIgniter\Session\Handlers\DatabaseHandler' driver.
DEBUG - 2025-10-27 14:52:08 --> Session: Class initialized using 'CodeIgniter\Session\Handlers\DatabaseHandler' driver.
DEBUG - 2025-10-27 14:52:08 --> Session: Class initialized using 'CodeIgniter\Session\Handlers\DatabaseHandler' driver.
DEBUG - 2025-10-27 14:52:08 --> Session: Class initialized using 'CodeIgniter\Session\Handlers\DatabaseHandler' driver.
DEBUG - 2025-10-27 14:52:08 --> Session: Class initialized using 'CodeIgniter\Session\Handlers\DatabaseHandler' driver.
DEBUG - 2025-10-27 14:52:08 --> Session: Class initialized using 'CodeIgniter\Session\Handlers\DatabaseHandler' driver.
DEBUG - 2025-10-27 14:52:08 --> Session: Class initialized using 'CodeIgniter\Session\Handlers\DatabaseHandler' driver.
DEBUG - 2025-10-27 14:52:08 --> Session: Class initialized using 'CodeIgniter\Session\Handlers\DatabaseHandler' driver.
DEBUG - 2025-10-27 14:52:08 --> Session: Class initialized using 'CodeIgniter\Session\Handlers\DatabaseHandler' driver.
DEBUG - 2025-10-27 14:52:09 --> Session: Class initialized using 'CodeIgniter\Session\Handlers\DatabaseHandler' driver.
DEBUG - 2025-10-27 14:52:09 --> Session: Class initialized using 'CodeIgniter\Session\Handlers\DatabaseHandler' driver.
DEBUG - 2025-10-27 14:52:09 --> Session: Class initialized using 'CodeIgniter\Session\Handlers\DatabaseHandler' driver.
DEBUG - 2025-10-27 14:52:09 --> Session: Class initialized using 'CodeIgniter\Session\Handlers\DatabaseHandler' driver.
DEBUG - 2025-10-27 14:52:09 --> Session: Class initialized using 'CodeIgniter\Session\Handlers\DatabaseHandler' driver.
DEBUG - 2025-10-27 14:52:09 --> Session: Class initialized using 'CodeIgniter\Session\Handlers\DatabaseHandler' driver.
DEBUG - 2025-10-27 14:52:09 --> Session: Class initialized using 'CodeIgniter\Session\Handlers\DatabaseHandler' driver.
DEBUG - 2025-10-27 14:52:09 --> Session: Class initialized using 'CodeIgniter\Session\Handlers\DatabaseHandler' driver.
DEBUG - 2025-10-27 14:52:09 --> Session: Class initialized using 'CodeIgniter\Session\Handlers\DatabaseHandler' driver.
DEBUG - 2025-10-27 14:52:10 --> Session: Class initialized using 'CodeIgniter\Session\Handlers\DatabaseHandler' driver.
DEBUG - 2025-10-27 14:52:10 --> Session: Class initialized using 'CodeIgniter\Session\Handlers\DatabaseHandler' driver.
DEBUG - 2025-10-27 14:52:10 --> Session: Class initialized using 'CodeIgniter\Session\Handlers\DatabaseHandler' driver.
DEBUG - 2025-10-27 14:52:13 --> Session: Class initialized using 'CodeIgniter\Session\Handlers\DatabaseHandler' driver.
DEBUG - 2025-10-27 14:52:14 --> Session: Class initialized using 'CodeIgniter\Session\Handlers\DatabaseHandler' driver.
DEBUG - 2025-10-27 14:52:16 --> Session: Class initialized using 'CodeIgniter\Session\Handlers\DatabaseHandler' driver.
DEBUG - 2025-10-27 14:52:16 --> Session: Class initialized using 'CodeIgniter\Session\Handlers\DatabaseHandler' driver.
DEBUG - 2025-10-27 14:52:16 --> Session: Class initialized using 'CodeIgniter\Session\Handlers\DatabaseHandler' driver.
DEBUG - 2025-10-27 14:52:16 --> Session: Class initialized using 'CodeIgniter\Session\Handlers\DatabaseHandler' driver.
DEBUG - 2025-10-27 14:52:16 --> Session: Class initialized using 'CodeIgniter\Session\Handlers\DatabaseHandler' driver.
DEBUG - 2025-10-27 14:52:16 --> Session: Class initialized using 'CodeIgniter\Session\Handlers\DatabaseHandler' driver.
DEBUG - 2025-10-27 14:52:16 --> Session: Class initialized using 'CodeIgniter\Session\Handlers\DatabaseHandler' driver.
DEBUG - 2025-10-27 14:52:16 --> Session: Class initialized using 'CodeIgniter\Session\Handlers\DatabaseHandler' driver.
DEBUG - 2025-10-27 14:52:16 --> Session: Class initialized using 'CodeIgniter\Session\Handlers\DatabaseHandler' driver.
DEBUG - 2025-10-27 14:52:16 --> Session: Class initialized using 'CodeIgniter\Session\Handlers\DatabaseHandler' driver.
DEBUG - 2025-10-27 14:52:17 --> Session: Class initialized using 'CodeIgniter\Session\Handlers\DatabaseHandler' driver.
DEBUG - 2025-10-27 14:52:17 --> Session: Class initialized using 'CodeIgniter\Session\Handlers\DatabaseHandler' driver.
DEBUG - 2025-10-27 14:52:17 --> Session: Class initialized using 'CodeIgniter\Session\Handlers\DatabaseHandler' driver.
DEBUG - 2025-10-27 14:52:17 --> Session: Class initialized using 'CodeIgniter\Session\Handlers\DatabaseHandler' driver.
DEBUG - 2025-10-27 14:52:17 --> Session: Class initialized using 'CodeIgniter\Session\Handlers\DatabaseHandler' driver.
DEBUG - 2025-10-27 14:52:17 --> Session: Class initialized using 'CodeIgniter\Session\Handlers\DatabaseHandler' driver.
DEBUG - 2025-10-27 14:52:17 --> Session: Class initialized using 'CodeIgniter\Session\Handlers\DatabaseHandler' driver.
DEBUG - 2025-10-27 14:52:17 --> Session: Class initialized using 'CodeIgniter\Session\Handlers\DatabaseHandler' driver.
DEBUG - 2025-10-27 14:52:17 --> Session: Class initialized using 'CodeIgniter\Session\Handlers\DatabaseHandler' driver.
DEBUG - 2025-10-27 14:52:18 --> Session: Class initialized using 'CodeIgniter\Session\Handlers\DatabaseHandler' driver.
DEBUG - 2025-10-27 14:52:19 --> Session: Class initialized using 'CodeIgniter\Session\Handlers\DatabaseHandler' driver.
DEBUG - 2025-10-27 14:52:19 --> Session: Class initialized using 'CodeIgniter\Session\Handlers\DatabaseHandler' driver.
DEBUG - 2025-10-27 14:52:19 --> Session: Class initialized using 'CodeIgniter\Session\Handlers\DatabaseHandler' driver.
DEBUG - 2025-10-27 14:52:19 --> Session: Class initialized using 'CodeIgniter\Session\Handlers\DatabaseHandler' driver.
DEBUG - 2025-10-27 14:52:19 --> Session: Class initialized using 'CodeIgniter\Session\Handlers\DatabaseHandler' driver.
DEBUG - 2025-10-27 14:52:19 --> Session: Class initialized using 'CodeIgniter\Session\Handlers\DatabaseHandler' driver.
DEBUG - 2025-10-27 14:52:19 --> Session: Class initialized using 'CodeIgniter\Session\Handlers\DatabaseHandler' driver.
DEBUG - 2025-10-27 14:52:19 --> Session: Class initialized using 'CodeIgniter\Session\Handlers\DatabaseHandler' driver.
DEBUG - 2025-10-27 14:52:19 --> Session: Class initialized using 'CodeIgniter\Session\Handlers\DatabaseHandler' driver.
DEBUG - 2025-10-27 14:52:20 --> Session: Class initialized using 'CodeIgniter\Session\Handlers\DatabaseHandler' driver.
DEBUG - 2025-10-27 14:52:20 --> Session: Class initialized using 'CodeIgniter\Session\Handlers\DatabaseHandler' driver.
DEBUG - 2025-10-27 14:52:20 --> Session: Class initialized using 'CodeIgniter\Session\Handlers\DatabaseHandler' driver.
DEBUG - 2025-10-27 14:52:20 --> Session: Class initialized using 'CodeIgniter\Session\Handlers\DatabaseHandler' driver.
DEBUG - 2025-10-27 14:52:20 --> Session: Class initialized using 'CodeIgniter\Session\Handlers\DatabaseHandler' driver.
DEBUG - 2025-10-27 14:52:20 --> Session: Class initialized using 'CodeIgniter\Session\Handlers\DatabaseHandler' driver.
DEBUG - 2025-10-27 14:52:20 --> Session: Class initialized using 'CodeIgniter\Session\Handlers\DatabaseHandler' driver.
DEBUG - 2025-10-27 14:52:20 --> Session: Class initialized using 'CodeIgniter\Session\Handlers\DatabaseHandler' driver.
DEBUG - 2025-10-27 14:52:20 --> Session: Class initialized using 'CodeIgniter\Session\Handlers\DatabaseHandler' driver.
DEBUG - 2025-10-27 14:52:21 --> Session: Class initialized using 'CodeIgniter\Session\Handlers\DatabaseHandler' driver.
DEBUG - 2025-10-27 14:52:21 --> Session: Class initialized using 'CodeIgniter\Session\Handlers\DatabaseHandler' driver.
DEBUG - 2025-10-27 14:52:23 --> Session: Class initialized using 'CodeIgniter\Session\Handlers\DatabaseHandler' driver.
DEBUG - 2025-10-27 14:52:23 --> Session: Class initialized using 'CodeIgniter\Session\Handlers\DatabaseHandler' driver.
DEBUG - 2025-10-27 14:52:23 --> Session: Class initialized using 'CodeIgniter\Session\Handlers\DatabaseHandler' driver.
DEBUG - 2025-10-27 14:52:23 --> Session: Class initialized using 'CodeIgniter\Session\Handlers\DatabaseHandler' driver.
DEBUG - 2025-10-27 14:52:23 --> Session: Class initialized using 'CodeIgniter\Session\Handlers\DatabaseHandler' driver.
DEBUG - 2025-10-27 14:52:23 --> Session: Class initialized using 'CodeIgniter\Session\Handlers\DatabaseHandler' driver.
DEBUG - 2025-10-27 14:52:23 --> Session: Class initialized using 'CodeIgniter\Session\Handlers\DatabaseHandler' driver.
DEBUG - 2025-10-27 14:52:23 --> Session: Class initialized using 'CodeIgniter\Session\Handlers\DatabaseHandler' driver.
DEBUG - 2025-10-27 14:52:23 --> Session: Class initialized using 'CodeIgniter\Session\Handlers\DatabaseHandler' driver.
DEBUG - 2025-10-27 14:52:24 --> Session: Class initialized using 'CodeIgniter\Session\Handlers\DatabaseHandler' driver.
DEBUG - 2025-10-27 14:52:24 --> Session: Class initialized using 'CodeIgniter\Session\Handlers\DatabaseHandler' driver.
DEBUG - 2025-10-27 14:52:24 --> Session: Class initialized using 'CodeIgniter\Session\Handlers\DatabaseHandler' driver.
DEBUG - 2025-10-27 14:52:24 --> Session: Class initialized using 'CodeIgniter\Session\Handlers\DatabaseHandler' driver.
DEBUG - 2025-10-27 14:52:24 --> Session: Class initialized using 'CodeIgniter\Session\Handlers\DatabaseHandler' driver.
DEBUG - 2025-10-27 14:52:24 --> Session: Class initialized using 'CodeIgniter\Session\Handlers\DatabaseHandler' driver.
DEBUG - 2025-10-27 14:52:24 --> Session: Class initialized using 'CodeIgniter\Session\Handlers\DatabaseHandler' driver.
DEBUG - 2025-10-27 14:52:24 --> Session: Class initialized using 'CodeIgniter\Session\Handlers\DatabaseHandler' driver.
DEBUG - 2025-10-27 14:52:24 --> Session: Class initialized using 'CodeIgniter\Session\Handlers\DatabaseHandler' driver.
DEBUG - 2025-10-27 14:52:25 --> Session: Class initialized using 'CodeIgniter\Session\Handlers\DatabaseHandler' driver.
DEBUG - 2025-10-27 14:52:25 --> Session: Class initialized using 'CodeIgniter\Session\Handlers\DatabaseHandler' driver.
DEBUG - 2025-10-27 14:52:30 --> Session: Class initialized using 'CodeIgniter\Session\Handlers\DatabaseHandler' driver.
DEBUG - 2025-10-27 14:52:30 --> Session: Class initialized using 'CodeIgniter\Session\Handlers\DatabaseHandler' driver.
DEBUG - 2025-10-27 14:52:30 --> Session: Class initialized using 'CodeIgniter\Session\Handlers\DatabaseHandler' driver.
DEBUG - 2025-10-27 14:52:30 --> Session: Class initialized using 'CodeIgniter\Session\Handlers\DatabaseHandler' driver.
DEBUG - 2025-10-27 14:52:30 --> Session: Class initialized using 'CodeIgniter\Session\Handlers\DatabaseHandler' driver.
DEBUG - 2025-10-27 14:52:30 --> Session: Class initialized using 'CodeIgniter\Session\Handlers\DatabaseHandler' driver.
DEBUG - 2025-10-27 14:52:30 --> Session: Class initialized using 'CodeIgniter\Session\Handlers\DatabaseHandler' driver.
DEBUG - 2025-10-27 14:52:31 --> Session: Class initialized using 'CodeIgniter\Session\Handlers\DatabaseHandler' driver.
DEBUG - 2025-10-27 14:52:31 --> Session: Class initialized using 'CodeIgniter\Session\Handlers\DatabaseHandler' driver.
DEBUG - 2025-10-27 14:52:31 --> Session: Class initialized using 'CodeIgniter\Session\Handlers\DatabaseHandler' driver.
DEBUG - 2025-10-27 14:52:31 --> Session: Class initialized using 'CodeIgniter\Session\Handlers\DatabaseHandler' driver.
DEBUG - 2025-10-27 14:52:31 --> Session: Class initialized using 'CodeIgniter\Session\Handlers\DatabaseHandler' driver.
DEBUG - 2025-10-27 14:52:31 --> Session: Class initialized using 'CodeIgniter\Session\Handlers\DatabaseHandler' driver.
DEBUG - 2025-10-27 14:52:31 --> Session: Class initialized using 'CodeIgniter\Session\Handlers\DatabaseHandler' driver.
DEBUG - 2025-10-27 14:52:31 --> Session: Class initialized using 'CodeIgniter\Session\Handlers\DatabaseHandler' driver.
DEBUG - 2025-10-27 14:52:31 --> Session: Class initialized using 'CodeIgniter\Session\Handlers\DatabaseHandler' driver.
DEBUG - 2025-10-27 14:52:31 --> Session: Class initialized using 'CodeIgniter\Session\Handlers\DatabaseHandler' driver.
DEBUG - 2025-10-27 14:52:32 --> Session: Class initialized using 'CodeIgniter\Session\Handlers\DatabaseHandler' driver.
DEBUG - 2025-10-27 14:52:32 --> Session: Class initialized using 'CodeIgniter\Session\Handlers\DatabaseHandler' driver.
DEBUG - 2025-10-27 14:52:32 --> Session: Class initialized using 'CodeIgniter\Session\Handlers\DatabaseHandler' driver.
DEBUG - 2025-10-27 14:53:02 --> Session: Class initialized using 'CodeIgniter\Session\Handlers\DatabaseHandler' driver.
DEBUG - 2025-10-27 14:53:02 --> Session: Class initialized using 'CodeIgniter\Session\Handlers\DatabaseHandler' driver.
DEBUG - 2025-10-27 14:53:02 --> Session: Class initialized using 'CodeIgniter\Session\Handlers\DatabaseHandler' driver.
DEBUG - 2025-10-27 14:53:02 --> Session: Class initialized using 'CodeIgniter\Session\Handlers\DatabaseHandler' driver.
DEBUG - 2025-10-27 14:53:02 --> Session: Class initialized using 'CodeIgniter\Session\Handlers\DatabaseHandler' driver.
DEBUG - 2025-10-27 14:53:03 --> Session: Class initialized using 'CodeIgniter\Session\Handlers\DatabaseHandler' driver.
DEBUG - 2025-10-27 14:53:03 --> Session: Class initialized using 'CodeIgniter\Session\Handlers\DatabaseHandler' driver.
DEBUG - 2025-10-27 14:53:03 --> Session: Class initialized using 'CodeIgniter\Session\Handlers\DatabaseHandler' driver.
DEBUG - 2025-10-27 14:53:03 --> Session: Class initialized using 'CodeIgniter\Session\Handlers\DatabaseHandler' driver.
DEBUG - 2025-10-27 14:53:03 --> Session: Class initialized using 'CodeIgniter\Session\Handlers\DatabaseHandler' driver.
DEBUG - 2025-10-27 14:53:03 --> Session: Class initialized using 'CodeIgniter\Session\Handlers\DatabaseHandler' driver.
DEBUG - 2025-10-27 14:53:03 --> Session: Class initialized using 'CodeIgniter\Session\Handlers\DatabaseHandler' driver.
DEBUG - 2025-10-27 14:53:03 --> Session: Class initialized using 'CodeIgniter\Session\Handlers\DatabaseHandler' driver.
DEBUG - 2025-10-27 14:53:03 --> Session: Class initialized using 'CodeIgniter\Session\Handlers\DatabaseHandler' driver.
DEBUG - 2025-10-27 14:53:03 --> Session: Class initialized using 'CodeIgniter\Session\Handlers\DatabaseHandler' driver.
DEBUG - 2025-10-27 14:53:04 --> Session: Class initialized using 'CodeIgniter\Session\Handlers\DatabaseHandler' driver.
DEBUG - 2025-10-27 14:53:04 --> Session: Class initialized using 'CodeIgniter\Session\Handlers\DatabaseHandler' driver.
DEBUG - 2025-10-27 14:53:04 --> Session: Class initialized using 'CodeIgniter\Session\Handlers\DatabaseHandler' driver.
DEBUG - 2025-10-27 14:53:04 --> Session: Class initialized using 'CodeIgniter\Session\Handlers\DatabaseHandler' driver.
DEBUG - 2025-10-27 14:53:04 --> Session: Class initialized using 'CodeIgniter\Session\Handlers\DatabaseHandler' driver.
DEBUG - 2025-10-27 14:53:24 --> Session: Class initialized using 'CodeIgniter\Session\Handlers\DatabaseHandler' driver.
DEBUG - 2025-10-27 14:53:26 --> Session: Class initialized using 'CodeIgniter\Session\Handlers\DatabaseHandler' driver.
DEBUG - 2025-10-27 14:53:26 --> Session: Class initialized using 'CodeIgniter\Session\Handlers\DatabaseHandler' driver.
DEBUG - 2025-10-27 14:53:29 --> Session: Class initialized using 'CodeIgniter\Session\Handlers\DatabaseHandler' driver.
DEBUG - 2025-10-27 14:53:29 --> Session: Class initialized using 'CodeIgniter\Session\Handlers\DatabaseHandler' driver.
DEBUG - 2025-10-27 14:54:04 --> Session: Class initialized using 'CodeIgniter\Session\Handlers\DatabaseHandler' driver.
DEBUG - 2025-10-27 14:54:04 --> Session: Class initialized using 'CodeIgniter\Session\Handlers\DatabaseHandler' driver.
DEBUG - 2025-10-27 14:54:04 --> Session: Class initialized using 'CodeIgniter\Session\Handlers\DatabaseHandler' driver.
DEBUG - 2025-10-27 14:54:04 --> Session: Class initialized using 'CodeIgniter\Session\Handlers\DatabaseHandler' driver.
DEBUG - 2025-10-27 14:54:05 --> Session: Class initialized using 'CodeIgniter\Session\Handlers\DatabaseHandler' driver.
DEBUG - 2025-10-27 14:54:05 --> Session: Class initialized using 'CodeIgniter\Session\Handlers\DatabaseHandler' driver.
DEBUG - 2025-10-27 14:54:05 --> Session: Class initialized using 'CodeIgniter\Session\Handlers\DatabaseHandler' driver.
DEBUG - 2025-10-27 14:54:05 --> Session: Class initialized using 'CodeIgniter\Session\Handlers\DatabaseHandler' driver.
DEBUG - 2025-10-27 14:54:05 --> Session: Class initialized using 'CodeIgniter\Session\Handlers\DatabaseHandler' driver.
DEBUG - 2025-10-27 14:54:05 --> Session: Class initialized using 'CodeIgniter\Session\Handlers\DatabaseHandler' driver.
DEBUG - 2025-10-27 14:54:05 --> Session: Class initialized using 'CodeIgniter\Session\Handlers\DatabaseHandler' driver.
DEBUG - 2025-10-27 14:54:05 --> Session: Class initialized using 'CodeIgniter\Session\Handlers\DatabaseHandler' driver.
DEBUG - 2025-10-27 14:54:05 --> Session: Class initialized using 'CodeIgniter\Session\Handlers\DatabaseHandler' driver.
DEBUG - 2025-10-27 14:54:06 --> Session: Class initialized using 'CodeIgniter\Session\Handlers\DatabaseHandler' driver.
DEBUG - 2025-10-27 14:54:06 --> Session: Class initialized using 'CodeIgniter\Session\Handlers\DatabaseHandler' driver.
DEBUG - 2025-10-27 14:54:06 --> Session: Class initialized using 'CodeIgniter\Session\Handlers\DatabaseHandler' driver.
DEBUG - 2025-10-27 14:54:06 --> Session: Class initialized using 'CodeIgniter\Session\Handlers\DatabaseHandler' driver.
DEBUG - 2025-10-27 14:54:06 --> Session: Class initialized using 'CodeIgniter\Session\Handlers\DatabaseHandler' driver.
DEBUG - 2025-10-27 14:54:06 --> Session: Class initialized using 'CodeIgniter\Session\Handlers\DatabaseHandler' driver.
DEBUG - 2025-10-27 14:54:06 --> Session: Class initialized using 'CodeIgniter\Session\Handlers\DatabaseHandler' driver.
DEBUG - 2025-10-27 14:55:15 --> Session: Class initialized using 'CodeIgniter\Session\Handlers\DatabaseHandler' driver.
DEBUG - 2025-10-27 14:55:17 --> Session: Class initialized using 'CodeIgniter\Session\Handlers\DatabaseHandler' driver.
DEBUG - 2025-10-27 14:55:19 --> Session: Class initialized using 'CodeIgniter\Session\Handlers\DatabaseHandler' driver.
DEBUG - 2025-10-27 14:55:20 --> Session: Class initialized using 'CodeIgniter\Session\Handlers\DatabaseHandler' driver.
DEBUG - 2025-10-27 14:55:24 --> Session: Class initialized using 'CodeIgniter\Session\Handlers\DatabaseHandler' driver.
DEBUG - 2025-10-27 14:55:25 --> Session: Class initialized using 'CodeIgniter\Session\Handlers\DatabaseHandler' driver.
DEBUG - 2025-10-27 14:55:27 --> Session: Class initialized using 'CodeIgniter\Session\Handlers\DatabaseHandler' driver.
DEBUG - 2025-10-27 14:55:28 --> Session: Class initialized using 'CodeIgniter\Session\Handlers\DatabaseHandler' driver.
DEBUG - 2025-10-27 14:55:29 --> Session: Class initialized using 'CodeIgniter\Session\Handlers\DatabaseHandler' driver.
DEBUG - 2025-10-27 14:55:36 --> Session: Class initialized using 'CodeIgniter\Session\Handlers\DatabaseHandler' driver.
DEBUG - 2025-10-27 14:55:36 --> Session: Class initialized using 'CodeIgniter\Session\Handlers\DatabaseHandler' driver.
DEBUG - 2025-10-27 14:55:38 --> Session: Class initialized using 'CodeIgniter\Session\Handlers\DatabaseHandler' driver.
DEBUG - 2025-10-27 14:55:40 --> Session: Class initialized using 'CodeIgniter\Session\Handlers\DatabaseHandler' driver.
DEBUG - 2025-10-27 14:55:41 --> Session: Class initialized using 'CodeIgniter\Session\Handlers\DatabaseHandler' driver.
DEBUG - 2025-10-27 14:55:44 --> Session: Class initialized using 'CodeIgniter\Session\Handlers\DatabaseHandler' driver.
DEBUG - 2025-10-27 14:55:45 --> Session: Class initialized using 'CodeIgniter\Session\Handlers\DatabaseHandler' driver.
DEBUG - 2025-10-27 14:59:02 --> Session: Class initialized using 'CodeIgniter\Session\Handlers\DatabaseHandler' driver.
