DEBUG - 2025-10-31 09:10:05 --> Session: Class initialized using 'CodeIgniter\Session\Handlers\DatabaseHandler' driver.
DEBUG - 2025-10-31 09:10:06 --> Session: Class initialized using 'CodeIgniter\Session\Handlers\DatabaseHandler' driver.
DEBUG - 2025-10-31 09:10:08 --> Session: Class initialized using 'CodeIgniter\Session\Handlers\DatabaseHandler' driver.
DEBUG - 2025-10-31 09:10:08 --> Session: Class initialized using 'CodeIgniter\Session\Handlers\DatabaseHandler' driver.
DEBUG - 2025-10-31 09:11:34 --> Session: Class initialized using 'CodeIgniter\Session\Handlers\DatabaseHandler' driver.
DEBUG - 2025-10-31 09:11:34 --> Session: Class initialized using 'CodeIgniter\Session\Handlers\DatabaseHandler' driver.
DEBUG - 2025-10-31 09:11:43 --> Session: Class initialized using 'CodeIgniter\Session\Handlers\DatabaseHandler' driver.
DEBUG - 2025-10-31 09:11:43 --> Session: Class initialized using 'CodeIgniter\Session\Handlers\DatabaseHandler' driver.
DEBUG - 2025-10-31 09:11:45 --> Session: Class initialized using 'CodeIgniter\Session\Handlers\DatabaseHandler' driver.
DEBUG - 2025-10-31 09:11:45 --> Session: Class initialized using 'CodeIgniter\Session\Handlers\DatabaseHandler' driver.
DEBUG - 2025-10-31 09:11:50 --> Session: Class initialized using 'CodeIgniter\Session\Handlers\DatabaseHandler' driver.
DEBUG - 2025-10-31 09:11:50 --> Session: Class initialized using 'CodeIgniter\Session\Handlers\DatabaseHandler' driver.
DEBUG - 2025-10-31 09:12:06 --> Session: Class initialized using 'CodeIgniter\Session\Handlers\DatabaseHandler' driver.
DEBUG - 2025-10-31 09:12:19 --> Session: Class initialized using 'CodeIgniter\Session\Handlers\DatabaseHandler' driver.
DEBUG - 2025-10-31 09:12:19 --> Session: Class initialized using 'CodeIgniter\Session\Handlers\DatabaseHandler' driver.
DEBUG - 2025-10-31 09:15:46 --> Session: Class initialized using 'CodeIgniter\Session\Handlers\DatabaseHandler' driver.
DEBUG - 2025-10-31 09:16:21 --> Session: Class initialized using 'CodeIgniter\Session\Handlers\DatabaseHandler' driver.
DEBUG - 2025-10-31 09:16:23 --> Session: Class initialized using 'CodeIgniter\Session\Handlers\DatabaseHandler' driver.
DEBUG - 2025-10-31 09:16:26 --> Session: Class initialized using 'CodeIgniter\Session\Handlers\DatabaseHandler' driver.
DEBUG - 2025-10-31 09:16:27 --> Session: Class initialized using 'CodeIgniter\Session\Handlers\DatabaseHandler' driver.
DEBUG - 2025-10-31 09:16:30 --> Session: Class initialized using 'CodeIgniter\Session\Handlers\DatabaseHandler' driver.
DEBUG - 2025-10-31 09:16:33 --> Session: Class initialized using 'CodeIgniter\Session\Handlers\DatabaseHandler' driver.
DEBUG - 2025-10-31 09:16:36 --> Session: Class initialized using 'CodeIgniter\Session\Handlers\DatabaseHandler' driver.
DEBUG - 2025-10-31 09:17:04 --> Session: Class initialized using 'CodeIgniter\Session\Handlers\DatabaseHandler' driver.
DEBUG - 2025-10-31 09:17:04 --> Session: Class initialized using 'CodeIgniter\Session\Handlers\DatabaseHandler' driver.
DEBUG - 2025-10-31 09:17:14 --> Session: Class initialized using 'CodeIgniter\Session\Handlers\DatabaseHandler' driver.
DEBUG - 2025-10-31 09:27:54 --> Session: Class initialized using 'CodeIgniter\Session\Handlers\DatabaseHandler' driver.
DEBUG - 2025-10-31 09:28:27 --> Session: Class initialized using 'CodeIgniter\Session\Handlers\DatabaseHandler' driver.
DEBUG - 2025-10-31 09:28:37 --> Session: Class initialized using 'CodeIgniter\Session\Handlers\DatabaseHandler' driver.
DEBUG - 2025-10-31 09:28:44 --> Session: Class initialized using 'CodeIgniter\Session\Handlers\DatabaseHandler' driver.
ERROR - 2025-10-31 09:28:44 --> No user ID in session
DEBUG - 2025-10-31 09:28:44 --> Session: Class initialized using 'CodeIgniter\Session\Handlers\DatabaseHandler' driver.
DEBUG - 2025-10-31 09:28:46 --> Session: Class initialized using 'CodeIgniter\Session\Handlers\DatabaseHandler' driver.
ERROR - 2025-10-31 09:28:46 --> No user ID in session
DEBUG - 2025-10-31 09:28:46 --> Session: Class initialized using 'CodeIgniter\Session\Handlers\DatabaseHandler' driver.
DEBUG - 2025-10-31 09:28:47 --> Session: Class initialized using 'CodeIgniter\Session\Handlers\DatabaseHandler' driver.
ERROR - 2025-10-31 09:28:47 --> No user ID in session
DEBUG - 2025-10-31 09:28:47 --> Session: Class initialized using 'CodeIgniter\Session\Handlers\DatabaseHandler' driver.
DEBUG - 2025-10-31 09:30:21 --> Session: Class initialized using 'CodeIgniter\Session\Handlers\DatabaseHandler' driver.
DEBUG - 2025-10-31 09:30:23 --> Session: Class initialized using 'CodeIgniter\Session\Handlers\DatabaseHandler' driver.
DEBUG - 2025-10-31 09:30:23 --> Session: Class initialized using 'CodeIgniter\Session\Handlers\DatabaseHandler' driver.
DEBUG - 2025-10-31 09:30:24 --> Session: Class initialized using 'CodeIgniter\Session\Handlers\DatabaseHandler' driver.
DEBUG - 2025-10-31 09:30:24 --> Session: Class initialized using 'CodeIgniter\Session\Handlers\DatabaseHandler' driver.
DEBUG - 2025-10-31 09:30:24 --> Session: Class initialized using 'CodeIgniter\Session\Handlers\DatabaseHandler' driver.
DEBUG - 2025-10-31 09:30:24 --> Session: Class initialized using 'CodeIgniter\Session\Handlers\DatabaseHandler' driver.
DEBUG - 2025-10-31 09:30:24 --> Session: Class initialized using 'CodeIgniter\Session\Handlers\DatabaseHandler' driver.
DEBUG - 2025-10-31 09:30:24 --> Session: Class initialized using 'CodeIgniter\Session\Handlers\DatabaseHandler' driver.
DEBUG - 2025-10-31 09:30:24 --> Session: Class initialized using 'CodeIgniter\Session\Handlers\DatabaseHandler' driver.
DEBUG - 2025-10-31 09:30:24 --> Session: Class initialized using 'CodeIgniter\Session\Handlers\DatabaseHandler' driver.
DEBUG - 2025-10-31 09:30:24 --> Session: Class initialized using 'CodeIgniter\Session\Handlers\DatabaseHandler' driver.
DEBUG - 2025-10-31 09:30:25 --> Session: Class initialized using 'CodeIgniter\Session\Handlers\DatabaseHandler' driver.
DEBUG - 2025-10-31 09:30:25 --> Session: Class initialized using 'CodeIgniter\Session\Handlers\DatabaseHandler' driver.
DEBUG - 2025-10-31 09:30:25 --> Session: Class initialized using 'CodeIgniter\Session\Handlers\DatabaseHandler' driver.
DEBUG - 2025-10-31 09:30:25 --> Session: Class initialized using 'CodeIgniter\Session\Handlers\DatabaseHandler' driver.
DEBUG - 2025-10-31 09:30:25 --> Session: Class initialized using 'CodeIgniter\Session\Handlers\DatabaseHandler' driver.
DEBUG - 2025-10-31 09:30:25 --> Session: Class initialized using 'CodeIgniter\Session\Handlers\DatabaseHandler' driver.
DEBUG - 2025-10-31 09:30:25 --> Session: Class initialized using 'CodeIgniter\Session\Handlers\DatabaseHandler' driver.
DEBUG - 2025-10-31 09:30:25 --> Session: Class initialized using 'CodeIgniter\Session\Handlers\DatabaseHandler' driver.
DEBUG - 2025-10-31 09:30:25 --> Session: Class initialized using 'CodeIgniter\Session\Handlers\DatabaseHandler' driver.
DEBUG - 2025-10-31 09:30:27 --> Session: Class initialized using 'CodeIgniter\Session\Handlers\DatabaseHandler' driver.
DEBUG - 2025-10-31 09:30:27 --> Session: Class initialized using 'CodeIgniter\Session\Handlers\DatabaseHandler' driver.
DEBUG - 2025-10-31 09:30:27 --> Session: Class initialized using 'CodeIgniter\Session\Handlers\DatabaseHandler' driver.
DEBUG - 2025-10-31 09:30:27 --> Session: Class initialized using 'CodeIgniter\Session\Handlers\DatabaseHandler' driver.
DEBUG - 2025-10-31 09:30:27 --> Session: Class initialized using 'CodeIgniter\Session\Handlers\DatabaseHandler' driver.
DEBUG - 2025-10-31 09:30:27 --> Session: Class initialized using 'CodeIgniter\Session\Handlers\DatabaseHandler' driver.
DEBUG - 2025-10-31 09:30:27 --> Session: Class initialized using 'CodeIgniter\Session\Handlers\DatabaseHandler' driver.
DEBUG - 2025-10-31 09:30:27 --> Session: Class initialized using 'CodeIgniter\Session\Handlers\DatabaseHandler' driver.
DEBUG - 2025-10-31 09:30:27 --> Session: Class initialized using 'CodeIgniter\Session\Handlers\DatabaseHandler' driver.
DEBUG - 2025-10-31 09:30:28 --> Session: Class initialized using 'CodeIgniter\Session\Handlers\DatabaseHandler' driver.
DEBUG - 2025-10-31 09:30:28 --> Session: Class initialized using 'CodeIgniter\Session\Handlers\DatabaseHandler' driver.
DEBUG - 2025-10-31 09:30:28 --> Session: Class initialized using 'CodeIgniter\Session\Handlers\DatabaseHandler' driver.
DEBUG - 2025-10-31 09:30:28 --> Session: Class initialized using 'CodeIgniter\Session\Handlers\DatabaseHandler' driver.
DEBUG - 2025-10-31 09:30:28 --> Session: Class initialized using 'CodeIgniter\Session\Handlers\DatabaseHandler' driver.
DEBUG - 2025-10-31 09:30:28 --> Session: Class initialized using 'CodeIgniter\Session\Handlers\DatabaseHandler' driver.
DEBUG - 2025-10-31 09:30:28 --> Session: Class initialized using 'CodeIgniter\Session\Handlers\DatabaseHandler' driver.
DEBUG - 2025-10-31 09:30:28 --> Session: Class initialized using 'CodeIgniter\Session\Handlers\DatabaseHandler' driver.
DEBUG - 2025-10-31 09:30:28 --> Session: Class initialized using 'CodeIgniter\Session\Handlers\DatabaseHandler' driver.
DEBUG - 2025-10-31 09:30:29 --> Session: Class initialized using 'CodeIgniter\Session\Handlers\DatabaseHandler' driver.
DEBUG - 2025-10-31 09:30:29 --> Session: Class initialized using 'CodeIgniter\Session\Handlers\DatabaseHandler' driver.
DEBUG - 2025-10-31 09:30:34 --> Session: Class initialized using 'CodeIgniter\Session\Handlers\DatabaseHandler' driver.
DEBUG - 2025-10-31 09:30:34 --> Session: Class initialized using 'CodeIgniter\Session\Handlers\DatabaseHandler' driver.
DEBUG - 2025-10-31 09:30:34 --> Session: Class initialized using 'CodeIgniter\Session\Handlers\DatabaseHandler' driver.
DEBUG - 2025-10-31 09:30:34 --> Session: Class initialized using 'CodeIgniter\Session\Handlers\DatabaseHandler' driver.
DEBUG - 2025-10-31 09:30:34 --> Session: Class initialized using 'CodeIgniter\Session\Handlers\DatabaseHandler' driver.
DEBUG - 2025-10-31 09:30:34 --> Session: Class initialized using 'CodeIgniter\Session\Handlers\DatabaseHandler' driver.
DEBUG - 2025-10-31 09:30:35 --> Session: Class initialized using 'CodeIgniter\Session\Handlers\DatabaseHandler' driver.
DEBUG - 2025-10-31 09:30:35 --> Session: Class initialized using 'CodeIgniter\Session\Handlers\DatabaseHandler' driver.
DEBUG - 2025-10-31 09:30:35 --> Session: Class initialized using 'CodeIgniter\Session\Handlers\DatabaseHandler' driver.
DEBUG - 2025-10-31 09:30:35 --> Session: Class initialized using 'CodeIgniter\Session\Handlers\DatabaseHandler' driver.
DEBUG - 2025-10-31 09:30:35 --> Session: Class initialized using 'CodeIgniter\Session\Handlers\DatabaseHandler' driver.
DEBUG - 2025-10-31 09:30:35 --> Session: Class initialized using 'CodeIgniter\Session\Handlers\DatabaseHandler' driver.
DEBUG - 2025-10-31 09:30:35 --> Session: Class initialized using 'CodeIgniter\Session\Handlers\DatabaseHandler' driver.
DEBUG - 2025-10-31 09:30:35 --> Session: Class initialized using 'CodeIgniter\Session\Handlers\DatabaseHandler' driver.
DEBUG - 2025-10-31 09:30:36 --> Session: Class initialized using 'CodeIgniter\Session\Handlers\DatabaseHandler' driver.
DEBUG - 2025-10-31 09:30:36 --> Session: Class initialized using 'CodeIgniter\Session\Handlers\DatabaseHandler' driver.
DEBUG - 2025-10-31 09:30:36 --> Session: Class initialized using 'CodeIgniter\Session\Handlers\DatabaseHandler' driver.
DEBUG - 2025-10-31 09:30:36 --> Session: Class initialized using 'CodeIgniter\Session\Handlers\DatabaseHandler' driver.
DEBUG - 2025-10-31 09:30:36 --> Session: Class initialized using 'CodeIgniter\Session\Handlers\DatabaseHandler' driver.
DEBUG - 2025-10-31 09:30:36 --> Session: Class initialized using 'CodeIgniter\Session\Handlers\DatabaseHandler' driver.
DEBUG - 2025-10-31 09:30:37 --> Session: Class initialized using 'CodeIgniter\Session\Handlers\DatabaseHandler' driver.
DEBUG - 2025-10-31 09:30:40 --> Session: Class initialized using 'CodeIgniter\Session\Handlers\DatabaseHandler' driver.
DEBUG - 2025-10-31 09:30:40 --> Session: Class initialized using 'CodeIgniter\Session\Handlers\DatabaseHandler' driver.
DEBUG - 2025-10-31 09:30:40 --> Session: Class initialized using 'CodeIgniter\Session\Handlers\DatabaseHandler' driver.
DEBUG - 2025-10-31 09:30:41 --> Session: Class initialized using 'CodeIgniter\Session\Handlers\DatabaseHandler' driver.
DEBUG - 2025-10-31 09:30:41 --> Session: Class initialized using 'CodeIgniter\Session\Handlers\DatabaseHandler' driver.
DEBUG - 2025-10-31 09:30:41 --> Session: Class initialized using 'CodeIgniter\Session\Handlers\DatabaseHandler' driver.
DEBUG - 2025-10-31 09:30:41 --> Session: Class initialized using 'CodeIgniter\Session\Handlers\DatabaseHandler' driver.
DEBUG - 2025-10-31 09:30:41 --> Session: Class initialized using 'CodeIgniter\Session\Handlers\DatabaseHandler' driver.
DEBUG - 2025-10-31 09:30:41 --> Session: Class initialized using 'CodeIgniter\Session\Handlers\DatabaseHandler' driver.
DEBUG - 2025-10-31 09:30:41 --> Session: Class initialized using 'CodeIgniter\Session\Handlers\DatabaseHandler' driver.
DEBUG - 2025-10-31 09:30:41 --> Session: Class initialized using 'CodeIgniter\Session\Handlers\DatabaseHandler' driver.
DEBUG - 2025-10-31 09:30:41 --> Session: Class initialized using 'CodeIgniter\Session\Handlers\DatabaseHandler' driver.
DEBUG - 2025-10-31 09:30:42 --> Session: Class initialized using 'CodeIgniter\Session\Handlers\DatabaseHandler' driver.
DEBUG - 2025-10-31 09:30:42 --> Session: Class initialized using 'CodeIgniter\Session\Handlers\DatabaseHandler' driver.
DEBUG - 2025-10-31 09:30:42 --> Session: Class initialized using 'CodeIgniter\Session\Handlers\DatabaseHandler' driver.
DEBUG - 2025-10-31 09:30:42 --> Session: Class initialized using 'CodeIgniter\Session\Handlers\DatabaseHandler' driver.
DEBUG - 2025-10-31 09:30:42 --> Session: Class initialized using 'CodeIgniter\Session\Handlers\DatabaseHandler' driver.
DEBUG - 2025-10-31 09:30:42 --> Session: Class initialized using 'CodeIgniter\Session\Handlers\DatabaseHandler' driver.
DEBUG - 2025-10-31 09:30:42 --> Session: Class initialized using 'CodeIgniter\Session\Handlers\DatabaseHandler' driver.
DEBUG - 2025-10-31 09:30:42 --> Session: Class initialized using 'CodeIgniter\Session\Handlers\DatabaseHandler' driver.
DEBUG - 2025-10-31 09:30:44 --> Session: Class initialized using 'CodeIgniter\Session\Handlers\DatabaseHandler' driver.
DEBUG - 2025-10-31 09:30:45 --> Session: Class initialized using 'CodeIgniter\Session\Handlers\DatabaseHandler' driver.
DEBUG - 2025-10-31 09:30:47 --> Session: Class initialized using 'CodeIgniter\Session\Handlers\DatabaseHandler' driver.
ERROR - 2025-10-31 09:30:47 --> No user ID in session
DEBUG - 2025-10-31 09:30:47 --> Session: Class initialized using 'CodeIgniter\Session\Handlers\DatabaseHandler' driver.
DEBUG - 2025-10-31 09:31:11 --> Session: Class initialized using 'CodeIgniter\Session\Handlers\DatabaseHandler' driver.
DEBUG - 2025-10-31 09:31:25 --> Session: Class initialized using 'CodeIgniter\Session\Handlers\DatabaseHandler' driver.
DEBUG - 2025-10-31 09:31:29 --> Session: Class initialized using 'CodeIgniter\Session\Handlers\DatabaseHandler' driver.
DEBUG - 2025-10-31 09:31:41 --> Session: Class initialized using 'CodeIgniter\Session\Handlers\DatabaseHandler' driver.
DEBUG - 2025-10-31 09:31:45 --> Session: Class initialized using 'CodeIgniter\Session\Handlers\DatabaseHandler' driver.
DEBUG - 2025-10-31 09:32:03 --> Session: Class initialized using 'CodeIgniter\Session\Handlers\DatabaseHandler' driver.
DEBUG - 2025-10-31 09:32:13 --> Session: Class initialized using 'CodeIgniter\Session\Handlers\DatabaseHandler' driver.
DEBUG - 2025-10-31 09:32:26 --> Session: Class initialized using 'CodeIgniter\Session\Handlers\DatabaseHandler' driver.
DEBUG - 2025-10-31 09:34:08 --> Session: Class initialized using 'CodeIgniter\Session\Handlers\DatabaseHandler' driver.
DEBUG - 2025-10-31 09:34:10 --> Session: Class initialized using 'CodeIgniter\Session\Handlers\DatabaseHandler' driver.
DEBUG - 2025-10-31 09:34:13 --> Session: Class initialized using 'CodeIgniter\Session\Handlers\DatabaseHandler' driver.
DEBUG - 2025-10-31 09:34:13 --> Session: Class initialized using 'CodeIgniter\Session\Handlers\DatabaseHandler' driver.
DEBUG - 2025-10-31 09:34:13 --> Session: Class initialized using 'CodeIgniter\Session\Handlers\DatabaseHandler' driver.
DEBUG - 2025-10-31 09:34:13 --> Session: Class initialized using 'CodeIgniter\Session\Handlers\DatabaseHandler' driver.
DEBUG - 2025-10-31 09:34:13 --> Session: Class initialized using 'CodeIgniter\Session\Handlers\DatabaseHandler' driver.
DEBUG - 2025-10-31 09:34:13 --> Session: Class initialized using 'CodeIgniter\Session\Handlers\DatabaseHandler' driver.
DEBUG - 2025-10-31 09:34:14 --> Session: Class initialized using 'CodeIgniter\Session\Handlers\DatabaseHandler' driver.
DEBUG - 2025-10-31 09:34:14 --> Session: Class initialized using 'CodeIgniter\Session\Handlers\DatabaseHandler' driver.
DEBUG - 2025-10-31 09:34:14 --> Session: Class initialized using 'CodeIgniter\Session\Handlers\DatabaseHandler' driver.
DEBUG - 2025-10-31 09:34:14 --> Session: Class initialized using 'CodeIgniter\Session\Handlers\DatabaseHandler' driver.
DEBUG - 2025-10-31 09:34:14 --> Session: Class initialized using 'CodeIgniter\Session\Handlers\DatabaseHandler' driver.
DEBUG - 2025-10-31 09:34:14 --> Session: Class initialized using 'CodeIgniter\Session\Handlers\DatabaseHandler' driver.
DEBUG - 2025-10-31 09:34:14 --> Session: Class initialized using 'CodeIgniter\Session\Handlers\DatabaseHandler' driver.
DEBUG - 2025-10-31 09:34:14 --> Session: Class initialized using 'CodeIgniter\Session\Handlers\DatabaseHandler' driver.
DEBUG - 2025-10-31 09:34:15 --> Session: Class initialized using 'CodeIgniter\Session\Handlers\DatabaseHandler' driver.
DEBUG - 2025-10-31 09:34:15 --> Session: Class initialized using 'CodeIgniter\Session\Handlers\DatabaseHandler' driver.
DEBUG - 2025-10-31 09:34:15 --> Session: Class initialized using 'CodeIgniter\Session\Handlers\DatabaseHandler' driver.
DEBUG - 2025-10-31 09:34:15 --> Session: Class initialized using 'CodeIgniter\Session\Handlers\DatabaseHandler' driver.
DEBUG - 2025-10-31 09:34:15 --> Session: Class initialized using 'CodeIgniter\Session\Handlers\DatabaseHandler' driver.
DEBUG - 2025-10-31 09:34:15 --> Session: Class initialized using 'CodeIgniter\Session\Handlers\DatabaseHandler' driver.
DEBUG - 2025-10-31 09:34:16 --> Session: Class initialized using 'CodeIgniter\Session\Handlers\DatabaseHandler' driver.
DEBUG - 2025-10-31 09:34:16 --> Session: Class initialized using 'CodeIgniter\Session\Handlers\DatabaseHandler' driver.
DEBUG - 2025-10-31 09:34:16 --> Session: Class initialized using 'CodeIgniter\Session\Handlers\DatabaseHandler' driver.
DEBUG - 2025-10-31 09:34:17 --> Session: Class initialized using 'CodeIgniter\Session\Handlers\DatabaseHandler' driver.
DEBUG - 2025-10-31 09:34:17 --> Session: Class initialized using 'CodeIgniter\Session\Handlers\DatabaseHandler' driver.
DEBUG - 2025-10-31 09:34:17 --> Session: Class initialized using 'CodeIgniter\Session\Handlers\DatabaseHandler' driver.
DEBUG - 2025-10-31 09:34:17 --> Session: Class initialized using 'CodeIgniter\Session\Handlers\DatabaseHandler' driver.
DEBUG - 2025-10-31 09:34:17 --> Session: Class initialized using 'CodeIgniter\Session\Handlers\DatabaseHandler' driver.
DEBUG - 2025-10-31 09:34:17 --> Session: Class initialized using 'CodeIgniter\Session\Handlers\DatabaseHandler' driver.
DEBUG - 2025-10-31 09:34:17 --> Session: Class initialized using 'CodeIgniter\Session\Handlers\DatabaseHandler' driver.
DEBUG - 2025-10-31 09:34:18 --> Session: Class initialized using 'CodeIgniter\Session\Handlers\DatabaseHandler' driver.
DEBUG - 2025-10-31 09:34:18 --> Session: Class initialized using 'CodeIgniter\Session\Handlers\DatabaseHandler' driver.
DEBUG - 2025-10-31 09:34:18 --> Session: Class initialized using 'CodeIgniter\Session\Handlers\DatabaseHandler' driver.
DEBUG - 2025-10-31 09:34:18 --> Session: Class initialized using 'CodeIgniter\Session\Handlers\DatabaseHandler' driver.
DEBUG - 2025-10-31 09:34:18 --> Session: Class initialized using 'CodeIgniter\Session\Handlers\DatabaseHandler' driver.
DEBUG - 2025-10-31 09:34:18 --> Session: Class initialized using 'CodeIgniter\Session\Handlers\DatabaseHandler' driver.
DEBUG - 2025-10-31 09:34:18 --> Session: Class initialized using 'CodeIgniter\Session\Handlers\DatabaseHandler' driver.
DEBUG - 2025-10-31 09:34:18 --> Session: Class initialized using 'CodeIgniter\Session\Handlers\DatabaseHandler' driver.
DEBUG - 2025-10-31 09:34:18 --> Session: Class initialized using 'CodeIgniter\Session\Handlers\DatabaseHandler' driver.
DEBUG - 2025-10-31 09:34:19 --> Session: Class initialized using 'CodeIgniter\Session\Handlers\DatabaseHandler' driver.
DEBUG - 2025-10-31 09:34:24 --> Session: Class initialized using 'CodeIgniter\Session\Handlers\DatabaseHandler' driver.
DEBUG - 2025-10-31 09:34:24 --> Session: Class initialized using 'CodeIgniter\Session\Handlers\DatabaseHandler' driver.
DEBUG - 2025-10-31 09:34:24 --> Session: Class initialized using 'CodeIgniter\Session\Handlers\DatabaseHandler' driver.
DEBUG - 2025-10-31 09:34:24 --> Session: Class initialized using 'CodeIgniter\Session\Handlers\DatabaseHandler' driver.
DEBUG - 2025-10-31 09:34:24 --> Session: Class initialized using 'CodeIgniter\Session\Handlers\DatabaseHandler' driver.
DEBUG - 2025-10-31 09:34:24 --> Session: Class initialized using 'CodeIgniter\Session\Handlers\DatabaseHandler' driver.
DEBUG - 2025-10-31 09:34:24 --> Session: Class initialized using 'CodeIgniter\Session\Handlers\DatabaseHandler' driver.
DEBUG - 2025-10-31 09:34:25 --> Session: Class initialized using 'CodeIgniter\Session\Handlers\DatabaseHandler' driver.
DEBUG - 2025-10-31 09:34:25 --> Session: Class initialized using 'CodeIgniter\Session\Handlers\DatabaseHandler' driver.
DEBUG - 2025-10-31 09:34:25 --> Session: Class initialized using 'CodeIgniter\Session\Handlers\DatabaseHandler' driver.
DEBUG - 2025-10-31 09:34:25 --> Session: Class initialized using 'CodeIgniter\Session\Handlers\DatabaseHandler' driver.
DEBUG - 2025-10-31 09:34:25 --> Session: Class initialized using 'CodeIgniter\Session\Handlers\DatabaseHandler' driver.
DEBUG - 2025-10-31 09:34:25 --> Session: Class initialized using 'CodeIgniter\Session\Handlers\DatabaseHandler' driver.
DEBUG - 2025-10-31 09:34:25 --> Session: Class initialized using 'CodeIgniter\Session\Handlers\DatabaseHandler' driver.
DEBUG - 2025-10-31 09:34:25 --> Session: Class initialized using 'CodeIgniter\Session\Handlers\DatabaseHandler' driver.
DEBUG - 2025-10-31 09:34:26 --> Session: Class initialized using 'CodeIgniter\Session\Handlers\DatabaseHandler' driver.
DEBUG - 2025-10-31 09:34:26 --> Session: Class initialized using 'CodeIgniter\Session\Handlers\DatabaseHandler' driver.
DEBUG - 2025-10-31 09:34:26 --> Session: Class initialized using 'CodeIgniter\Session\Handlers\DatabaseHandler' driver.
DEBUG - 2025-10-31 09:34:26 --> Session: Class initialized using 'CodeIgniter\Session\Handlers\DatabaseHandler' driver.
DEBUG - 2025-10-31 09:34:26 --> Session: Class initialized using 'CodeIgniter\Session\Handlers\DatabaseHandler' driver.
DEBUG - 2025-10-31 09:34:29 --> Session: Class initialized using 'CodeIgniter\Session\Handlers\DatabaseHandler' driver.
DEBUG - 2025-10-31 09:34:56 --> Session: Class initialized using 'CodeIgniter\Session\Handlers\DatabaseHandler' driver.
DEBUG - 2025-10-31 09:34:56 --> Session: Class initialized using 'CodeIgniter\Session\Handlers\DatabaseHandler' driver.
DEBUG - 2025-10-31 09:34:56 --> Session: Class initialized using 'CodeIgniter\Session\Handlers\DatabaseHandler' driver.
DEBUG - 2025-10-31 09:34:56 --> Session: Class initialized using 'CodeIgniter\Session\Handlers\DatabaseHandler' driver.
DEBUG - 2025-10-31 09:34:57 --> Session: Class initialized using 'CodeIgniter\Session\Handlers\DatabaseHandler' driver.
DEBUG - 2025-10-31 09:34:57 --> Session: Class initialized using 'CodeIgniter\Session\Handlers\DatabaseHandler' driver.
DEBUG - 2025-10-31 09:34:57 --> Session: Class initialized using 'CodeIgniter\Session\Handlers\DatabaseHandler' driver.
DEBUG - 2025-10-31 09:34:57 --> Session: Class initialized using 'CodeIgniter\Session\Handlers\DatabaseHandler' driver.
DEBUG - 2025-10-31 09:34:57 --> Session: Class initialized using 'CodeIgniter\Session\Handlers\DatabaseHandler' driver.
DEBUG - 2025-10-31 09:34:57 --> Session: Class initialized using 'CodeIgniter\Session\Handlers\DatabaseHandler' driver.
DEBUG - 2025-10-31 09:34:57 --> Session: Class initialized using 'CodeIgniter\Session\Handlers\DatabaseHandler' driver.
DEBUG - 2025-10-31 09:34:57 --> Session: Class initialized using 'CodeIgniter\Session\Handlers\DatabaseHandler' driver.
DEBUG - 2025-10-31 09:34:57 --> Session: Class initialized using 'CodeIgniter\Session\Handlers\DatabaseHandler' driver.
DEBUG - 2025-10-31 09:34:58 --> Session: Class initialized using 'CodeIgniter\Session\Handlers\DatabaseHandler' driver.
DEBUG - 2025-10-31 09:34:58 --> Session: Class initialized using 'CodeIgniter\Session\Handlers\DatabaseHandler' driver.
DEBUG - 2025-10-31 09:34:58 --> Session: Class initialized using 'CodeIgniter\Session\Handlers\DatabaseHandler' driver.
DEBUG - 2025-10-31 09:34:58 --> Session: Class initialized using 'CodeIgniter\Session\Handlers\DatabaseHandler' driver.
DEBUG - 2025-10-31 09:34:58 --> Session: Class initialized using 'CodeIgniter\Session\Handlers\DatabaseHandler' driver.
DEBUG - 2025-10-31 09:34:58 --> Session: Class initialized using 'CodeIgniter\Session\Handlers\DatabaseHandler' driver.
DEBUG - 2025-10-31 09:34:58 --> Session: Class initialized using 'CodeIgniter\Session\Handlers\DatabaseHandler' driver.
DEBUG - 2025-10-31 09:35:59 --> Session: Class initialized using 'CodeIgniter\Session\Handlers\DatabaseHandler' driver.
DEBUG - 2025-10-31 09:35:59 --> Session: Class initialized using 'CodeIgniter\Session\Handlers\DatabaseHandler' driver.
DEBUG - 2025-10-31 09:35:59 --> Session: Class initialized using 'CodeIgniter\Session\Handlers\DatabaseHandler' driver.
DEBUG - 2025-10-31 09:35:59 --> Session: Class initialized using 'CodeIgniter\Session\Handlers\DatabaseHandler' driver.
DEBUG - 2025-10-31 09:35:59 --> Session: Class initialized using 'CodeIgniter\Session\Handlers\DatabaseHandler' driver.
DEBUG - 2025-10-31 09:35:59 --> Session: Class initialized using 'CodeIgniter\Session\Handlers\DatabaseHandler' driver.
DEBUG - 2025-10-31 09:35:59 --> Session: Class initialized using 'CodeIgniter\Session\Handlers\DatabaseHandler' driver.
DEBUG - 2025-10-31 09:35:59 --> Session: Class initialized using 'CodeIgniter\Session\Handlers\DatabaseHandler' driver.
DEBUG - 2025-10-31 09:36:00 --> Session: Class initialized using 'CodeIgniter\Session\Handlers\DatabaseHandler' driver.
DEBUG - 2025-10-31 09:36:00 --> Session: Class initialized using 'CodeIgniter\Session\Handlers\DatabaseHandler' driver.
DEBUG - 2025-10-31 09:36:00 --> Session: Class initialized using 'CodeIgniter\Session\Handlers\DatabaseHandler' driver.
DEBUG - 2025-10-31 09:36:00 --> Session: Class initialized using 'CodeIgniter\Session\Handlers\DatabaseHandler' driver.
DEBUG - 2025-10-31 09:36:00 --> Session: Class initialized using 'CodeIgniter\Session\Handlers\DatabaseHandler' driver.
DEBUG - 2025-10-31 09:36:00 --> Session: Class initialized using 'CodeIgniter\Session\Handlers\DatabaseHandler' driver.
DEBUG - 2025-10-31 09:36:00 --> Session: Class initialized using 'CodeIgniter\Session\Handlers\DatabaseHandler' driver.
DEBUG - 2025-10-31 09:36:00 --> Session: Class initialized using 'CodeIgniter\Session\Handlers\DatabaseHandler' driver.
DEBUG - 2025-10-31 09:36:01 --> Session: Class initialized using 'CodeIgniter\Session\Handlers\DatabaseHandler' driver.
DEBUG - 2025-10-31 09:36:01 --> Session: Class initialized using 'CodeIgniter\Session\Handlers\DatabaseHandler' driver.
DEBUG - 2025-10-31 09:36:01 --> Session: Class initialized using 'CodeIgniter\Session\Handlers\DatabaseHandler' driver.
DEBUG - 2025-10-31 09:36:01 --> Session: Class initialized using 'CodeIgniter\Session\Handlers\DatabaseHandler' driver.
DEBUG - 2025-10-31 09:41:01 --> Session: Class initialized using 'CodeIgniter\Session\Handlers\DatabaseHandler' driver.
DEBUG - 2025-10-31 09:41:01 --> Session: Class initialized using 'CodeIgniter\Session\Handlers\DatabaseHandler' driver.
DEBUG - 2025-10-31 09:41:01 --> Session: Class initialized using 'CodeIgniter\Session\Handlers\DatabaseHandler' driver.
DEBUG - 2025-10-31 09:41:01 --> Session: Class initialized using 'CodeIgniter\Session\Handlers\DatabaseHandler' driver.
DEBUG - 2025-10-31 09:41:01 --> Session: Class initialized using 'CodeIgniter\Session\Handlers\DatabaseHandler' driver.
DEBUG - 2025-10-31 09:41:02 --> Session: Class initialized using 'CodeIgniter\Session\Handlers\DatabaseHandler' driver.
DEBUG - 2025-10-31 09:41:02 --> Session: Class initialized using 'CodeIgniter\Session\Handlers\DatabaseHandler' driver.
DEBUG - 2025-10-31 09:41:02 --> Session: Class initialized using 'CodeIgniter\Session\Handlers\DatabaseHandler' driver.
DEBUG - 2025-10-31 09:41:02 --> Session: Class initialized using 'CodeIgniter\Session\Handlers\DatabaseHandler' driver.
DEBUG - 2025-10-31 09:41:02 --> Session: Class initialized using 'CodeIgniter\Session\Handlers\DatabaseHandler' driver.
DEBUG - 2025-10-31 09:41:02 --> Session: Class initialized using 'CodeIgniter\Session\Handlers\DatabaseHandler' driver.
DEBUG - 2025-10-31 09:41:02 --> Session: Class initialized using 'CodeIgniter\Session\Handlers\DatabaseHandler' driver.
DEBUG - 2025-10-31 09:41:02 --> Session: Class initialized using 'CodeIgniter\Session\Handlers\DatabaseHandler' driver.
DEBUG - 2025-10-31 09:41:02 --> Session: Class initialized using 'CodeIgniter\Session\Handlers\DatabaseHandler' driver.
DEBUG - 2025-10-31 09:41:03 --> Session: Class initialized using 'CodeIgniter\Session\Handlers\DatabaseHandler' driver.
DEBUG - 2025-10-31 09:41:03 --> Session: Class initialized using 'CodeIgniter\Session\Handlers\DatabaseHandler' driver.
DEBUG - 2025-10-31 09:41:03 --> Session: Class initialized using 'CodeIgniter\Session\Handlers\DatabaseHandler' driver.
DEBUG - 2025-10-31 09:41:03 --> Session: Class initialized using 'CodeIgniter\Session\Handlers\DatabaseHandler' driver.
DEBUG - 2025-10-31 09:41:03 --> Session: Class initialized using 'CodeIgniter\Session\Handlers\DatabaseHandler' driver.
DEBUG - 2025-10-31 09:41:03 --> Session: Class initialized using 'CodeIgniter\Session\Handlers\DatabaseHandler' driver.
DEBUG - 2025-10-31 09:41:46 --> Session: Class initialized using 'CodeIgniter\Session\Handlers\DatabaseHandler' driver.
DEBUG - 2025-10-31 09:41:59 --> Session: Class initialized using 'CodeIgniter\Session\Handlers\DatabaseHandler' driver.
DEBUG - 2025-10-31 09:42:01 --> Session: Class initialized using 'CodeIgniter\Session\Handlers\DatabaseHandler' driver.
DEBUG - 2025-10-31 09:42:03 --> Session: Class initialized using 'CodeIgniter\Session\Handlers\DatabaseHandler' driver.
DEBUG - 2025-10-31 09:42:04 --> Session: Class initialized using 'CodeIgniter\Session\Handlers\DatabaseHandler' driver.
DEBUG - 2025-10-31 09:42:05 --> Session: Class initialized using 'CodeIgniter\Session\Handlers\DatabaseHandler' driver.
DEBUG - 2025-10-31 09:42:05 --> Session: Class initialized using 'CodeIgniter\Session\Handlers\DatabaseHandler' driver.
DEBUG - 2025-10-31 09:42:06 --> Session: Class initialized using 'CodeIgniter\Session\Handlers\DatabaseHandler' driver.
DEBUG - 2025-10-31 09:43:08 --> Session: Class initialized using 'CodeIgniter\Session\Handlers\DatabaseHandler' driver.
DEBUG - 2025-10-31 09:43:10 --> Session: Class initialized using 'CodeIgniter\Session\Handlers\DatabaseHandler' driver.
DEBUG - 2025-10-31 09:43:13 --> Session: Class initialized using 'CodeIgniter\Session\Handlers\DatabaseHandler' driver.
DEBUG - 2025-10-31 09:43:43 --> Session: Class initialized using 'CodeIgniter\Session\Handlers\DatabaseHandler' driver.
DEBUG - 2025-10-31 09:52:55 --> Session: Class initialized using 'CodeIgniter\Session\Handlers\DatabaseHandler' driver.
DEBUG - 2025-10-31 09:53:03 --> Session: Class initialized using 'CodeIgniter\Session\Handlers\DatabaseHandler' driver.
DEBUG - 2025-10-31 09:53:21 --> Session: Class initialized using 'CodeIgniter\Session\Handlers\DatabaseHandler' driver.
DEBUG - 2025-10-31 09:54:19 --> Session: Class initialized using 'CodeIgniter\Session\Handlers\DatabaseHandler' driver.
DEBUG - 2025-10-31 09:54:22 --> Session: Class initialized using 'CodeIgniter\Session\Handlers\DatabaseHandler' driver.
DEBUG - 2025-10-31 09:54:33 --> Session: Class initialized using 'CodeIgniter\Session\Handlers\DatabaseHandler' driver.
DEBUG - 2025-10-31 09:54:36 --> Session: Class initialized using 'CodeIgniter\Session\Handlers\DatabaseHandler' driver.
DEBUG - 2025-10-31 09:54:43 --> Session: Class initialized using 'CodeIgniter\Session\Handlers\DatabaseHandler' driver.
DEBUG - 2025-10-31 09:54:55 --> Session: Class initialized using 'CodeIgniter\Session\Handlers\DatabaseHandler' driver.
DEBUG - 2025-10-31 09:56:55 --> Session: Class initialized using 'CodeIgniter\Session\Handlers\DatabaseHandler' driver.
DEBUG - 2025-10-31 09:57:00 --> Session: Class initialized using 'CodeIgniter\Session\Handlers\DatabaseHandler' driver.
DEBUG - 2025-10-31 09:57:26 --> Session: Class initialized using 'CodeIgniter\Session\Handlers\DatabaseHandler' driver.
DEBUG - 2025-10-31 09:57:41 --> Session: Class initialized using 'CodeIgniter\Session\Handlers\DatabaseHandler' driver.
DEBUG - 2025-10-31 09:57:44 --> Session: Class initialized using 'CodeIgniter\Session\Handlers\DatabaseHandler' driver.
DEBUG - 2025-10-31 09:57:52 --> Session: Class initialized using 'CodeIgniter\Session\Handlers\DatabaseHandler' driver.
DEBUG - 2025-10-31 09:57:55 --> Session: Class initialized using 'CodeIgniter\Session\Handlers\DatabaseHandler' driver.
DEBUG - 2025-10-31 10:04:07 --> Session: Class initialized using 'CodeIgniter\Session\Handlers\DatabaseHandler' driver.
DEBUG - 2025-10-31 10:04:10 --> Session: Class initialized using 'CodeIgniter\Session\Handlers\DatabaseHandler' driver.
DEBUG - 2025-10-31 10:04:21 --> Session: Class initialized using 'CodeIgniter\Session\Handlers\DatabaseHandler' driver.
DEBUG - 2025-10-31 10:04:24 --> Session: Class initialized using 'CodeIgniter\Session\Handlers\DatabaseHandler' driver.
DEBUG - 2025-10-31 10:04:30 --> Session: Class initialized using 'CodeIgniter\Session\Handlers\DatabaseHandler' driver.
DEBUG - 2025-10-31 10:04:34 --> Session: Class initialized using 'CodeIgniter\Session\Handlers\DatabaseHandler' driver.
DEBUG - 2025-10-31 10:04:35 --> Session: Class initialized using 'CodeIgniter\Session\Handlers\DatabaseHandler' driver.
ERROR - 2025-10-31 10:04:35 --> mysqli_sql_exception: Unknown column 'status' in 'where clause' in C:\xampp\htdocs\bhaviclients\system\Database\MySQLi\Connection.php:327
Stack trace:
#0 C:\xampp\htdocs\bhaviclients\system\Database\MySQLi\Connection.php(327): mysqli->query('SELECT *\nFROM `...', 0)
#1 C:\xampp\htdocs\bhaviclients\system\Database\BaseConnection.php(738): CodeIgniter\Database\MySQLi\Connection->execute('SELECT *\nFROM `...')
#2 C:\xampp\htdocs\bhaviclients\system\Database\BaseConnection.php(652): CodeIgniter\Database\BaseConnection->simpleQuery('SELECT *\nFROM `...')
#3 C:\xampp\htdocs\bhaviclients\system\Database\BaseBuilder.php(1649): CodeIgniter\Database\BaseConnection->query('SELECT *\nFROM `...', Array, false)
#4 C:\xampp\htdocs\bhaviclients\system\Model.php(286): CodeIgniter\Database\BaseBuilder->get()
#5 C:\xampp\htdocs\bhaviclients\system\BaseModel.php(679): CodeIgniter\Model->doFindAll(0, 0)
#6 C:\xampp\htdocs\bhaviclients\app\Controllers\ClientAsset.php(61): CodeIgniter\BaseModel->findAll()
#7 C:\xampp\htdocs\bhaviclients\system\CodeIgniter.php(933): App\Controllers\ClientAsset->create()
#8 C:\xampp\htdocs\bhaviclients\system\CodeIgniter.php(507): CodeIgniter\CodeIgniter->runController(Object(App\Controllers\ClientAsset))
#9 C:\xampp\htdocs\bhaviclients\system\CodeIgniter.php(354): CodeIgniter\CodeIgniter->handleRequest(NULL, Object(Config\Cache), false)
#10 C:\xampp\htdocs\bhaviclients\system\Boot.php(334): CodeIgniter\CodeIgniter->run()
#11 C:\xampp\htdocs\bhaviclients\system\Boot.php(67): CodeIgniter\Boot::runCodeIgniter(Object(CodeIgniter\CodeIgniter))
#12 C:\xampp\htdocs\bhaviclients\index.php(46): CodeIgniter\Boot::bootWeb(Object(Config\Paths))
#13 {main}
CRITICAL - 2025-10-31 10:04:35 --> CodeIgniter\Database\Exceptions\DatabaseException: Unknown column 'status' in 'where clause'
[Method: GET, Route: client-assets/create]
in SYSTEMPATH\Database\BaseConnection.php on line 692.
 1 SYSTEMPATH\Database\BaseBuilder.php(1649): CodeIgniter\Database\BaseConnection->query('SELECT *
FROM `clients`
WHERE `status` = :status:', [...], false)
 2 SYSTEMPATH\Model.php(286): CodeIgniter\Database\BaseBuilder->get()
 3 SYSTEMPATH\BaseModel.php(679): CodeIgniter\Model->doFindAll(0, 0)
 4 APPPATH\Controllers\ClientAsset.php(61): CodeIgniter\BaseModel->findAll()
 5 SYSTEMPATH\CodeIgniter.php(933): App\Controllers\ClientAsset->create()
 6 SYSTEMPATH\CodeIgniter.php(507): CodeIgniter\CodeIgniter->runController(Object(App\Controllers\ClientAsset))
 7 SYSTEMPATH\CodeIgniter.php(354): CodeIgniter\CodeIgniter->handleRequest(null, Object(Config\Cache), false)
 8 SYSTEMPATH\Boot.php(334): CodeIgniter\CodeIgniter->run()
 9 SYSTEMPATH\Boot.php(67): CodeIgniter\Boot::runCodeIgniter(Object(CodeIgniter\CodeIgniter))
10 FCPATH\index.php(46): CodeIgniter\Boot::bootWeb(Object(Config\Paths))
CRITICAL - 2025-10-31 10:04:35 --> [Caused by] CodeIgniter\Database\Exceptions\DatabaseException: Unknown column 'status' in 'where clause'
in SYSTEMPATH\Database\MySQLi\Connection.php on line 332.
 1 SYSTEMPATH\Database\BaseConnection.php(738): CodeIgniter\Database\MySQLi\Connection->execute('SELECT *
FROM `clients`
WHERE `status` = \'active\'')
 2 SYSTEMPATH\Database\BaseConnection.php(652): CodeIgniter\Database\BaseConnection->simpleQuery('SELECT *
FROM `clients`
WHERE `status` = \'active\'')
 3 SYSTEMPATH\Database\BaseBuilder.php(1649): CodeIgniter\Database\BaseConnection->query('SELECT *
FROM `clients`
WHERE `status` = :status:', [...], false)
 4 SYSTEMPATH\Model.php(286): CodeIgniter\Database\BaseBuilder->get()
 5 SYSTEMPATH\BaseModel.php(679): CodeIgniter\Model->doFindAll(0, 0)
 6 APPPATH\Controllers\ClientAsset.php(61): CodeIgniter\BaseModel->findAll()
 7 SYSTEMPATH\CodeIgniter.php(933): App\Controllers\ClientAsset->create()
 8 SYSTEMPATH\CodeIgniter.php(507): CodeIgniter\CodeIgniter->runController(Object(App\Controllers\ClientAsset))
 9 SYSTEMPATH\CodeIgniter.php(354): CodeIgniter\CodeIgniter->handleRequest(null, Object(Config\Cache), false)
10 SYSTEMPATH\Boot.php(334): CodeIgniter\CodeIgniter->run()
11 SYSTEMPATH\Boot.php(67): CodeIgniter\Boot::runCodeIgniter(Object(CodeIgniter\CodeIgniter))
12 FCPATH\index.php(46): CodeIgniter\Boot::bootWeb(Object(Config\Paths))
CRITICAL - 2025-10-31 10:04:35 --> [Caused by] mysqli_sql_exception: Unknown column 'status' in 'where clause'
in SYSTEMPATH\Database\MySQLi\Connection.php on line 327.
 1 SYSTEMPATH\Database\MySQLi\Connection.php(327): mysqli->query('SELECT *
FROM `clients`
WHERE `status` = \'active\'', 0)
 2 SYSTEMPATH\Database\BaseConnection.php(738): CodeIgniter\Database\MySQLi\Connection->execute('SELECT *
FROM `clients`
WHERE `status` = \'active\'')
 3 SYSTEMPATH\Database\BaseConnection.php(652): CodeIgniter\Database\BaseConnection->simpleQuery('SELECT *
FROM `clients`
WHERE `status` = \'active\'')
 4 SYSTEMPATH\Database\BaseBuilder.php(1649): CodeIgniter\Database\BaseConnection->query('SELECT *
FROM `clients`
WHERE `status` = :status:', [...], false)
 5 SYSTEMPATH\Model.php(286): CodeIgniter\Database\BaseBuilder->get()
 6 SYSTEMPATH\BaseModel.php(679): CodeIgniter\Model->doFindAll(0, 0)
 7 APPPATH\Controllers\ClientAsset.php(61): CodeIgniter\BaseModel->findAll()
 8 SYSTEMPATH\CodeIgniter.php(933): App\Controllers\ClientAsset->create()
 9 SYSTEMPATH\CodeIgniter.php(507): CodeIgniter\CodeIgniter->runController(Object(App\Controllers\ClientAsset))
10 SYSTEMPATH\CodeIgniter.php(354): CodeIgniter\CodeIgniter->handleRequest(null, Object(Config\Cache), false)
11 SYSTEMPATH\Boot.php(334): CodeIgniter\CodeIgniter->run()
12 SYSTEMPATH\Boot.php(67): CodeIgniter\Boot::runCodeIgniter(Object(CodeIgniter\CodeIgniter))
13 FCPATH\index.php(46): CodeIgniter\Boot::bootWeb(Object(Config\Paths))
DEBUG - 2025-10-31 10:07:37 --> Session: Class initialized using 'CodeIgniter\Session\Handlers\DatabaseHandler' driver.
DEBUG - 2025-10-31 10:11:19 --> Session: Class initialized using 'CodeIgniter\Session\Handlers\DatabaseHandler' driver.
DEBUG - 2025-10-31 10:11:19 --> Session: Class initialized using 'CodeIgniter\Session\Handlers\DatabaseHandler' driver.
DEBUG - 2025-10-31 10:11:33 --> Session: Class initialized using 'CodeIgniter\Session\Handlers\DatabaseHandler' driver.
DEBUG - 2025-10-31 10:12:01 --> Session: Class initialized using 'CodeIgniter\Session\Handlers\DatabaseHandler' driver.
DEBUG - 2025-10-31 10:12:31 --> Session: Class initialized using 'CodeIgniter\Session\Handlers\DatabaseHandler' driver.
DEBUG - 2025-10-31 10:12:31 --> Session: Class initialized using 'CodeIgniter\Session\Handlers\DatabaseHandler' driver.
DEBUG - 2025-10-31 10:12:37 --> Session: Class initialized using 'CodeIgniter\Session\Handlers\DatabaseHandler' driver.
DEBUG - 2025-10-31 10:12:40 --> Session: Class initialized using 'CodeIgniter\Session\Handlers\DatabaseHandler' driver.
DEBUG - 2025-10-31 10:12:42 --> Session: Class initialized using 'CodeIgniter\Session\Handlers\DatabaseHandler' driver.
DEBUG - 2025-10-31 10:12:57 --> Session: Class initialized using 'CodeIgniter\Session\Handlers\DatabaseHandler' driver.
DEBUG - 2025-10-31 10:12:57 --> Session: Class initialized using 'CodeIgniter\Session\Handlers\DatabaseHandler' driver.
DEBUG - 2025-10-31 10:13:08 --> Session: Class initialized using 'CodeIgniter\Session\Handlers\DatabaseHandler' driver.
DEBUG - 2025-10-31 10:13:09 --> Session: Class initialized using 'CodeIgniter\Session\Handlers\DatabaseHandler' driver.
DEBUG - 2025-10-31 10:14:19 --> Session: Class initialized using 'CodeIgniter\Session\Handlers\DatabaseHandler' driver.
DEBUG - 2025-10-31 10:14:21 --> Session: Class initialized using 'CodeIgniter\Session\Handlers\DatabaseHandler' driver.
DEBUG - 2025-10-31 10:15:18 --> Session: Class initialized using 'CodeIgniter\Session\Handlers\DatabaseHandler' driver.
DEBUG - 2025-10-31 10:15:24 --> Session: Class initialized using 'CodeIgniter\Session\Handlers\DatabaseHandler' driver.
DEBUG - 2025-10-31 10:15:25 --> Session: Class initialized using 'CodeIgniter\Session\Handlers\DatabaseHandler' driver.
DEBUG - 2025-10-31 10:15:27 --> Session: Class initialized using 'CodeIgniter\Session\Handlers\DatabaseHandler' driver.
DEBUG - 2025-10-31 10:15:28 --> Session: Class initialized using 'CodeIgniter\Session\Handlers\DatabaseHandler' driver.
DEBUG - 2025-10-31 10:15:30 --> Session: Class initialized using 'CodeIgniter\Session\Handlers\DatabaseHandler' driver.
DEBUG - 2025-10-31 10:15:32 --> Session: Class initialized using 'CodeIgniter\Session\Handlers\DatabaseHandler' driver.
DEBUG - 2025-10-31 10:16:26 --> Session: Class initialized using 'CodeIgniter\Session\Handlers\DatabaseHandler' driver.
DEBUG - 2025-10-31 10:16:31 --> Session: Class initialized using 'CodeIgniter\Session\Handlers\DatabaseHandler' driver.
DEBUG - 2025-10-31 10:16:57 --> Session: Class initialized using 'CodeIgniter\Session\Handlers\DatabaseHandler' driver.
DEBUG - 2025-10-31 10:17:27 --> Session: Class initialized using 'CodeIgniter\Session\Handlers\DatabaseHandler' driver.
DEBUG - 2025-10-31 10:17:57 --> Session: Class initialized using 'CodeIgniter\Session\Handlers\DatabaseHandler' driver.
DEBUG - 2025-10-31 10:18:00 --> Session: Class initialized using 'CodeIgniter\Session\Handlers\DatabaseHandler' driver.
DEBUG - 2025-10-31 10:18:13 --> Session: Class initialized using 'CodeIgniter\Session\Handlers\DatabaseHandler' driver.
DEBUG - 2025-10-31 10:18:21 --> Session: Class initialized using 'CodeIgniter\Session\Handlers\DatabaseHandler' driver.
DEBUG - 2025-10-31 10:18:23 --> Session: Class initialized using 'CodeIgniter\Session\Handlers\DatabaseHandler' driver.
DEBUG - 2025-10-31 10:18:26 --> Session: Class initialized using 'CodeIgniter\Session\Handlers\DatabaseHandler' driver.
CRITICAL - 2025-10-31 10:18:26 --> CodeIgniter\View\Exceptions\ViewException: Invalid file: "employee/client_assets/view.php"
[Method: GET, Route: employee-client-assets/view/1]
in SYSTEMPATH\Exceptions\FrameworkException.php on line 39.
 1 SYSTEMPATH\View\View.php(212): CodeIgniter\Exceptions\FrameworkException::forInvalidFile('employee/client_assets/view.php')
 2 SYSTEMPATH\Common.php(1173): CodeIgniter\View\View->render('employee/client_assets/view', [], true)
 3 APPPATH\Controllers\EmployeeClientAssets.php(82): view('employee/client_assets/view', [...])
 4 SYSTEMPATH\CodeIgniter.php(933): App\Controllers\EmployeeClientAssets->view('1')
 5 SYSTEMPATH\CodeIgniter.php(507): CodeIgniter\CodeIgniter->runController(Object(App\Controllers\EmployeeClientAssets))
 6 SYSTEMPATH\CodeIgniter.php(354): CodeIgniter\CodeIgniter->handleRequest(null, Object(Config\Cache), false)
 7 SYSTEMPATH\Boot.php(334): CodeIgniter\CodeIgniter->run()
 8 SYSTEMPATH\Boot.php(67): CodeIgniter\Boot::runCodeIgniter(Object(CodeIgniter\CodeIgniter))
 9 FCPATH\index.php(46): CodeIgniter\Boot::bootWeb(Object(Config\Paths))
DEBUG - 2025-10-31 10:18:50 --> Session: Class initialized using 'CodeIgniter\Session\Handlers\DatabaseHandler' driver.
CRITICAL - 2025-10-31 10:18:50 --> CodeIgniter\View\Exceptions\ViewException: Invalid file: "employee/client_assets/view.php"
[Method: GET, Route: employee-client-assets/view/1]
in SYSTEMPATH\Exceptions\FrameworkException.php on line 39.
 1 SYSTEMPATH\View\View.php(212): CodeIgniter\Exceptions\FrameworkException::forInvalidFile('employee/client_assets/view.php')
 2 SYSTEMPATH\Common.php(1173): CodeIgniter\View\View->render('employee/client_assets/view', [], true)
 3 APPPATH\Controllers\EmployeeClientAssets.php(82): view('employee/client_assets/view', [...])
 4 SYSTEMPATH\CodeIgniter.php(933): App\Controllers\EmployeeClientAssets->view('1')
 5 SYSTEMPATH\CodeIgniter.php(507): CodeIgniter\CodeIgniter->runController(Object(App\Controllers\EmployeeClientAssets))
 6 SYSTEMPATH\CodeIgniter.php(354): CodeIgniter\CodeIgniter->handleRequest(null, Object(Config\Cache), false)
 7 SYSTEMPATH\Boot.php(334): CodeIgniter\CodeIgniter->run()
 8 SYSTEMPATH\Boot.php(67): CodeIgniter\Boot::runCodeIgniter(Object(CodeIgniter\CodeIgniter))
 9 FCPATH\index.php(46): CodeIgniter\Boot::bootWeb(Object(Config\Paths))
DEBUG - 2025-10-31 10:19:01 --> Session: Class initialized using 'CodeIgniter\Session\Handlers\DatabaseHandler' driver.
DEBUG - 2025-10-31 10:19:27 --> Session: Class initialized using 'CodeIgniter\Session\Handlers\DatabaseHandler' driver.
DEBUG - 2025-10-31 10:19:29 --> Session: Class initialized using 'CodeIgniter\Session\Handlers\DatabaseHandler' driver.
DEBUG - 2025-10-31 10:19:35 --> Session: Class initialized using 'CodeIgniter\Session\Handlers\DatabaseHandler' driver.
DEBUG - 2025-10-31 10:20:40 --> Session: Class initialized using 'CodeIgniter\Session\Handlers\DatabaseHandler' driver.
DEBUG - 2025-10-31 10:22:54 --> Session: Class initialized using 'CodeIgniter\Session\Handlers\DatabaseHandler' driver.
DEBUG - 2025-10-31 10:22:56 --> Session: Class initialized using 'CodeIgniter\Session\Handlers\DatabaseHandler' driver.
DEBUG - 2025-10-31 10:23:11 --> Session: Class initialized using 'CodeIgniter\Session\Handlers\DatabaseHandler' driver.
DEBUG - 2025-10-31 10:23:19 --> Session: Class initialized using 'CodeIgniter\Session\Handlers\DatabaseHandler' driver.
DEBUG - 2025-10-31 10:23:20 --> Session: Class initialized using 'CodeIgniter\Session\Handlers\DatabaseHandler' driver.
DEBUG - 2025-10-31 10:23:33 --> Session: Class initialized using 'CodeIgniter\Session\Handlers\DatabaseHandler' driver.
DEBUG - 2025-10-31 10:23:35 --> Session: Class initialized using 'CodeIgniter\Session\Handlers\DatabaseHandler' driver.
CRITICAL - 2025-10-31 10:23:35 --> ParseError: syntax error, unexpected end of file, expecting "elseif" or "else" or "endif"
[Method: GET, Route: employee-dashboard]
in APPPATH\Views\employee\dashboard.php on line 197.
 1 SYSTEMPATH\View\View.php(227): CodeIgniter\View\View->CodeIgniter\View\{closure}()
 2 SYSTEMPATH\Common.php(1173): CodeIgniter\View\View->render('employee/dashboard', [], true)
 3 APPPATH\Controllers\EmployeeDashboard.php(102): view('employee/dashboard', [...])
 4 SYSTEMPATH\CodeIgniter.php(933): App\Controllers\EmployeeDashboard->index()
 5 SYSTEMPATH\CodeIgniter.php(507): CodeIgniter\CodeIgniter->runController(Object(App\Controllers\EmployeeDashboard))
 6 SYSTEMPATH\CodeIgniter.php(354): CodeIgniter\CodeIgniter->handleRequest(null, Object(Config\Cache), false)
 7 SYSTEMPATH\Boot.php(334): CodeIgniter\CodeIgniter->run()
 8 SYSTEMPATH\Boot.php(67): CodeIgniter\Boot::runCodeIgniter(Object(CodeIgniter\CodeIgniter))
 9 FCPATH\index.php(46): CodeIgniter\Boot::bootWeb(Object(Config\Paths))
DEBUG - 2025-10-31 10:24:10 --> Session: Class initialized using 'CodeIgniter\Session\Handlers\DatabaseHandler' driver.
DEBUG - 2025-10-31 10:25:05 --> Session: Class initialized using 'CodeIgniter\Session\Handlers\DatabaseHandler' driver.
DEBUG - 2025-10-31 10:25:07 --> Session: Class initialized using 'CodeIgniter\Session\Handlers\DatabaseHandler' driver.
DEBUG - 2025-10-31 10:26:26 --> Session: Class initialized using 'CodeIgniter\Session\Handlers\DatabaseHandler' driver.
DEBUG - 2025-10-31 10:26:31 --> Session: Class initialized using 'CodeIgniter\Session\Handlers\DatabaseHandler' driver.
DEBUG - 2025-10-31 10:26:48 --> Session: Class initialized using 'CodeIgniter\Session\Handlers\DatabaseHandler' driver.
DEBUG - 2025-10-31 10:26:50 --> Session: Class initialized using 'CodeIgniter\Session\Handlers\DatabaseHandler' driver.
DEBUG - 2025-10-31 10:27:22 --> Session: Class initialized using 'CodeIgniter\Session\Handlers\DatabaseHandler' driver.
DEBUG - 2025-10-31 10:27:30 --> Session: Class initialized using 'CodeIgniter\Session\Handlers\DatabaseHandler' driver.
DEBUG - 2025-10-31 10:27:52 --> Session: Class initialized using 'CodeIgniter\Session\Handlers\DatabaseHandler' driver.
DEBUG - 2025-10-31 10:27:52 --> Session: Class initialized using 'CodeIgniter\Session\Handlers\DatabaseHandler' driver.
DEBUG - 2025-10-31 10:30:05 --> Session: Class initialized using 'CodeIgniter\Session\Handlers\DatabaseHandler' driver.
DEBUG - 2025-10-31 10:30:28 --> Session: Class initialized using 'CodeIgniter\Session\Handlers\DatabaseHandler' driver.
DEBUG - 2025-10-31 10:30:34 --> Session: Class initialized using 'CodeIgniter\Session\Handlers\DatabaseHandler' driver.
DEBUG - 2025-10-31 10:30:34 --> Session: Class initialized using 'CodeIgniter\Session\Handlers\DatabaseHandler' driver.
DEBUG - 2025-10-31 10:30:41 --> Session: Class initialized using 'CodeIgniter\Session\Handlers\DatabaseHandler' driver.
DEBUG - 2025-10-31 10:30:41 --> Session: Class initialized using 'CodeIgniter\Session\Handlers\DatabaseHandler' driver.
DEBUG - 2025-10-31 10:31:18 --> Session: Class initialized using 'CodeIgniter\Session\Handlers\DatabaseHandler' driver.
DEBUG - 2025-10-31 10:31:18 --> Session: Class initialized using 'CodeIgniter\Session\Handlers\DatabaseHandler' driver.
DEBUG - 2025-10-31 10:35:38 --> Session: Class initialized using 'CodeIgniter\Session\Handlers\DatabaseHandler' driver.
DEBUG - 2025-10-31 10:35:47 --> Session: Class initialized using 'CodeIgniter\Session\Handlers\DatabaseHandler' driver.
DEBUG - 2025-10-31 10:36:04 --> Session: Class initialized using 'CodeIgniter\Session\Handlers\DatabaseHandler' driver.
DEBUG - 2025-10-31 10:36:12 --> Session: Class initialized using 'CodeIgniter\Session\Handlers\DatabaseHandler' driver.
DEBUG - 2025-10-31 10:36:15 --> Session: Class initialized using 'CodeIgniter\Session\Handlers\DatabaseHandler' driver.
DEBUG - 2025-10-31 10:36:16 --> Session: Class initialized using 'CodeIgniter\Session\Handlers\DatabaseHandler' driver.
DEBUG - 2025-10-31 10:36:18 --> Session: Class initialized using 'CodeIgniter\Session\Handlers\DatabaseHandler' driver.
DEBUG - 2025-10-31 10:36:21 --> Session: Class initialized using 'CodeIgniter\Session\Handlers\DatabaseHandler' driver.
DEBUG - 2025-10-31 10:36:23 --> Session: Class initialized using 'CodeIgniter\Session\Handlers\DatabaseHandler' driver.
DEBUG - 2025-10-31 10:36:28 --> Session: Class initialized using 'CodeIgniter\Session\Handlers\DatabaseHandler' driver.
DEBUG - 2025-10-31 10:36:28 --> Session: Class initialized using 'CodeIgniter\Session\Handlers\DatabaseHandler' driver.
DEBUG - 2025-10-31 10:36:33 --> Session: Class initialized using 'CodeIgniter\Session\Handlers\DatabaseHandler' driver.
DEBUG - 2025-10-31 10:36:34 --> Session: Class initialized using 'CodeIgniter\Session\Handlers\DatabaseHandler' driver.
DEBUG - 2025-10-31 10:36:43 --> Session: Class initialized using 'CodeIgniter\Session\Handlers\DatabaseHandler' driver.
DEBUG - 2025-10-31 10:37:24 --> Session: Class initialized using 'CodeIgniter\Session\Handlers\DatabaseHandler' driver.
DEBUG - 2025-10-31 10:37:43 --> Session: Class initialized using 'CodeIgniter\Session\Handlers\DatabaseHandler' driver.
DEBUG - 2025-10-31 10:37:44 --> Session: Class initialized using 'CodeIgniter\Session\Handlers\DatabaseHandler' driver.
DEBUG - 2025-10-31 10:37:45 --> Session: Class initialized using 'CodeIgniter\Session\Handlers\DatabaseHandler' driver.
DEBUG - 2025-10-31 10:37:47 --> Session: Class initialized using 'CodeIgniter\Session\Handlers\DatabaseHandler' driver.
DEBUG - 2025-10-31 10:39:26 --> Session: Class initialized using 'CodeIgniter\Session\Handlers\DatabaseHandler' driver.
DEBUG - 2025-10-31 10:39:29 --> Session: Class initialized using 'CodeIgniter\Session\Handlers\DatabaseHandler' driver.
DEBUG - 2025-10-31 10:39:31 --> Session: Class initialized using 'CodeIgniter\Session\Handlers\DatabaseHandler' driver.
DEBUG - 2025-10-31 10:39:36 --> Session: Class initialized using 'CodeIgniter\Session\Handlers\DatabaseHandler' driver.
DEBUG - 2025-10-31 10:39:37 --> Session: Class initialized using 'CodeIgniter\Session\Handlers\DatabaseHandler' driver.
DEBUG - 2025-10-31 10:40:22 --> Session: Class initialized using 'CodeIgniter\Session\Handlers\DatabaseHandler' driver.
DEBUG - 2025-10-31 10:40:35 --> Session: Class initialized using 'CodeIgniter\Session\Handlers\DatabaseHandler' driver.
DEBUG - 2025-10-31 10:40:37 --> Session: Class initialized using 'CodeIgniter\Session\Handlers\DatabaseHandler' driver.
DEBUG - 2025-10-31 10:40:40 --> Session: Class initialized using 'CodeIgniter\Session\Handlers\DatabaseHandler' driver.
DEBUG - 2025-10-31 10:42:48 --> Session: Class initialized using 'CodeIgniter\Session\Handlers\DatabaseHandler' driver.
DEBUG - 2025-10-31 10:46:52 --> Session: Class initialized using 'CodeIgniter\Session\Handlers\DatabaseHandler' driver.
DEBUG - 2025-10-31 10:46:52 --> Session: Class initialized using 'CodeIgniter\Session\Handlers\DatabaseHandler' driver.
DEBUG - 2025-10-31 10:46:56 --> Session: Class initialized using 'CodeIgniter\Session\Handlers\DatabaseHandler' driver.
DEBUG - 2025-10-31 10:47:07 --> Session: Class initialized using 'CodeIgniter\Session\Handlers\DatabaseHandler' driver.
DEBUG - 2025-10-31 10:47:51 --> Session: Class initialized using 'CodeIgniter\Session\Handlers\DatabaseHandler' driver.
DEBUG - 2025-10-31 10:47:52 --> Session: Class initialized using 'CodeIgniter\Session\Handlers\DatabaseHandler' driver.
DEBUG - 2025-10-31 10:49:37 --> Session: Class initialized using 'CodeIgniter\Session\Handlers\DatabaseHandler' driver.
DEBUG - 2025-10-31 10:49:37 --> Session: Class initialized using 'CodeIgniter\Session\Handlers\DatabaseHandler' driver.
CRITICAL - 2025-10-31 10:49:37 --> ErrorException: Undefined property: App\Controllers\ClientDashboard::$db
[Method: GET, Route: work-updates]
in APPPATH\Controllers\ClientDashboard.php on line 144.
 1 APPPATH\Controllers\ClientDashboard.php(144): CodeIgniter\Debug\Exceptions->errorHandler(2, 'Undefined property: App\\Controllers\\ClientDashboard::$db', 'C:\\xampp\\htdocs\\bhaviclients\\app\\Controllers\\ClientDashboard.php', 144)
 2 SYSTEMPATH\CodeIgniter.php(933): App\Controllers\ClientDashboard->workUpdates()
 3 SYSTEMPATH\CodeIgniter.php(507): CodeIgniter\CodeIgniter->runController(Object(App\Controllers\ClientDashboard))
 4 SYSTEMPATH\CodeIgniter.php(354): CodeIgniter\CodeIgniter->handleRequest(null, Object(Config\Cache), false)
 5 SYSTEMPATH\Boot.php(334): CodeIgniter\CodeIgniter->run()
 6 SYSTEMPATH\Boot.php(67): CodeIgniter\Boot::runCodeIgniter(Object(CodeIgniter\CodeIgniter))
 7 FCPATH\index.php(46): CodeIgniter\Boot::bootWeb(Object(Config\Paths))
DEBUG - 2025-10-31 10:49:54 --> Session: Class initialized using 'CodeIgniter\Session\Handlers\DatabaseHandler' driver.
DEBUG - 2025-10-31 10:50:02 --> Session: Class initialized using 'CodeIgniter\Session\Handlers\DatabaseHandler' driver.
DEBUG - 2025-10-31 10:50:09 --> Session: Class initialized using 'CodeIgniter\Session\Handlers\DatabaseHandler' driver.
DEBUG - 2025-10-31 10:50:16 --> Session: Class initialized using 'CodeIgniter\Session\Handlers\DatabaseHandler' driver.
DEBUG - 2025-10-31 10:50:20 --> Session: Class initialized using 'CodeIgniter\Session\Handlers\DatabaseHandler' driver.
DEBUG - 2025-10-31 10:50:22 --> Session: Class initialized using 'CodeIgniter\Session\Handlers\DatabaseHandler' driver.
DEBUG - 2025-10-31 10:50:24 --> Session: Class initialized using 'CodeIgniter\Session\Handlers\DatabaseHandler' driver.
DEBUG - 2025-10-31 10:50:26 --> Session: Class initialized using 'CodeIgniter\Session\Handlers\DatabaseHandler' driver.
DEBUG - 2025-10-31 10:50:29 --> Session: Class initialized using 'CodeIgniter\Session\Handlers\DatabaseHandler' driver.
DEBUG - 2025-10-31 10:50:30 --> Session: Class initialized using 'CodeIgniter\Session\Handlers\DatabaseHandler' driver.
DEBUG - 2025-10-31 10:50:34 --> Session: Class initialized using 'CodeIgniter\Session\Handlers\DatabaseHandler' driver.
DEBUG - 2025-10-31 10:50:47 --> Session: Class initialized using 'CodeIgniter\Session\Handlers\DatabaseHandler' driver.
DEBUG - 2025-10-31 10:50:48 --> Session: Class initialized using 'CodeIgniter\Session\Handlers\DatabaseHandler' driver.
DEBUG - 2025-10-31 10:50:51 --> Session: Class initialized using 'CodeIgniter\Session\Handlers\DatabaseHandler' driver.
DEBUG - 2025-10-31 10:52:00 --> Session: Class initialized using 'CodeIgniter\Session\Handlers\DatabaseHandler' driver.
DEBUG - 2025-10-31 10:52:00 --> Session: Class initialized using 'CodeIgniter\Session\Handlers\DatabaseHandler' driver.
DEBUG - 2025-10-31 10:52:05 --> Session: Class initialized using 'CodeIgniter\Session\Handlers\DatabaseHandler' driver.
DEBUG - 2025-10-31 10:52:06 --> Session: Class initialized using 'CodeIgniter\Session\Handlers\DatabaseHandler' driver.
DEBUG - 2025-10-31 10:54:40 --> Session: Class initialized using 'CodeIgniter\Session\Handlers\DatabaseHandler' driver.
DEBUG - 2025-10-31 10:54:46 --> Session: Class initialized using 'CodeIgniter\Session\Handlers\DatabaseHandler' driver.
DEBUG - 2025-10-31 10:55:03 --> Session: Class initialized using 'CodeIgniter\Session\Handlers\DatabaseHandler' driver.
DEBUG - 2025-10-31 10:55:05 --> Session: Class initialized using 'CodeIgniter\Session\Handlers\DatabaseHandler' driver.
DEBUG - 2025-10-31 10:55:07 --> Session: Class initialized using 'CodeIgniter\Session\Handlers\DatabaseHandler' driver.
DEBUG - 2025-10-31 10:55:08 --> Session: Class initialized using 'CodeIgniter\Session\Handlers\DatabaseHandler' driver.
DEBUG - 2025-10-31 10:55:09 --> Session: Class initialized using 'CodeIgniter\Session\Handlers\DatabaseHandler' driver.
DEBUG - 2025-10-31 10:55:10 --> Session: Class initialized using 'CodeIgniter\Session\Handlers\DatabaseHandler' driver.
DEBUG - 2025-10-31 10:55:13 --> Session: Class initialized using 'CodeIgniter\Session\Handlers\DatabaseHandler' driver.
DEBUG - 2025-10-31 10:55:16 --> Session: Class initialized using 'CodeIgniter\Session\Handlers\DatabaseHandler' driver.
DEBUG - 2025-10-31 10:55:17 --> Session: Class initialized using 'CodeIgniter\Session\Handlers\DatabaseHandler' driver.
DEBUG - 2025-10-31 10:56:15 --> Session: Class initialized using 'CodeIgniter\Session\Handlers\DatabaseHandler' driver.
DEBUG - 2025-10-31 10:56:15 --> Session: Class initialized using 'CodeIgniter\Session\Handlers\DatabaseHandler' driver.
DEBUG - 2025-10-31 10:56:17 --> Session: Class initialized using 'CodeIgniter\Session\Handlers\DatabaseHandler' driver.
DEBUG - 2025-10-31 10:56:17 --> Session: Class initialized using 'CodeIgniter\Session\Handlers\DatabaseHandler' driver.
DEBUG - 2025-10-31 11:00:19 --> Session: Class initialized using 'CodeIgniter\Session\Handlers\DatabaseHandler' driver.
DEBUG - 2025-10-31 11:01:16 --> Session: Class initialized using 'CodeIgniter\Session\Handlers\DatabaseHandler' driver.
DEBUG - 2025-10-31 11:01:53 --> Session: Class initialized using 'CodeIgniter\Session\Handlers\DatabaseHandler' driver.
DEBUG - 2025-10-31 11:05:24 --> Session: Class initialized using 'CodeIgniter\Session\Handlers\DatabaseHandler' driver.
DEBUG - 2025-10-31 11:05:27 --> Session: Class initialized using 'CodeIgniter\Session\Handlers\DatabaseHandler' driver.
DEBUG - 2025-10-31 11:08:13 --> Session: Class initialized using 'CodeIgniter\Session\Handlers\DatabaseHandler' driver.
DEBUG - 2025-10-31 11:08:56 --> Session: Class initialized using 'CodeIgniter\Session\Handlers\DatabaseHandler' driver.
DEBUG - 2025-10-31 11:09:15 --> Session: Class initialized using 'CodeIgniter\Session\Handlers\DatabaseHandler' driver.
DEBUG - 2025-10-31 11:09:20 --> Session: Class initialized using 'CodeIgniter\Session\Handlers\DatabaseHandler' driver.
DEBUG - 2025-10-31 11:09:28 --> Session: Class initialized using 'CodeIgniter\Session\Handlers\DatabaseHandler' driver.
DEBUG - 2025-10-31 11:09:31 --> Session: Class initialized using 'CodeIgniter\Session\Handlers\DatabaseHandler' driver.
DEBUG - 2025-10-31 11:09:38 --> Session: Class initialized using 'CodeIgniter\Session\Handlers\DatabaseHandler' driver.
DEBUG - 2025-10-31 11:09:41 --> Session: Class initialized using 'CodeIgniter\Session\Handlers\DatabaseHandler' driver.
DEBUG - 2025-10-31 11:09:48 --> Session: Class initialized using 'CodeIgniter\Session\Handlers\DatabaseHandler' driver.
DEBUG - 2025-10-31 11:09:52 --> Session: Class initialized using 'CodeIgniter\Session\Handlers\DatabaseHandler' driver.
DEBUG - 2025-10-31 11:09:57 --> Session: Class initialized using 'CodeIgniter\Session\Handlers\DatabaseHandler' driver.
DEBUG - 2025-10-31 11:10:00 --> Session: Class initialized using 'CodeIgniter\Session\Handlers\DatabaseHandler' driver.
DEBUG - 2025-10-31 11:11:58 --> Session: Class initialized using 'CodeIgniter\Session\Handlers\DatabaseHandler' driver.
DEBUG - 2025-10-31 11:11:58 --> Session: Class initialized using 'CodeIgniter\Session\Handlers\DatabaseHandler' driver.
DEBUG - 2025-10-31 11:12:03 --> Session: Class initialized using 'CodeIgniter\Session\Handlers\DatabaseHandler' driver.
DEBUG - 2025-10-31 11:12:04 --> Session: Class initialized using 'CodeIgniter\Session\Handlers\DatabaseHandler' driver.
DEBUG - 2025-10-31 11:12:34 --> Session: Class initialized using 'CodeIgniter\Session\Handlers\DatabaseHandler' driver.
DEBUG - 2025-10-31 11:12:55 --> Session: Class initialized using 'CodeIgniter\Session\Handlers\DatabaseHandler' driver.
DEBUG - 2025-10-31 11:12:55 --> Session: Class initialized using 'CodeIgniter\Session\Handlers\DatabaseHandler' driver.
DEBUG - 2025-10-31 11:12:59 --> Session: Class initialized using 'CodeIgniter\Session\Handlers\DatabaseHandler' driver.
DEBUG - 2025-10-31 11:13:29 --> Session: Class initialized using 'CodeIgniter\Session\Handlers\DatabaseHandler' driver.
DEBUG - 2025-10-31 11:13:42 --> Session: Class initialized using 'CodeIgniter\Session\Handlers\DatabaseHandler' driver.
DEBUG - 2025-10-31 11:14:10 --> Session: Class initialized using 'CodeIgniter\Session\Handlers\DatabaseHandler' driver.
DEBUG - 2025-10-31 11:14:10 --> Session: Class initialized using 'CodeIgniter\Session\Handlers\DatabaseHandler' driver.
DEBUG - 2025-10-31 11:14:21 --> Session: Class initialized using 'CodeIgniter\Session\Handlers\DatabaseHandler' driver.
DEBUG - 2025-10-31 11:14:23 --> Session: Class initialized using 'CodeIgniter\Session\Handlers\DatabaseHandler' driver.
DEBUG - 2025-10-31 11:14:51 --> Session: Class initialized using 'CodeIgniter\Session\Handlers\DatabaseHandler' driver.
DEBUG - 2025-10-31 11:14:53 --> Session: Class initialized using 'CodeIgniter\Session\Handlers\DatabaseHandler' driver.
DEBUG - 2025-10-31 11:14:58 --> Session: Class initialized using 'CodeIgniter\Session\Handlers\DatabaseHandler' driver.
DEBUG - 2025-10-31 11:15:06 --> Session: Class initialized using 'CodeIgniter\Session\Handlers\DatabaseHandler' driver.
DEBUG - 2025-10-31 11:15:10 --> Session: Class initialized using 'CodeIgniter\Session\Handlers\DatabaseHandler' driver.
DEBUG - 2025-10-31 11:15:51 --> Session: Class initialized using 'CodeIgniter\Session\Handlers\DatabaseHandler' driver.
DEBUG - 2025-10-31 11:15:52 --> Session: Class initialized using 'CodeIgniter\Session\Handlers\DatabaseHandler' driver.
DEBUG - 2025-10-31 11:16:04 --> Session: Class initialized using 'CodeIgniter\Session\Handlers\DatabaseHandler' driver.
DEBUG - 2025-10-31 11:16:16 --> Session: Class initialized using 'CodeIgniter\Session\Handlers\DatabaseHandler' driver.
DEBUG - 2025-10-31 11:16:19 --> Session: Class initialized using 'CodeIgniter\Session\Handlers\DatabaseHandler' driver.
DEBUG - 2025-10-31 11:16:29 --> Session: Class initialized using 'CodeIgniter\Session\Handlers\DatabaseHandler' driver.
DEBUG - 2025-10-31 11:16:30 --> Session: Class initialized using 'CodeIgniter\Session\Handlers\DatabaseHandler' driver.
DEBUG - 2025-10-31 11:16:37 --> Session: Class initialized using 'CodeIgniter\Session\Handlers\DatabaseHandler' driver.
DEBUG - 2025-10-31 11:16:37 --> Session: Class initialized using 'CodeIgniter\Session\Handlers\DatabaseHandler' driver.
DEBUG - 2025-10-31 11:16:39 --> Session: Class initialized using 'CodeIgniter\Session\Handlers\DatabaseHandler' driver.
DEBUG - 2025-10-31 11:16:39 --> Session: Class initialized using 'CodeIgniter\Session\Handlers\DatabaseHandler' driver.
DEBUG - 2025-10-31 11:16:40 --> Session: Class initialized using 'CodeIgniter\Session\Handlers\DatabaseHandler' driver.
DEBUG - 2025-10-31 11:16:40 --> Session: Class initialized using 'CodeIgniter\Session\Handlers\DatabaseHandler' driver.
DEBUG - 2025-10-31 11:16:42 --> Session: Class initialized using 'CodeIgniter\Session\Handlers\DatabaseHandler' driver.
DEBUG - 2025-10-31 11:16:45 --> Session: Class initialized using 'CodeIgniter\Session\Handlers\DatabaseHandler' driver.
DEBUG - 2025-10-31 11:16:45 --> Session: Class initialized using 'CodeIgniter\Session\Handlers\DatabaseHandler' driver.
DEBUG - 2025-10-31 11:16:49 --> Session: Class initialized using 'CodeIgniter\Session\Handlers\DatabaseHandler' driver.
DEBUG - 2025-10-31 11:17:27 --> Session: Class initialized using 'CodeIgniter\Session\Handlers\DatabaseHandler' driver.
DEBUG - 2025-10-31 11:17:27 --> Session: Class initialized using 'CodeIgniter\Session\Handlers\DatabaseHandler' driver.
DEBUG - 2025-10-31 11:17:35 --> Session: Class initialized using 'CodeIgniter\Session\Handlers\DatabaseHandler' driver.
DEBUG - 2025-10-31 11:17:37 --> Session: Class initialized using 'CodeIgniter\Session\Handlers\DatabaseHandler' driver.
DEBUG - 2025-10-31 11:17:38 --> Session: Class initialized using 'CodeIgniter\Session\Handlers\DatabaseHandler' driver.
DEBUG - 2025-10-31 11:17:48 --> Session: Class initialized using 'CodeIgniter\Session\Handlers\DatabaseHandler' driver.
DEBUG - 2025-10-31 11:17:51 --> Session: Class initialized using 'CodeIgniter\Session\Handlers\DatabaseHandler' driver.
DEBUG - 2025-10-31 11:17:51 --> Session: Class initialized using 'CodeIgniter\Session\Handlers\DatabaseHandler' driver.
DEBUG - 2025-10-31 11:17:54 --> Session: Class initialized using 'CodeIgniter\Session\Handlers\DatabaseHandler' driver.
DEBUG - 2025-10-31 11:19:55 --> Session: Class initialized using 'CodeIgniter\Session\Handlers\DatabaseHandler' driver.
DEBUG - 2025-10-31 11:20:16 --> Session: Class initialized using 'CodeIgniter\Session\Handlers\DatabaseHandler' driver.
DEBUG - 2025-10-31 11:20:21 --> Session: Class initialized using 'CodeIgniter\Session\Handlers\DatabaseHandler' driver.
DEBUG - 2025-10-31 11:20:34 --> Session: Class initialized using 'CodeIgniter\Session\Handlers\DatabaseHandler' driver.
DEBUG - 2025-10-31 11:20:35 --> Session: Class initialized using 'CodeIgniter\Session\Handlers\DatabaseHandler' driver.
DEBUG - 2025-10-31 11:20:38 --> Session: Class initialized using 'CodeIgniter\Session\Handlers\DatabaseHandler' driver.
DEBUG - 2025-10-31 11:20:48 --> Session: Class initialized using 'CodeIgniter\Session\Handlers\DatabaseHandler' driver.
DEBUG - 2025-10-31 11:20:49 --> Session: Class initialized using 'CodeIgniter\Session\Handlers\DatabaseHandler' driver.
DEBUG - 2025-10-31 11:20:51 --> Session: Class initialized using 'CodeIgniter\Session\Handlers\DatabaseHandler' driver.
DEBUG - 2025-10-31 11:20:52 --> Session: Class initialized using 'CodeIgniter\Session\Handlers\DatabaseHandler' driver.
DEBUG - 2025-10-31 11:21:11 --> Session: Class initialized using 'CodeIgniter\Session\Handlers\DatabaseHandler' driver.
DEBUG - 2025-10-31 11:21:52 --> Session: Class initialized using 'CodeIgniter\Session\Handlers\DatabaseHandler' driver.
DEBUG - 2025-10-31 11:21:54 --> Session: Class initialized using 'CodeIgniter\Session\Handlers\DatabaseHandler' driver.
DEBUG - 2025-10-31 11:22:11 --> Session: Class initialized using 'CodeIgniter\Session\Handlers\DatabaseHandler' driver.
DEBUG - 2025-10-31 11:22:12 --> Session: Class initialized using 'CodeIgniter\Session\Handlers\DatabaseHandler' driver.
DEBUG - 2025-10-31 11:24:08 --> Session: Class initialized using 'CodeIgniter\Session\Handlers\DatabaseHandler' driver.
DEBUG - 2025-10-31 11:25:01 --> Session: Class initialized using 'CodeIgniter\Session\Handlers\DatabaseHandler' driver.
DEBUG - 2025-10-31 11:25:17 --> Session: Class initialized using 'CodeIgniter\Session\Handlers\DatabaseHandler' driver.
DEBUG - 2025-10-31 11:25:20 --> Session: Class initialized using 'CodeIgniter\Session\Handlers\DatabaseHandler' driver.
DEBUG - 2025-10-31 11:25:40 --> Session: Class initialized using 'CodeIgniter\Session\Handlers\DatabaseHandler' driver.
DEBUG - 2025-10-31 11:25:46 --> Session: Class initialized using 'CodeIgniter\Session\Handlers\DatabaseHandler' driver.
ERROR - 2025-10-31 11:25:46 --> mysqli_sql_exception: Table 'bhaviclients.client_maintenance' doesn't exist in C:\xampp\htdocs\bhaviclients\system\Database\MySQLi\Connection.php:327
Stack trace:
#0 C:\xampp\htdocs\bhaviclients\system\Database\MySQLi\Connection.php(327): mysqli->query('SELECT *\nFROM `...', 0)
#1 C:\xampp\htdocs\bhaviclients\system\Database\BaseConnection.php(738): CodeIgniter\Database\MySQLi\Connection->execute('SELECT *\nFROM `...')
#2 C:\xampp\htdocs\bhaviclients\system\Database\BaseConnection.php(652): CodeIgniter\Database\BaseConnection->simpleQuery('SELECT *\nFROM `...')
#3 C:\xampp\htdocs\bhaviclients\system\Database\BaseBuilder.php(1649): CodeIgniter\Database\BaseConnection->query('SELECT *\nFROM `...', Array, false)
#4 C:\xampp\htdocs\bhaviclients\app\Controllers\ClientDashboard.php(458): CodeIgniter\Database\BaseBuilder->get()
#5 C:\xampp\htdocs\bhaviclients\system\CodeIgniter.php(933): App\Controllers\ClientDashboard->clientMaintenance()
#6 C:\xampp\htdocs\bhaviclients\system\CodeIgniter.php(507): CodeIgniter\CodeIgniter->runController(Object(App\Controllers\ClientDashboard))
#7 C:\xampp\htdocs\bhaviclients\system\CodeIgniter.php(354): CodeIgniter\CodeIgniter->handleRequest(NULL, Object(Config\Cache), false)
#8 C:\xampp\htdocs\bhaviclients\system\Boot.php(334): CodeIgniter\CodeIgniter->run()
#9 C:\xampp\htdocs\bhaviclients\system\Boot.php(67): CodeIgniter\Boot::runCodeIgniter(Object(CodeIgniter\CodeIgniter))
#10 C:\xampp\htdocs\bhaviclients\index.php(46): CodeIgniter\Boot::bootWeb(Object(Config\Paths))
#11 {main}
CRITICAL - 2025-10-31 11:25:46 --> CodeIgniter\Database\Exceptions\DatabaseException: Table 'bhaviclients.client_maintenance' doesn't exist
[Method: GET, Route: client-maintenance]
in SYSTEMPATH\Database\BaseConnection.php on line 692.
 1 SYSTEMPATH\Database\BaseBuilder.php(1649): CodeIgniter\Database\BaseConnection->query('SELECT *
FROM `client_maintenance`
WHERE `client_id` = :client_id:
ORDER BY `created_at` DESC', [...], false)
 2 APPPATH\Controllers\ClientDashboard.php(458): CodeIgniter\Database\BaseBuilder->get()
 3 SYSTEMPATH\CodeIgniter.php(933): App\Controllers\ClientDashboard->clientMaintenance()
 4 SYSTEMPATH\CodeIgniter.php(507): CodeIgniter\CodeIgniter->runController(Object(App\Controllers\ClientDashboard))
 5 SYSTEMPATH\CodeIgniter.php(354): CodeIgniter\CodeIgniter->handleRequest(null, Object(Config\Cache), false)
 6 SYSTEMPATH\Boot.php(334): CodeIgniter\CodeIgniter->run()
 7 SYSTEMPATH\Boot.php(67): CodeIgniter\Boot::runCodeIgniter(Object(CodeIgniter\CodeIgniter))
 8 FCPATH\index.php(46): CodeIgniter\Boot::bootWeb(Object(Config\Paths))
CRITICAL - 2025-10-31 11:25:46 --> [Caused by] CodeIgniter\Database\Exceptions\DatabaseException: Table 'bhaviclients.client_maintenance' doesn't exist
in SYSTEMPATH\Database\MySQLi\Connection.php on line 332.
 1 SYSTEMPATH\Database\BaseConnection.php(738): CodeIgniter\Database\MySQLi\Connection->execute('SELECT *
FROM `client_maintenance`
WHERE `client_id` = \'19\'
ORDER BY `created_at` DESC')
 2 SYSTEMPATH\Database\BaseConnection.php(652): CodeIgniter\Database\BaseConnection->simpleQuery('SELECT *
FROM `client_maintenance`
WHERE `client_id` = \'19\'
ORDER BY `created_at` DESC')
 3 SYSTEMPATH\Database\BaseBuilder.php(1649): CodeIgniter\Database\BaseConnection->query('SELECT *
FROM `client_maintenance`
WHERE `client_id` = :client_id:
ORDER BY `created_at` DESC', [...], false)
 4 APPPATH\Controllers\ClientDashboard.php(458): CodeIgniter\Database\BaseBuilder->get()
 5 SYSTEMPATH\CodeIgniter.php(933): App\Controllers\ClientDashboard->clientMaintenance()
 6 SYSTEMPATH\CodeIgniter.php(507): CodeIgniter\CodeIgniter->runController(Object(App\Controllers\ClientDashboard))
 7 SYSTEMPATH\CodeIgniter.php(354): CodeIgniter\CodeIgniter->handleRequest(null, Object(Config\Cache), false)
 8 SYSTEMPATH\Boot.php(334): CodeIgniter\CodeIgniter->run()
 9 SYSTEMPATH\Boot.php(67): CodeIgniter\Boot::runCodeIgniter(Object(CodeIgniter\CodeIgniter))
10 FCPATH\index.php(46): CodeIgniter\Boot::bootWeb(Object(Config\Paths))
CRITICAL - 2025-10-31 11:25:46 --> [Caused by] mysqli_sql_exception: Table 'bhaviclients.client_maintenance' doesn't exist
in SYSTEMPATH\Database\MySQLi\Connection.php on line 327.
 1 SYSTEMPATH\Database\MySQLi\Connection.php(327): mysqli->query('SELECT *
FROM `client_maintenance`
WHERE `client_id` = \'19\'
ORDER BY `created_at` DESC', 0)
 2 SYSTEMPATH\Database\BaseConnection.php(738): CodeIgniter\Database\MySQLi\Connection->execute('SELECT *
FROM `client_maintenance`
WHERE `client_id` = \'19\'
ORDER BY `created_at` DESC')
 3 SYSTEMPATH\Database\BaseConnection.php(652): CodeIgniter\Database\BaseConnection->simpleQuery('SELECT *
FROM `client_maintenance`
WHERE `client_id` = \'19\'
ORDER BY `created_at` DESC')
 4 SYSTEMPATH\Database\BaseBuilder.php(1649): CodeIgniter\Database\BaseConnection->query('SELECT *
FROM `client_maintenance`
WHERE `client_id` = :client_id:
ORDER BY `created_at` DESC', [...], false)
 5 APPPATH\Controllers\ClientDashboard.php(458): CodeIgniter\Database\BaseBuilder->get()
 6 SYSTEMPATH\CodeIgniter.php(933): App\Controllers\ClientDashboard->clientMaintenance()
 7 SYSTEMPATH\CodeIgniter.php(507): CodeIgniter\CodeIgniter->runController(Object(App\Controllers\ClientDashboard))
 8 SYSTEMPATH\CodeIgniter.php(354): CodeIgniter\CodeIgniter->handleRequest(null, Object(Config\Cache), false)
 9 SYSTEMPATH\Boot.php(334): CodeIgniter\CodeIgniter->run()
10 SYSTEMPATH\Boot.php(67): CodeIgniter\Boot::runCodeIgniter(Object(CodeIgniter\CodeIgniter))
11 FCPATH\index.php(46): CodeIgniter\Boot::bootWeb(Object(Config\Paths))
DEBUG - 2025-10-31 11:25:57 --> Session: Class initialized using 'CodeIgniter\Session\Handlers\DatabaseHandler' driver.
DEBUG - 2025-10-31 11:27:26 --> Session: Class initialized using 'CodeIgniter\Session\Handlers\DatabaseHandler' driver.
DEBUG - 2025-10-31 11:27:31 --> Session: Class initialized using 'CodeIgniter\Session\Handlers\DatabaseHandler' driver.
DEBUG - 2025-10-31 11:27:42 --> Session: Class initialized using 'CodeIgniter\Session\Handlers\DatabaseHandler' driver.
DEBUG - 2025-10-31 11:27:44 --> Session: Class initialized using 'CodeIgniter\Session\Handlers\DatabaseHandler' driver.
DEBUG - 2025-10-31 11:27:45 --> Session: Class initialized using 'CodeIgniter\Session\Handlers\DatabaseHandler' driver.
DEBUG - 2025-10-31 11:27:50 --> Session: Class initialized using 'CodeIgniter\Session\Handlers\DatabaseHandler' driver.
DEBUG - 2025-10-31 11:27:55 --> Session: Class initialized using 'CodeIgniter\Session\Handlers\DatabaseHandler' driver.
DEBUG - 2025-10-31 11:28:53 --> Session: Class initialized using 'CodeIgniter\Session\Handlers\DatabaseHandler' driver.
DEBUG - 2025-10-31 11:30:31 --> Session: Class initialized using 'CodeIgniter\Session\Handlers\DatabaseHandler' driver.
DEBUG - 2025-10-31 11:30:42 --> Session: Class initialized using 'CodeIgniter\Session\Handlers\DatabaseHandler' driver.
DEBUG - 2025-10-31 11:30:48 --> Session: Class initialized using 'CodeIgniter\Session\Handlers\DatabaseHandler' driver.
DEBUG - 2025-10-31 11:31:24 --> Session: Class initialized using 'CodeIgniter\Session\Handlers\DatabaseHandler' driver.
DEBUG - 2025-10-31 11:31:26 --> Session: Class initialized using 'CodeIgniter\Session\Handlers\DatabaseHandler' driver.
DEBUG - 2025-10-31 11:31:54 --> Session: Class initialized using 'CodeIgniter\Session\Handlers\DatabaseHandler' driver.
DEBUG - 2025-10-31 11:31:55 --> Session: Class initialized using 'CodeIgniter\Session\Handlers\DatabaseHandler' driver.
DEBUG - 2025-10-31 11:33:48 --> Session: Class initialized using 'CodeIgniter\Session\Handlers\DatabaseHandler' driver.
DEBUG - 2025-10-31 11:33:51 --> Session: Class initialized using 'CodeIgniter\Session\Handlers\DatabaseHandler' driver.
DEBUG - 2025-10-31 11:34:08 --> Session: Class initialized using 'CodeIgniter\Session\Handlers\DatabaseHandler' driver.
DEBUG - 2025-10-31 11:34:37 --> Session: Class initialized using 'CodeIgniter\Session\Handlers\DatabaseHandler' driver.
DEBUG - 2025-10-31 11:34:43 --> Session: Class initialized using 'CodeIgniter\Session\Handlers\DatabaseHandler' driver.
DEBUG - 2025-10-31 11:34:44 --> Session: Class initialized using 'CodeIgniter\Session\Handlers\DatabaseHandler' driver.
DEBUG - 2025-10-31 11:34:45 --> Session: Class initialized using 'CodeIgniter\Session\Handlers\DatabaseHandler' driver.
DEBUG - 2025-10-31 11:34:51 --> Session: Class initialized using 'CodeIgniter\Session\Handlers\DatabaseHandler' driver.
DEBUG - 2025-10-31 11:35:01 --> Session: Class initialized using 'CodeIgniter\Session\Handlers\DatabaseHandler' driver.
DEBUG - 2025-10-31 11:35:24 --> Session: Class initialized using 'CodeIgniter\Session\Handlers\DatabaseHandler' driver.
DEBUG - 2025-10-31 11:35:47 --> Session: Class initialized using 'CodeIgniter\Session\Handlers\DatabaseHandler' driver.
DEBUG - 2025-10-31 11:35:51 --> Session: Class initialized using 'CodeIgniter\Session\Handlers\DatabaseHandler' driver.
DEBUG - 2025-10-31 11:35:53 --> Session: Class initialized using 'CodeIgniter\Session\Handlers\DatabaseHandler' driver.
DEBUG - 2025-10-31 11:37:46 --> Session: Class initialized using 'CodeIgniter\Session\Handlers\DatabaseHandler' driver.
DEBUG - 2025-10-31 11:37:53 --> Session: Class initialized using 'CodeIgniter\Session\Handlers\DatabaseHandler' driver.
DEBUG - 2025-10-31 11:37:54 --> Session: Class initialized using 'CodeIgniter\Session\Handlers\DatabaseHandler' driver.
DEBUG - 2025-10-31 11:38:01 --> Session: Class initialized using 'CodeIgniter\Session\Handlers\DatabaseHandler' driver.
DEBUG - 2025-10-31 11:38:10 --> Session: Class initialized using 'CodeIgniter\Session\Handlers\DatabaseHandler' driver.
DEBUG - 2025-10-31 11:38:13 --> Session: Class initialized using 'CodeIgniter\Session\Handlers\DatabaseHandler' driver.
DEBUG - 2025-10-31 11:38:15 --> Session: Class initialized using 'CodeIgniter\Session\Handlers\DatabaseHandler' driver.
DEBUG - 2025-10-31 11:38:17 --> Session: Class initialized using 'CodeIgniter\Session\Handlers\DatabaseHandler' driver.
DEBUG - 2025-10-31 11:38:22 --> Session: Class initialized using 'CodeIgniter\Session\Handlers\DatabaseHandler' driver.
DEBUG - 2025-10-31 11:38:27 --> Session: Class initialized using 'CodeIgniter\Session\Handlers\DatabaseHandler' driver.
DEBUG - 2025-10-31 11:38:31 --> Session: Class initialized using 'CodeIgniter\Session\Handlers\DatabaseHandler' driver.
DEBUG - 2025-10-31 11:38:48 --> Session: Class initialized using 'CodeIgniter\Session\Handlers\DatabaseHandler' driver.
DEBUG - 2025-10-31 11:38:53 --> Session: Class initialized using 'CodeIgniter\Session\Handlers\DatabaseHandler' driver.
DEBUG - 2025-10-31 11:39:04 --> Session: Class initialized using 'CodeIgniter\Session\Handlers\DatabaseHandler' driver.
DEBUG - 2025-10-31 11:39:12 --> Session: Class initialized using 'CodeIgniter\Session\Handlers\DatabaseHandler' driver.
DEBUG - 2025-10-31 11:39:13 --> Session: Class initialized using 'CodeIgniter\Session\Handlers\DatabaseHandler' driver.
DEBUG - 2025-10-31 11:39:15 --> Session: Class initialized using 'CodeIgniter\Session\Handlers\DatabaseHandler' driver.
DEBUG - 2025-10-31 11:39:17 --> Session: Class initialized using 'CodeIgniter\Session\Handlers\DatabaseHandler' driver.
DEBUG - 2025-10-31 11:39:34 --> Session: Class initialized using 'CodeIgniter\Session\Handlers\DatabaseHandler' driver.
DEBUG - 2025-10-31 11:39:36 --> Session: Class initialized using 'CodeIgniter\Session\Handlers\DatabaseHandler' driver.
DEBUG - 2025-10-31 11:39:36 --> Session: Class initialized using 'CodeIgniter\Session\Handlers\DatabaseHandler' driver.
DEBUG - 2025-10-31 11:39:39 --> Session: Class initialized using 'CodeIgniter\Session\Handlers\DatabaseHandler' driver.
DEBUG - 2025-10-31 11:39:46 --> Session: Class initialized using 'CodeIgniter\Session\Handlers\DatabaseHandler' driver.
DEBUG - 2025-10-31 11:40:22 --> Session: Class initialized using 'CodeIgniter\Session\Handlers\DatabaseHandler' driver.
DEBUG - 2025-10-31 11:40:22 --> Session: Class initialized using 'CodeIgniter\Session\Handlers\DatabaseHandler' driver.
DEBUG - 2025-10-31 11:40:27 --> Session: Class initialized using 'CodeIgniter\Session\Handlers\DatabaseHandler' driver.
DEBUG - 2025-10-31 11:40:36 --> Session: Class initialized using 'CodeIgniter\Session\Handlers\DatabaseHandler' driver.
DEBUG - 2025-10-31 11:40:38 --> Session: Class initialized using 'CodeIgniter\Session\Handlers\DatabaseHandler' driver.
DEBUG - 2025-10-31 11:40:44 --> Session: Class initialized using 'CodeIgniter\Session\Handlers\DatabaseHandler' driver.
DEBUG - 2025-10-31 11:40:55 --> Session: Class initialized using 'CodeIgniter\Session\Handlers\DatabaseHandler' driver.
DEBUG - 2025-10-31 11:41:00 --> Session: Class initialized using 'CodeIgniter\Session\Handlers\DatabaseHandler' driver.
DEBUG - 2025-10-31 11:41:43 --> Session: Class initialized using 'CodeIgniter\Session\Handlers\DatabaseHandler' driver.
DEBUG - 2025-10-31 11:41:44 --> Session: Class initialized using 'CodeIgniter\Session\Handlers\DatabaseHandler' driver.
DEBUG - 2025-10-31 11:41:45 --> Session: Class initialized using 'CodeIgniter\Session\Handlers\DatabaseHandler' driver.
DEBUG - 2025-10-31 11:41:50 --> Session: Class initialized using 'CodeIgniter\Session\Handlers\DatabaseHandler' driver.
DEBUG - 2025-10-31 11:41:53 --> Session: Class initialized using 'CodeIgniter\Session\Handlers\DatabaseHandler' driver.
DEBUG - 2025-10-31 11:42:12 --> Session: Class initialized using 'CodeIgniter\Session\Handlers\DatabaseHandler' driver.
DEBUG - 2025-10-31 11:42:12 --> Session: Class initialized using 'CodeIgniter\Session\Handlers\DatabaseHandler' driver.
DEBUG - 2025-10-31 11:42:45 --> Session: Class initialized using 'CodeIgniter\Session\Handlers\DatabaseHandler' driver.
DEBUG - 2025-10-31 11:43:22 --> Session: Class initialized using 'CodeIgniter\Session\Handlers\DatabaseHandler' driver.
DEBUG - 2025-10-31 11:43:23 --> Session: Class initialized using 'CodeIgniter\Session\Handlers\DatabaseHandler' driver.
DEBUG - 2025-10-31 11:43:23 --> Session: Class initialized using 'CodeIgniter\Session\Handlers\DatabaseHandler' driver.
DEBUG - 2025-10-31 11:43:23 --> Session: Class initialized using 'CodeIgniter\Session\Handlers\DatabaseHandler' driver.
DEBUG - 2025-10-31 11:43:23 --> Session: Class initialized using 'CodeIgniter\Session\Handlers\DatabaseHandler' driver.
DEBUG - 2025-10-31 11:43:23 --> Session: Class initialized using 'CodeIgniter\Session\Handlers\DatabaseHandler' driver.
DEBUG - 2025-10-31 11:43:23 --> Session: Class initialized using 'CodeIgniter\Session\Handlers\DatabaseHandler' driver.
DEBUG - 2025-10-31 11:43:23 --> Session: Class initialized using 'CodeIgniter\Session\Handlers\DatabaseHandler' driver.
DEBUG - 2025-10-31 11:43:23 --> Session: Class initialized using 'CodeIgniter\Session\Handlers\DatabaseHandler' driver.
DEBUG - 2025-10-31 11:43:23 --> Session: Class initialized using 'CodeIgniter\Session\Handlers\DatabaseHandler' driver.
DEBUG - 2025-10-31 11:43:23 --> Session: Class initialized using 'CodeIgniter\Session\Handlers\DatabaseHandler' driver.
DEBUG - 2025-10-31 11:43:24 --> Session: Class initialized using 'CodeIgniter\Session\Handlers\DatabaseHandler' driver.
DEBUG - 2025-10-31 11:43:24 --> Session: Class initialized using 'CodeIgniter\Session\Handlers\DatabaseHandler' driver.
DEBUG - 2025-10-31 11:43:24 --> Session: Class initialized using 'CodeIgniter\Session\Handlers\DatabaseHandler' driver.
DEBUG - 2025-10-31 11:43:24 --> Session: Class initialized using 'CodeIgniter\Session\Handlers\DatabaseHandler' driver.
DEBUG - 2025-10-31 11:43:24 --> Session: Class initialized using 'CodeIgniter\Session\Handlers\DatabaseHandler' driver.
DEBUG - 2025-10-31 11:43:24 --> Session: Class initialized using 'CodeIgniter\Session\Handlers\DatabaseHandler' driver.
DEBUG - 2025-10-31 11:43:24 --> Session: Class initialized using 'CodeIgniter\Session\Handlers\DatabaseHandler' driver.
DEBUG - 2025-10-31 11:43:24 --> Session: Class initialized using 'CodeIgniter\Session\Handlers\DatabaseHandler' driver.
DEBUG - 2025-10-31 11:43:24 --> Session: Class initialized using 'CodeIgniter\Session\Handlers\DatabaseHandler' driver.
DEBUG - 2025-10-31 11:43:26 --> Session: Class initialized using 'CodeIgniter\Session\Handlers\DatabaseHandler' driver.
DEBUG - 2025-10-31 11:43:26 --> Session: Class initialized using 'CodeIgniter\Session\Handlers\DatabaseHandler' driver.
DEBUG - 2025-10-31 11:43:26 --> Session: Class initialized using 'CodeIgniter\Session\Handlers\DatabaseHandler' driver.
DEBUG - 2025-10-31 11:43:26 --> Session: Class initialized using 'CodeIgniter\Session\Handlers\DatabaseHandler' driver.
DEBUG - 2025-10-31 11:43:26 --> Session: Class initialized using 'CodeIgniter\Session\Handlers\DatabaseHandler' driver.
DEBUG - 2025-10-31 11:43:26 --> Session: Class initialized using 'CodeIgniter\Session\Handlers\DatabaseHandler' driver.
DEBUG - 2025-10-31 11:43:26 --> Session: Class initialized using 'CodeIgniter\Session\Handlers\DatabaseHandler' driver.
DEBUG - 2025-10-31 11:43:26 --> Session: Class initialized using 'CodeIgniter\Session\Handlers\DatabaseHandler' driver.
DEBUG - 2025-10-31 11:43:26 --> Session: Class initialized using 'CodeIgniter\Session\Handlers\DatabaseHandler' driver.
DEBUG - 2025-10-31 11:43:27 --> Session: Class initialized using 'CodeIgniter\Session\Handlers\DatabaseHandler' driver.
DEBUG - 2025-10-31 11:43:27 --> Session: Class initialized using 'CodeIgniter\Session\Handlers\DatabaseHandler' driver.
DEBUG - 2025-10-31 11:43:27 --> Session: Class initialized using 'CodeIgniter\Session\Handlers\DatabaseHandler' driver.
DEBUG - 2025-10-31 11:43:27 --> Session: Class initialized using 'CodeIgniter\Session\Handlers\DatabaseHandler' driver.
DEBUG - 2025-10-31 11:43:27 --> Session: Class initialized using 'CodeIgniter\Session\Handlers\DatabaseHandler' driver.
DEBUG - 2025-10-31 11:43:27 --> Session: Class initialized using 'CodeIgniter\Session\Handlers\DatabaseHandler' driver.
DEBUG - 2025-10-31 11:43:27 --> Session: Class initialized using 'CodeIgniter\Session\Handlers\DatabaseHandler' driver.
DEBUG - 2025-10-31 11:43:27 --> Session: Class initialized using 'CodeIgniter\Session\Handlers\DatabaseHandler' driver.
DEBUG - 2025-10-31 11:43:27 --> Session: Class initialized using 'CodeIgniter\Session\Handlers\DatabaseHandler' driver.
DEBUG - 2025-10-31 11:43:28 --> Session: Class initialized using 'CodeIgniter\Session\Handlers\DatabaseHandler' driver.
DEBUG - 2025-10-31 11:43:28 --> Session: Class initialized using 'CodeIgniter\Session\Handlers\DatabaseHandler' driver.
DEBUG - 2025-10-31 11:43:33 --> Session: Class initialized using 'CodeIgniter\Session\Handlers\DatabaseHandler' driver.
DEBUG - 2025-10-31 11:43:33 --> Session: Class initialized using 'CodeIgniter\Session\Handlers\DatabaseHandler' driver.
DEBUG - 2025-10-31 11:43:33 --> Session: Class initialized using 'CodeIgniter\Session\Handlers\DatabaseHandler' driver.
DEBUG - 2025-10-31 11:43:33 --> Session: Class initialized using 'CodeIgniter\Session\Handlers\DatabaseHandler' driver.
DEBUG - 2025-10-31 11:43:33 --> Session: Class initialized using 'CodeIgniter\Session\Handlers\DatabaseHandler' driver.
DEBUG - 2025-10-31 11:43:33 --> Session: Class initialized using 'CodeIgniter\Session\Handlers\DatabaseHandler' driver.
DEBUG - 2025-10-31 11:43:33 --> Session: Class initialized using 'CodeIgniter\Session\Handlers\DatabaseHandler' driver.
DEBUG - 2025-10-31 11:43:34 --> Session: Class initialized using 'CodeIgniter\Session\Handlers\DatabaseHandler' driver.
DEBUG - 2025-10-31 11:43:34 --> Session: Class initialized using 'CodeIgniter\Session\Handlers\DatabaseHandler' driver.
DEBUG - 2025-10-31 11:43:34 --> Session: Class initialized using 'CodeIgniter\Session\Handlers\DatabaseHandler' driver.
DEBUG - 2025-10-31 11:43:34 --> Session: Class initialized using 'CodeIgniter\Session\Handlers\DatabaseHandler' driver.
DEBUG - 2025-10-31 11:43:34 --> Session: Class initialized using 'CodeIgniter\Session\Handlers\DatabaseHandler' driver.
DEBUG - 2025-10-31 11:43:34 --> Session: Class initialized using 'CodeIgniter\Session\Handlers\DatabaseHandler' driver.
DEBUG - 2025-10-31 11:43:34 --> Session: Class initialized using 'CodeIgniter\Session\Handlers\DatabaseHandler' driver.
DEBUG - 2025-10-31 11:43:35 --> Session: Class initialized using 'CodeIgniter\Session\Handlers\DatabaseHandler' driver.
DEBUG - 2025-10-31 11:43:35 --> Session: Class initialized using 'CodeIgniter\Session\Handlers\DatabaseHandler' driver.
DEBUG - 2025-10-31 11:43:35 --> Session: Class initialized using 'CodeIgniter\Session\Handlers\DatabaseHandler' driver.
DEBUG - 2025-10-31 11:43:35 --> Session: Class initialized using 'CodeIgniter\Session\Handlers\DatabaseHandler' driver.
DEBUG - 2025-10-31 11:43:35 --> Session: Class initialized using 'CodeIgniter\Session\Handlers\DatabaseHandler' driver.
DEBUG - 2025-10-31 11:43:35 --> Session: Class initialized using 'CodeIgniter\Session\Handlers\DatabaseHandler' driver.
DEBUG - 2025-10-31 11:44:05 --> Session: Class initialized using 'CodeIgniter\Session\Handlers\DatabaseHandler' driver.
DEBUG - 2025-10-31 11:44:05 --> Session: Class initialized using 'CodeIgniter\Session\Handlers\DatabaseHandler' driver.
DEBUG - 2025-10-31 11:44:06 --> Session: Class initialized using 'CodeIgniter\Session\Handlers\DatabaseHandler' driver.
DEBUG - 2025-10-31 11:44:06 --> Session: Class initialized using 'CodeIgniter\Session\Handlers\DatabaseHandler' driver.
DEBUG - 2025-10-31 11:44:06 --> Session: Class initialized using 'CodeIgniter\Session\Handlers\DatabaseHandler' driver.
DEBUG - 2025-10-31 11:44:06 --> Session: Class initialized using 'CodeIgniter\Session\Handlers\DatabaseHandler' driver.
DEBUG - 2025-10-31 11:44:06 --> Session: Class initialized using 'CodeIgniter\Session\Handlers\DatabaseHandler' driver.
DEBUG - 2025-10-31 11:44:06 --> Session: Class initialized using 'CodeIgniter\Session\Handlers\DatabaseHandler' driver.
DEBUG - 2025-10-31 11:44:06 --> Session: Class initialized using 'CodeIgniter\Session\Handlers\DatabaseHandler' driver.
DEBUG - 2025-10-31 11:44:06 --> Session: Class initialized using 'CodeIgniter\Session\Handlers\DatabaseHandler' driver.
DEBUG - 2025-10-31 11:44:06 --> Session: Class initialized using 'CodeIgniter\Session\Handlers\DatabaseHandler' driver.
DEBUG - 2025-10-31 11:44:07 --> Session: Class initialized using 'CodeIgniter\Session\Handlers\DatabaseHandler' driver.
DEBUG - 2025-10-31 11:44:07 --> Session: Class initialized using 'CodeIgniter\Session\Handlers\DatabaseHandler' driver.
DEBUG - 2025-10-31 11:44:07 --> Session: Class initialized using 'CodeIgniter\Session\Handlers\DatabaseHandler' driver.
DEBUG - 2025-10-31 11:44:07 --> Session: Class initialized using 'CodeIgniter\Session\Handlers\DatabaseHandler' driver.
DEBUG - 2025-10-31 11:44:07 --> Session: Class initialized using 'CodeIgniter\Session\Handlers\DatabaseHandler' driver.
DEBUG - 2025-10-31 11:44:07 --> Session: Class initialized using 'CodeIgniter\Session\Handlers\DatabaseHandler' driver.
DEBUG - 2025-10-31 11:44:07 --> Session: Class initialized using 'CodeIgniter\Session\Handlers\DatabaseHandler' driver.
DEBUG - 2025-10-31 11:44:07 --> Session: Class initialized using 'CodeIgniter\Session\Handlers\DatabaseHandler' driver.
DEBUG - 2025-10-31 11:44:07 --> Session: Class initialized using 'CodeIgniter\Session\Handlers\DatabaseHandler' driver.
DEBUG - 2025-10-31 11:45:08 --> Session: Class initialized using 'CodeIgniter\Session\Handlers\DatabaseHandler' driver.
DEBUG - 2025-10-31 11:45:08 --> Session: Class initialized using 'CodeIgniter\Session\Handlers\DatabaseHandler' driver.
DEBUG - 2025-10-31 11:45:08 --> Session: Class initialized using 'CodeIgniter\Session\Handlers\DatabaseHandler' driver.
DEBUG - 2025-10-31 11:45:08 --> Session: Class initialized using 'CodeIgniter\Session\Handlers\DatabaseHandler' driver.
DEBUG - 2025-10-31 11:45:08 --> Session: Class initialized using 'CodeIgniter\Session\Handlers\DatabaseHandler' driver.
DEBUG - 2025-10-31 11:45:08 --> Session: Class initialized using 'CodeIgniter\Session\Handlers\DatabaseHandler' driver.
DEBUG - 2025-10-31 11:45:08 --> Session: Class initialized using 'CodeIgniter\Session\Handlers\DatabaseHandler' driver.
DEBUG - 2025-10-31 11:45:08 --> Session: Class initialized using 'CodeIgniter\Session\Handlers\DatabaseHandler' driver.
DEBUG - 2025-10-31 11:45:08 --> Session: Class initialized using 'CodeIgniter\Session\Handlers\DatabaseHandler' driver.
DEBUG - 2025-10-31 11:45:09 --> Session: Class initialized using 'CodeIgniter\Session\Handlers\DatabaseHandler' driver.
DEBUG - 2025-10-31 11:45:09 --> Session: Class initialized using 'CodeIgniter\Session\Handlers\DatabaseHandler' driver.
DEBUG - 2025-10-31 11:45:09 --> Session: Class initialized using 'CodeIgniter\Session\Handlers\DatabaseHandler' driver.
DEBUG - 2025-10-31 11:45:09 --> Session: Class initialized using 'CodeIgniter\Session\Handlers\DatabaseHandler' driver.
DEBUG - 2025-10-31 11:45:09 --> Session: Class initialized using 'CodeIgniter\Session\Handlers\DatabaseHandler' driver.
DEBUG - 2025-10-31 11:45:09 --> Session: Class initialized using 'CodeIgniter\Session\Handlers\DatabaseHandler' driver.
DEBUG - 2025-10-31 11:45:09 --> Session: Class initialized using 'CodeIgniter\Session\Handlers\DatabaseHandler' driver.
DEBUG - 2025-10-31 11:45:09 --> Session: Class initialized using 'CodeIgniter\Session\Handlers\DatabaseHandler' driver.
DEBUG - 2025-10-31 11:45:09 --> Session: Class initialized using 'CodeIgniter\Session\Handlers\DatabaseHandler' driver.
DEBUG - 2025-10-31 11:45:10 --> Session: Class initialized using 'CodeIgniter\Session\Handlers\DatabaseHandler' driver.
DEBUG - 2025-10-31 11:45:10 --> Session: Class initialized using 'CodeIgniter\Session\Handlers\DatabaseHandler' driver.
DEBUG - 2025-10-31 11:45:13 --> Session: Class initialized using 'CodeIgniter\Session\Handlers\DatabaseHandler' driver.
DEBUG - 2025-10-31 11:45:15 --> Session: Class initialized using 'CodeIgniter\Session\Handlers\DatabaseHandler' driver.
DEBUG - 2025-10-31 11:45:15 --> Session: Class initialized using 'CodeIgniter\Session\Handlers\DatabaseHandler' driver.
DEBUG - 2025-10-31 11:45:15 --> Session: Class initialized using 'CodeIgniter\Session\Handlers\DatabaseHandler' driver.
DEBUG - 2025-10-31 11:45:16 --> Session: Class initialized using 'CodeIgniter\Session\Handlers\DatabaseHandler' driver.
DEBUG - 2025-10-31 11:45:16 --> Session: Class initialized using 'CodeIgniter\Session\Handlers\DatabaseHandler' driver.
DEBUG - 2025-10-31 11:45:16 --> Session: Class initialized using 'CodeIgniter\Session\Handlers\DatabaseHandler' driver.
DEBUG - 2025-10-31 11:45:16 --> Session: Class initialized using 'CodeIgniter\Session\Handlers\DatabaseHandler' driver.
DEBUG - 2025-10-31 11:45:16 --> Session: Class initialized using 'CodeIgniter\Session\Handlers\DatabaseHandler' driver.
DEBUG - 2025-10-31 11:45:16 --> Session: Class initialized using 'CodeIgniter\Session\Handlers\DatabaseHandler' driver.
DEBUG - 2025-10-31 11:45:16 --> Session: Class initialized using 'CodeIgniter\Session\Handlers\DatabaseHandler' driver.
DEBUG - 2025-10-31 11:45:16 --> Session: Class initialized using 'CodeIgniter\Session\Handlers\DatabaseHandler' driver.
DEBUG - 2025-10-31 11:45:16 --> Session: Class initialized using 'CodeIgniter\Session\Handlers\DatabaseHandler' driver.
DEBUG - 2025-10-31 11:45:17 --> Session: Class initialized using 'CodeIgniter\Session\Handlers\DatabaseHandler' driver.
DEBUG - 2025-10-31 11:45:17 --> Session: Class initialized using 'CodeIgniter\Session\Handlers\DatabaseHandler' driver.
DEBUG - 2025-10-31 11:45:17 --> Session: Class initialized using 'CodeIgniter\Session\Handlers\DatabaseHandler' driver.
DEBUG - 2025-10-31 11:45:17 --> Session: Class initialized using 'CodeIgniter\Session\Handlers\DatabaseHandler' driver.
DEBUG - 2025-10-31 11:45:17 --> Session: Class initialized using 'CodeIgniter\Session\Handlers\DatabaseHandler' driver.
DEBUG - 2025-10-31 11:45:17 --> Session: Class initialized using 'CodeIgniter\Session\Handlers\DatabaseHandler' driver.
DEBUG - 2025-10-31 11:45:17 --> Session: Class initialized using 'CodeIgniter\Session\Handlers\DatabaseHandler' driver.
DEBUG - 2025-10-31 11:45:17 --> Session: Class initialized using 'CodeIgniter\Session\Handlers\DatabaseHandler' driver.
DEBUG - 2025-10-31 11:45:18 --> Session: Class initialized using 'CodeIgniter\Session\Handlers\DatabaseHandler' driver.
DEBUG - 2025-10-31 11:45:18 --> Session: Class initialized using 'CodeIgniter\Session\Handlers\DatabaseHandler' driver.
DEBUG - 2025-10-31 11:45:18 --> Session: Class initialized using 'CodeIgniter\Session\Handlers\DatabaseHandler' driver.
DEBUG - 2025-10-31 11:45:18 --> Session: Class initialized using 'CodeIgniter\Session\Handlers\DatabaseHandler' driver.
DEBUG - 2025-10-31 11:45:18 --> Session: Class initialized using 'CodeIgniter\Session\Handlers\DatabaseHandler' driver.
DEBUG - 2025-10-31 11:45:18 --> Session: Class initialized using 'CodeIgniter\Session\Handlers\DatabaseHandler' driver.
DEBUG - 2025-10-31 11:45:18 --> Session: Class initialized using 'CodeIgniter\Session\Handlers\DatabaseHandler' driver.
DEBUG - 2025-10-31 11:45:18 --> Session: Class initialized using 'CodeIgniter\Session\Handlers\DatabaseHandler' driver.
DEBUG - 2025-10-31 11:45:18 --> Session: Class initialized using 'CodeIgniter\Session\Handlers\DatabaseHandler' driver.
DEBUG - 2025-10-31 11:45:19 --> Session: Class initialized using 'CodeIgniter\Session\Handlers\DatabaseHandler' driver.
DEBUG - 2025-10-31 11:45:19 --> Session: Class initialized using 'CodeIgniter\Session\Handlers\DatabaseHandler' driver.
DEBUG - 2025-10-31 11:45:19 --> Session: Class initialized using 'CodeIgniter\Session\Handlers\DatabaseHandler' driver.
DEBUG - 2025-10-31 11:45:19 --> Session: Class initialized using 'CodeIgniter\Session\Handlers\DatabaseHandler' driver.
DEBUG - 2025-10-31 11:45:19 --> Session: Class initialized using 'CodeIgniter\Session\Handlers\DatabaseHandler' driver.
DEBUG - 2025-10-31 11:45:19 --> Session: Class initialized using 'CodeIgniter\Session\Handlers\DatabaseHandler' driver.
DEBUG - 2025-10-31 11:45:19 --> Session: Class initialized using 'CodeIgniter\Session\Handlers\DatabaseHandler' driver.
DEBUG - 2025-10-31 11:45:19 --> Session: Class initialized using 'CodeIgniter\Session\Handlers\DatabaseHandler' driver.
DEBUG - 2025-10-31 11:45:19 --> Session: Class initialized using 'CodeIgniter\Session\Handlers\DatabaseHandler' driver.
DEBUG - 2025-10-31 11:45:20 --> Session: Class initialized using 'CodeIgniter\Session\Handlers\DatabaseHandler' driver.
DEBUG - 2025-10-31 11:45:20 --> Session: Class initialized using 'CodeIgniter\Session\Handlers\DatabaseHandler' driver.
DEBUG - 2025-10-31 11:45:21 --> Session: Class initialized using 'CodeIgniter\Session\Handlers\DatabaseHandler' driver.
DEBUG - 2025-10-31 11:45:21 --> Session: Class initialized using 'CodeIgniter\Session\Handlers\DatabaseHandler' driver.
DEBUG - 2025-10-31 11:45:21 --> Session: Class initialized using 'CodeIgniter\Session\Handlers\DatabaseHandler' driver.
DEBUG - 2025-10-31 11:45:21 --> Session: Class initialized using 'CodeIgniter\Session\Handlers\DatabaseHandler' driver.
DEBUG - 2025-10-31 11:45:21 --> Session: Class initialized using 'CodeIgniter\Session\Handlers\DatabaseHandler' driver.
DEBUG - 2025-10-31 11:45:21 --> Session: Class initialized using 'CodeIgniter\Session\Handlers\DatabaseHandler' driver.
DEBUG - 2025-10-31 11:45:21 --> Session: Class initialized using 'CodeIgniter\Session\Handlers\DatabaseHandler' driver.
DEBUG - 2025-10-31 11:45:22 --> Session: Class initialized using 'CodeIgniter\Session\Handlers\DatabaseHandler' driver.
DEBUG - 2025-10-31 11:45:22 --> Session: Class initialized using 'CodeIgniter\Session\Handlers\DatabaseHandler' driver.
DEBUG - 2025-10-31 11:45:22 --> Session: Class initialized using 'CodeIgniter\Session\Handlers\DatabaseHandler' driver.
DEBUG - 2025-10-31 11:45:22 --> Session: Class initialized using 'CodeIgniter\Session\Handlers\DatabaseHandler' driver.
DEBUG - 2025-10-31 11:45:22 --> Session: Class initialized using 'CodeIgniter\Session\Handlers\DatabaseHandler' driver.
DEBUG - 2025-10-31 11:45:22 --> Session: Class initialized using 'CodeIgniter\Session\Handlers\DatabaseHandler' driver.
DEBUG - 2025-10-31 11:45:22 --> Session: Class initialized using 'CodeIgniter\Session\Handlers\DatabaseHandler' driver.
DEBUG - 2025-10-31 11:45:22 --> Session: Class initialized using 'CodeIgniter\Session\Handlers\DatabaseHandler' driver.
DEBUG - 2025-10-31 11:45:22 --> Session: Class initialized using 'CodeIgniter\Session\Handlers\DatabaseHandler' driver.
DEBUG - 2025-10-31 11:45:22 --> Session: Class initialized using 'CodeIgniter\Session\Handlers\DatabaseHandler' driver.
DEBUG - 2025-10-31 11:45:23 --> Session: Class initialized using 'CodeIgniter\Session\Handlers\DatabaseHandler' driver.
DEBUG - 2025-10-31 11:45:23 --> Session: Class initialized using 'CodeIgniter\Session\Handlers\DatabaseHandler' driver.
DEBUG - 2025-10-31 11:45:23 --> Session: Class initialized using 'CodeIgniter\Session\Handlers\DatabaseHandler' driver.
DEBUG - 2025-10-31 11:45:23 --> Session: Class initialized using 'CodeIgniter\Session\Handlers\DatabaseHandler' driver.
DEBUG - 2025-10-31 11:45:23 --> Session: Class initialized using 'CodeIgniter\Session\Handlers\DatabaseHandler' driver.
DEBUG - 2025-10-31 11:45:23 --> Session: Class initialized using 'CodeIgniter\Session\Handlers\DatabaseHandler' driver.
DEBUG - 2025-10-31 11:45:23 --> Session: Class initialized using 'CodeIgniter\Session\Handlers\DatabaseHandler' driver.
DEBUG - 2025-10-31 11:45:24 --> Session: Class initialized using 'CodeIgniter\Session\Handlers\DatabaseHandler' driver.
DEBUG - 2025-10-31 11:45:25 --> Session: Class initialized using 'CodeIgniter\Session\Handlers\DatabaseHandler' driver.
DEBUG - 2025-10-31 11:45:25 --> Session: Class initialized using 'CodeIgniter\Session\Handlers\DatabaseHandler' driver.
DEBUG - 2025-10-31 11:45:25 --> Session: Class initialized using 'CodeIgniter\Session\Handlers\DatabaseHandler' driver.
DEBUG - 2025-10-31 11:45:25 --> Session: Class initialized using 'CodeIgniter\Session\Handlers\DatabaseHandler' driver.
DEBUG - 2025-10-31 11:45:25 --> Session: Class initialized using 'CodeIgniter\Session\Handlers\DatabaseHandler' driver.
DEBUG - 2025-10-31 11:45:25 --> Session: Class initialized using 'CodeIgniter\Session\Handlers\DatabaseHandler' driver.
DEBUG - 2025-10-31 11:45:25 --> Session: Class initialized using 'CodeIgniter\Session\Handlers\DatabaseHandler' driver.
DEBUG - 2025-10-31 11:45:25 --> Session: Class initialized using 'CodeIgniter\Session\Handlers\DatabaseHandler' driver.
DEBUG - 2025-10-31 11:45:26 --> Session: Class initialized using 'CodeIgniter\Session\Handlers\DatabaseHandler' driver.
DEBUG - 2025-10-31 11:45:26 --> Session: Class initialized using 'CodeIgniter\Session\Handlers\DatabaseHandler' driver.
DEBUG - 2025-10-31 11:45:26 --> Session: Class initialized using 'CodeIgniter\Session\Handlers\DatabaseHandler' driver.
DEBUG - 2025-10-31 11:45:26 --> Session: Class initialized using 'CodeIgniter\Session\Handlers\DatabaseHandler' driver.
DEBUG - 2025-10-31 11:45:26 --> Session: Class initialized using 'CodeIgniter\Session\Handlers\DatabaseHandler' driver.
DEBUG - 2025-10-31 11:45:26 --> Session: Class initialized using 'CodeIgniter\Session\Handlers\DatabaseHandler' driver.
DEBUG - 2025-10-31 11:45:26 --> Session: Class initialized using 'CodeIgniter\Session\Handlers\DatabaseHandler' driver.
DEBUG - 2025-10-31 11:45:26 --> Session: Class initialized using 'CodeIgniter\Session\Handlers\DatabaseHandler' driver.
DEBUG - 2025-10-31 11:45:26 --> Session: Class initialized using 'CodeIgniter\Session\Handlers\DatabaseHandler' driver.
DEBUG - 2025-10-31 11:45:27 --> Session: Class initialized using 'CodeIgniter\Session\Handlers\DatabaseHandler' driver.
DEBUG - 2025-10-31 11:45:27 --> Session: Class initialized using 'CodeIgniter\Session\Handlers\DatabaseHandler' driver.
DEBUG - 2025-10-31 11:45:29 --> Session: Class initialized using 'CodeIgniter\Session\Handlers\DatabaseHandler' driver.
DEBUG - 2025-10-31 11:45:32 --> Session: Class initialized using 'CodeIgniter\Session\Handlers\DatabaseHandler' driver.
DEBUG - 2025-10-31 11:45:32 --> Session: Class initialized using 'CodeIgniter\Session\Handlers\DatabaseHandler' driver.
DEBUG - 2025-10-31 11:45:32 --> Session: Class initialized using 'CodeIgniter\Session\Handlers\DatabaseHandler' driver.
DEBUG - 2025-10-31 11:45:32 --> Session: Class initialized using 'CodeIgniter\Session\Handlers\DatabaseHandler' driver.
DEBUG - 2025-10-31 11:45:32 --> Session: Class initialized using 'CodeIgniter\Session\Handlers\DatabaseHandler' driver.
DEBUG - 2025-10-31 11:45:32 --> Session: Class initialized using 'CodeIgniter\Session\Handlers\DatabaseHandler' driver.
DEBUG - 2025-10-31 11:45:33 --> Session: Class initialized using 'CodeIgniter\Session\Handlers\DatabaseHandler' driver.
DEBUG - 2025-10-31 11:45:33 --> Session: Class initialized using 'CodeIgniter\Session\Handlers\DatabaseHandler' driver.
DEBUG - 2025-10-31 11:45:33 --> Session: Class initialized using 'CodeIgniter\Session\Handlers\DatabaseHandler' driver.
DEBUG - 2025-10-31 11:45:33 --> Session: Class initialized using 'CodeIgniter\Session\Handlers\DatabaseHandler' driver.
DEBUG - 2025-10-31 11:45:33 --> Session: Class initialized using 'CodeIgniter\Session\Handlers\DatabaseHandler' driver.
DEBUG - 2025-10-31 11:45:33 --> Session: Class initialized using 'CodeIgniter\Session\Handlers\DatabaseHandler' driver.
DEBUG - 2025-10-31 11:45:33 --> Session: Class initialized using 'CodeIgniter\Session\Handlers\DatabaseHandler' driver.
DEBUG - 2025-10-31 11:45:33 --> Session: Class initialized using 'CodeIgniter\Session\Handlers\DatabaseHandler' driver.
DEBUG - 2025-10-31 11:45:34 --> Session: Class initialized using 'CodeIgniter\Session\Handlers\DatabaseHandler' driver.
DEBUG - 2025-10-31 11:45:34 --> Session: Class initialized using 'CodeIgniter\Session\Handlers\DatabaseHandler' driver.
DEBUG - 2025-10-31 11:45:34 --> Session: Class initialized using 'CodeIgniter\Session\Handlers\DatabaseHandler' driver.
DEBUG - 2025-10-31 11:45:34 --> Session: Class initialized using 'CodeIgniter\Session\Handlers\DatabaseHandler' driver.
DEBUG - 2025-10-31 11:45:34 --> Session: Class initialized using 'CodeIgniter\Session\Handlers\DatabaseHandler' driver.
DEBUG - 2025-10-31 11:45:34 --> Session: Class initialized using 'CodeIgniter\Session\Handlers\DatabaseHandler' driver.
DEBUG - 2025-10-31 11:46:04 --> Session: Class initialized using 'CodeIgniter\Session\Handlers\DatabaseHandler' driver.
DEBUG - 2025-10-31 11:46:04 --> Session: Class initialized using 'CodeIgniter\Session\Handlers\DatabaseHandler' driver.
DEBUG - 2025-10-31 11:46:05 --> Session: Class initialized using 'CodeIgniter\Session\Handlers\DatabaseHandler' driver.
DEBUG - 2025-10-31 11:46:05 --> Session: Class initialized using 'CodeIgniter\Session\Handlers\DatabaseHandler' driver.
DEBUG - 2025-10-31 11:46:05 --> Session: Class initialized using 'CodeIgniter\Session\Handlers\DatabaseHandler' driver.
DEBUG - 2025-10-31 11:46:05 --> Session: Class initialized using 'CodeIgniter\Session\Handlers\DatabaseHandler' driver.
DEBUG - 2025-10-31 11:46:05 --> Session: Class initialized using 'CodeIgniter\Session\Handlers\DatabaseHandler' driver.
DEBUG - 2025-10-31 11:46:05 --> Session: Class initialized using 'CodeIgniter\Session\Handlers\DatabaseHandler' driver.
DEBUG - 2025-10-31 11:46:05 --> Session: Class initialized using 'CodeIgniter\Session\Handlers\DatabaseHandler' driver.
DEBUG - 2025-10-31 11:46:05 --> Session: Class initialized using 'CodeIgniter\Session\Handlers\DatabaseHandler' driver.
DEBUG - 2025-10-31 11:46:06 --> Session: Class initialized using 'CodeIgniter\Session\Handlers\DatabaseHandler' driver.
DEBUG - 2025-10-31 11:46:06 --> Session: Class initialized using 'CodeIgniter\Session\Handlers\DatabaseHandler' driver.
DEBUG - 2025-10-31 11:46:06 --> Session: Class initialized using 'CodeIgniter\Session\Handlers\DatabaseHandler' driver.
DEBUG - 2025-10-31 11:46:06 --> Session: Class initialized using 'CodeIgniter\Session\Handlers\DatabaseHandler' driver.
DEBUG - 2025-10-31 11:46:06 --> Session: Class initialized using 'CodeIgniter\Session\Handlers\DatabaseHandler' driver.
DEBUG - 2025-10-31 11:46:06 --> Session: Class initialized using 'CodeIgniter\Session\Handlers\DatabaseHandler' driver.
DEBUG - 2025-10-31 11:46:06 --> Session: Class initialized using 'CodeIgniter\Session\Handlers\DatabaseHandler' driver.
DEBUG - 2025-10-31 11:46:06 --> Session: Class initialized using 'CodeIgniter\Session\Handlers\DatabaseHandler' driver.
DEBUG - 2025-10-31 11:46:07 --> Session: Class initialized using 'CodeIgniter\Session\Handlers\DatabaseHandler' driver.
DEBUG - 2025-10-31 11:46:07 --> Session: Class initialized using 'CodeIgniter\Session\Handlers\DatabaseHandler' driver.
DEBUG - 2025-10-31 11:47:07 --> Session: Class initialized using 'CodeIgniter\Session\Handlers\DatabaseHandler' driver.
DEBUG - 2025-10-31 11:47:07 --> Session: Class initialized using 'CodeIgniter\Session\Handlers\DatabaseHandler' driver.
DEBUG - 2025-10-31 11:47:07 --> Session: Class initialized using 'CodeIgniter\Session\Handlers\DatabaseHandler' driver.
DEBUG - 2025-10-31 11:47:07 --> Session: Class initialized using 'CodeIgniter\Session\Handlers\DatabaseHandler' driver.
DEBUG - 2025-10-31 11:47:07 --> Session: Class initialized using 'CodeIgniter\Session\Handlers\DatabaseHandler' driver.
DEBUG - 2025-10-31 11:47:07 --> Session: Class initialized using 'CodeIgniter\Session\Handlers\DatabaseHandler' driver.
DEBUG - 2025-10-31 11:47:08 --> Session: Class initialized using 'CodeIgniter\Session\Handlers\DatabaseHandler' driver.
DEBUG - 2025-10-31 11:47:08 --> Session: Class initialized using 'CodeIgniter\Session\Handlers\DatabaseHandler' driver.
DEBUG - 2025-10-31 11:47:08 --> Session: Class initialized using 'CodeIgniter\Session\Handlers\DatabaseHandler' driver.
DEBUG - 2025-10-31 11:47:08 --> Session: Class initialized using 'CodeIgniter\Session\Handlers\DatabaseHandler' driver.
DEBUG - 2025-10-31 11:47:08 --> Session: Class initialized using 'CodeIgniter\Session\Handlers\DatabaseHandler' driver.
DEBUG - 2025-10-31 11:47:08 --> Session: Class initialized using 'CodeIgniter\Session\Handlers\DatabaseHandler' driver.
DEBUG - 2025-10-31 11:47:08 --> Session: Class initialized using 'CodeIgniter\Session\Handlers\DatabaseHandler' driver.
DEBUG - 2025-10-31 11:47:08 --> Session: Class initialized using 'CodeIgniter\Session\Handlers\DatabaseHandler' driver.
DEBUG - 2025-10-31 11:47:08 --> Session: Class initialized using 'CodeIgniter\Session\Handlers\DatabaseHandler' driver.
DEBUG - 2025-10-31 11:47:09 --> Session: Class initialized using 'CodeIgniter\Session\Handlers\DatabaseHandler' driver.
DEBUG - 2025-10-31 11:47:09 --> Session: Class initialized using 'CodeIgniter\Session\Handlers\DatabaseHandler' driver.
DEBUG - 2025-10-31 11:47:09 --> Session: Class initialized using 'CodeIgniter\Session\Handlers\DatabaseHandler' driver.
DEBUG - 2025-10-31 11:47:09 --> Session: Class initialized using 'CodeIgniter\Session\Handlers\DatabaseHandler' driver.
DEBUG - 2025-10-31 11:47:09 --> Session: Class initialized using 'CodeIgniter\Session\Handlers\DatabaseHandler' driver.
DEBUG - 2025-10-31 11:52:09 --> Session: Class initialized using 'CodeIgniter\Session\Handlers\DatabaseHandler' driver.
DEBUG - 2025-10-31 11:52:09 --> Session: Class initialized using 'CodeIgniter\Session\Handlers\DatabaseHandler' driver.
DEBUG - 2025-10-31 11:52:09 --> Session: Class initialized using 'CodeIgniter\Session\Handlers\DatabaseHandler' driver.
DEBUG - 2025-10-31 11:52:10 --> Session: Class initialized using 'CodeIgniter\Session\Handlers\DatabaseHandler' driver.
DEBUG - 2025-10-31 11:52:10 --> Session: Class initialized using 'CodeIgniter\Session\Handlers\DatabaseHandler' driver.
DEBUG - 2025-10-31 11:52:10 --> Session: Class initialized using 'CodeIgniter\Session\Handlers\DatabaseHandler' driver.
DEBUG - 2025-10-31 11:52:10 --> Session: Class initialized using 'CodeIgniter\Session\Handlers\DatabaseHandler' driver.
DEBUG - 2025-10-31 11:52:10 --> Session: Class initialized using 'CodeIgniter\Session\Handlers\DatabaseHandler' driver.
DEBUG - 2025-10-31 11:52:10 --> Session: Class initialized using 'CodeIgniter\Session\Handlers\DatabaseHandler' driver.
DEBUG - 2025-10-31 11:52:10 --> Session: Class initialized using 'CodeIgniter\Session\Handlers\DatabaseHandler' driver.
DEBUG - 2025-10-31 11:52:10 --> Session: Class initialized using 'CodeIgniter\Session\Handlers\DatabaseHandler' driver.
DEBUG - 2025-10-31 11:52:10 --> Session: Class initialized using 'CodeIgniter\Session\Handlers\DatabaseHandler' driver.
DEBUG - 2025-10-31 11:52:11 --> Session: Class initialized using 'CodeIgniter\Session\Handlers\DatabaseHandler' driver.
DEBUG - 2025-10-31 11:52:11 --> Session: Class initialized using 'CodeIgniter\Session\Handlers\DatabaseHandler' driver.
DEBUG - 2025-10-31 11:52:11 --> Session: Class initialized using 'CodeIgniter\Session\Handlers\DatabaseHandler' driver.
DEBUG - 2025-10-31 11:52:11 --> Session: Class initialized using 'CodeIgniter\Session\Handlers\DatabaseHandler' driver.
DEBUG - 2025-10-31 11:52:11 --> Session: Class initialized using 'CodeIgniter\Session\Handlers\DatabaseHandler' driver.
DEBUG - 2025-10-31 11:52:11 --> Session: Class initialized using 'CodeIgniter\Session\Handlers\DatabaseHandler' driver.
DEBUG - 2025-10-31 11:52:11 --> Session: Class initialized using 'CodeIgniter\Session\Handlers\DatabaseHandler' driver.
DEBUG - 2025-10-31 11:52:11 --> Session: Class initialized using 'CodeIgniter\Session\Handlers\DatabaseHandler' driver.
DEBUG - 2025-10-31 12:00:15 --> Session: Class initialized using 'CodeIgniter\Session\Handlers\DatabaseHandler' driver.
DEBUG - 2025-10-31 12:00:49 --> Session: Class initialized using 'CodeIgniter\Session\Handlers\DatabaseHandler' driver.
DEBUG - 2025-10-31 12:01:33 --> Session: Class initialized using 'CodeIgniter\Session\Handlers\DatabaseHandler' driver.
DEBUG - 2025-10-31 12:01:33 --> Session: Class initialized using 'CodeIgniter\Session\Handlers\DatabaseHandler' driver.
DEBUG - 2025-10-31 12:01:33 --> Session: Class initialized using 'CodeIgniter\Session\Handlers\DatabaseHandler' driver.
DEBUG - 2025-10-31 12:01:33 --> Session: Class initialized using 'CodeIgniter\Session\Handlers\DatabaseHandler' driver.
DEBUG - 2025-10-31 12:01:33 --> Session: Class initialized using 'CodeIgniter\Session\Handlers\DatabaseHandler' driver.
DEBUG - 2025-10-31 12:01:33 --> Session: Class initialized using 'CodeIgniter\Session\Handlers\DatabaseHandler' driver.
DEBUG - 2025-10-31 12:01:34 --> Session: Class initialized using 'CodeIgniter\Session\Handlers\DatabaseHandler' driver.
DEBUG - 2025-10-31 12:01:34 --> Session: Class initialized using 'CodeIgniter\Session\Handlers\DatabaseHandler' driver.
DEBUG - 2025-10-31 12:01:34 --> Session: Class initialized using 'CodeIgniter\Session\Handlers\DatabaseHandler' driver.
DEBUG - 2025-10-31 12:01:34 --> Session: Class initialized using 'CodeIgniter\Session\Handlers\DatabaseHandler' driver.
DEBUG - 2025-10-31 12:01:34 --> Session: Class initialized using 'CodeIgniter\Session\Handlers\DatabaseHandler' driver.
DEBUG - 2025-10-31 12:01:34 --> Session: Class initialized using 'CodeIgniter\Session\Handlers\DatabaseHandler' driver.
DEBUG - 2025-10-31 12:01:34 --> Session: Class initialized using 'CodeIgniter\Session\Handlers\DatabaseHandler' driver.
DEBUG - 2025-10-31 12:01:34 --> Session: Class initialized using 'CodeIgniter\Session\Handlers\DatabaseHandler' driver.
DEBUG - 2025-10-31 12:01:34 --> Session: Class initialized using 'CodeIgniter\Session\Handlers\DatabaseHandler' driver.
DEBUG - 2025-10-31 12:01:35 --> Session: Class initialized using 'CodeIgniter\Session\Handlers\DatabaseHandler' driver.
DEBUG - 2025-10-31 12:01:35 --> Session: Class initialized using 'CodeIgniter\Session\Handlers\DatabaseHandler' driver.
DEBUG - 2025-10-31 12:01:35 --> Session: Class initialized using 'CodeIgniter\Session\Handlers\DatabaseHandler' driver.
DEBUG - 2025-10-31 12:01:35 --> Session: Class initialized using 'CodeIgniter\Session\Handlers\DatabaseHandler' driver.
DEBUG - 2025-10-31 12:01:35 --> Session: Class initialized using 'CodeIgniter\Session\Handlers\DatabaseHandler' driver.
DEBUG - 2025-10-31 12:01:35 --> Session: Class initialized using 'CodeIgniter\Session\Handlers\DatabaseHandler' driver.
DEBUG - 2025-10-31 12:01:35 --> Session: Class initialized using 'CodeIgniter\Session\Handlers\DatabaseHandler' driver.
DEBUG - 2025-10-31 12:01:35 --> Session: Class initialized using 'CodeIgniter\Session\Handlers\DatabaseHandler' driver.
DEBUG - 2025-10-31 12:01:35 --> Session: Class initialized using 'CodeIgniter\Session\Handlers\DatabaseHandler' driver.
DEBUG - 2025-10-31 12:01:36 --> Session: Class initialized using 'CodeIgniter\Session\Handlers\DatabaseHandler' driver.
DEBUG - 2025-10-31 12:01:36 --> Session: Class initialized using 'CodeIgniter\Session\Handlers\DatabaseHandler' driver.
DEBUG - 2025-10-31 12:01:36 --> Session: Class initialized using 'CodeIgniter\Session\Handlers\DatabaseHandler' driver.
DEBUG - 2025-10-31 12:01:36 --> Session: Class initialized using 'CodeIgniter\Session\Handlers\DatabaseHandler' driver.
DEBUG - 2025-10-31 12:01:36 --> Session: Class initialized using 'CodeIgniter\Session\Handlers\DatabaseHandler' driver.
DEBUG - 2025-10-31 12:01:36 --> Session: Class initialized using 'CodeIgniter\Session\Handlers\DatabaseHandler' driver.
DEBUG - 2025-10-31 12:01:36 --> Session: Class initialized using 'CodeIgniter\Session\Handlers\DatabaseHandler' driver.
DEBUG - 2025-10-31 12:01:36 --> Session: Class initialized using 'CodeIgniter\Session\Handlers\DatabaseHandler' driver.
DEBUG - 2025-10-31 12:01:36 --> Session: Class initialized using 'CodeIgniter\Session\Handlers\DatabaseHandler' driver.
DEBUG - 2025-10-31 12:01:37 --> Session: Class initialized using 'CodeIgniter\Session\Handlers\DatabaseHandler' driver.
DEBUG - 2025-10-31 12:01:38 --> Session: Class initialized using 'CodeIgniter\Session\Handlers\DatabaseHandler' driver.
DEBUG - 2025-10-31 12:01:38 --> Session: Class initialized using 'CodeIgniter\Session\Handlers\DatabaseHandler' driver.
DEBUG - 2025-10-31 12:01:38 --> Session: Class initialized using 'CodeIgniter\Session\Handlers\DatabaseHandler' driver.
DEBUG - 2025-10-31 12:01:38 --> Session: Class initialized using 'CodeIgniter\Session\Handlers\DatabaseHandler' driver.
DEBUG - 2025-10-31 12:01:38 --> Session: Class initialized using 'CodeIgniter\Session\Handlers\DatabaseHandler' driver.
DEBUG - 2025-10-31 12:01:38 --> Session: Class initialized using 'CodeIgniter\Session\Handlers\DatabaseHandler' driver.
DEBUG - 2025-10-31 12:01:38 --> Session: Class initialized using 'CodeIgniter\Session\Handlers\DatabaseHandler' driver.
DEBUG - 2025-10-31 12:01:39 --> Session: Class initialized using 'CodeIgniter\Session\Handlers\DatabaseHandler' driver.
DEBUG - 2025-10-31 12:01:39 --> Session: Class initialized using 'CodeIgniter\Session\Handlers\DatabaseHandler' driver.
DEBUG - 2025-10-31 12:01:39 --> Session: Class initialized using 'CodeIgniter\Session\Handlers\DatabaseHandler' driver.
DEBUG - 2025-10-31 12:01:39 --> Session: Class initialized using 'CodeIgniter\Session\Handlers\DatabaseHandler' driver.
DEBUG - 2025-10-31 12:01:39 --> Session: Class initialized using 'CodeIgniter\Session\Handlers\DatabaseHandler' driver.
DEBUG - 2025-10-31 12:01:39 --> Session: Class initialized using 'CodeIgniter\Session\Handlers\DatabaseHandler' driver.
DEBUG - 2025-10-31 12:01:39 --> Session: Class initialized using 'CodeIgniter\Session\Handlers\DatabaseHandler' driver.
DEBUG - 2025-10-31 12:01:39 --> Session: Class initialized using 'CodeIgniter\Session\Handlers\DatabaseHandler' driver.
DEBUG - 2025-10-31 12:01:39 --> Session: Class initialized using 'CodeIgniter\Session\Handlers\DatabaseHandler' driver.
DEBUG - 2025-10-31 12:01:40 --> Session: Class initialized using 'CodeIgniter\Session\Handlers\DatabaseHandler' driver.
DEBUG - 2025-10-31 12:01:40 --> Session: Class initialized using 'CodeIgniter\Session\Handlers\DatabaseHandler' driver.
DEBUG - 2025-10-31 12:01:40 --> Session: Class initialized using 'CodeIgniter\Session\Handlers\DatabaseHandler' driver.
DEBUG - 2025-10-31 12:01:40 --> Session: Class initialized using 'CodeIgniter\Session\Handlers\DatabaseHandler' driver.
DEBUG - 2025-10-31 12:01:45 --> Session: Class initialized using 'CodeIgniter\Session\Handlers\DatabaseHandler' driver.
DEBUG - 2025-10-31 12:01:45 --> Session: Class initialized using 'CodeIgniter\Session\Handlers\DatabaseHandler' driver.
DEBUG - 2025-10-31 12:01:45 --> Session: Class initialized using 'CodeIgniter\Session\Handlers\DatabaseHandler' driver.
DEBUG - 2025-10-31 12:01:45 --> Session: Class initialized using 'CodeIgniter\Session\Handlers\DatabaseHandler' driver.
DEBUG - 2025-10-31 12:01:46 --> Session: Class initialized using 'CodeIgniter\Session\Handlers\DatabaseHandler' driver.
DEBUG - 2025-10-31 12:01:46 --> Session: Class initialized using 'CodeIgniter\Session\Handlers\DatabaseHandler' driver.
DEBUG - 2025-10-31 12:01:46 --> Session: Class initialized using 'CodeIgniter\Session\Handlers\DatabaseHandler' driver.
DEBUG - 2025-10-31 12:01:46 --> Session: Class initialized using 'CodeIgniter\Session\Handlers\DatabaseHandler' driver.
DEBUG - 2025-10-31 12:01:46 --> Session: Class initialized using 'CodeIgniter\Session\Handlers\DatabaseHandler' driver.
DEBUG - 2025-10-31 12:01:46 --> Session: Class initialized using 'CodeIgniter\Session\Handlers\DatabaseHandler' driver.
DEBUG - 2025-10-31 12:01:46 --> Session: Class initialized using 'CodeIgniter\Session\Handlers\DatabaseHandler' driver.
DEBUG - 2025-10-31 12:01:46 --> Session: Class initialized using 'CodeIgniter\Session\Handlers\DatabaseHandler' driver.
DEBUG - 2025-10-31 12:01:47 --> Session: Class initialized using 'CodeIgniter\Session\Handlers\DatabaseHandler' driver.
DEBUG - 2025-10-31 12:01:47 --> Session: Class initialized using 'CodeIgniter\Session\Handlers\DatabaseHandler' driver.
DEBUG - 2025-10-31 12:01:47 --> Session: Class initialized using 'CodeIgniter\Session\Handlers\DatabaseHandler' driver.
DEBUG - 2025-10-31 12:01:47 --> Session: Class initialized using 'CodeIgniter\Session\Handlers\DatabaseHandler' driver.
DEBUG - 2025-10-31 12:01:47 --> Session: Class initialized using 'CodeIgniter\Session\Handlers\DatabaseHandler' driver.
DEBUG - 2025-10-31 12:01:47 --> Session: Class initialized using 'CodeIgniter\Session\Handlers\DatabaseHandler' driver.
DEBUG - 2025-10-31 12:01:47 --> Session: Class initialized using 'CodeIgniter\Session\Handlers\DatabaseHandler' driver.
DEBUG - 2025-10-31 12:01:47 --> Session: Class initialized using 'CodeIgniter\Session\Handlers\DatabaseHandler' driver.
DEBUG - 2025-10-31 12:02:17 --> Session: Class initialized using 'CodeIgniter\Session\Handlers\DatabaseHandler' driver.
DEBUG - 2025-10-31 12:02:18 --> Session: Class initialized using 'CodeIgniter\Session\Handlers\DatabaseHandler' driver.
DEBUG - 2025-10-31 12:02:18 --> Session: Class initialized using 'CodeIgniter\Session\Handlers\DatabaseHandler' driver.
DEBUG - 2025-10-31 12:02:18 --> Session: Class initialized using 'CodeIgniter\Session\Handlers\DatabaseHandler' driver.
DEBUG - 2025-10-31 12:02:18 --> Session: Class initialized using 'CodeIgniter\Session\Handlers\DatabaseHandler' driver.
DEBUG - 2025-10-31 12:02:18 --> Session: Class initialized using 'CodeIgniter\Session\Handlers\DatabaseHandler' driver.
DEBUG - 2025-10-31 12:02:18 --> Session: Class initialized using 'CodeIgniter\Session\Handlers\DatabaseHandler' driver.
DEBUG - 2025-10-31 12:02:18 --> Session: Class initialized using 'CodeIgniter\Session\Handlers\DatabaseHandler' driver.
DEBUG - 2025-10-31 12:02:18 --> Session: Class initialized using 'CodeIgniter\Session\Handlers\DatabaseHandler' driver.
DEBUG - 2025-10-31 12:02:18 --> Session: Class initialized using 'CodeIgniter\Session\Handlers\DatabaseHandler' driver.
DEBUG - 2025-10-31 12:02:19 --> Session: Class initialized using 'CodeIgniter\Session\Handlers\DatabaseHandler' driver.
DEBUG - 2025-10-31 12:02:19 --> Session: Class initialized using 'CodeIgniter\Session\Handlers\DatabaseHandler' driver.
DEBUG - 2025-10-31 12:02:19 --> Session: Class initialized using 'CodeIgniter\Session\Handlers\DatabaseHandler' driver.
DEBUG - 2025-10-31 12:02:19 --> Session: Class initialized using 'CodeIgniter\Session\Handlers\DatabaseHandler' driver.
DEBUG - 2025-10-31 12:02:19 --> Session: Class initialized using 'CodeIgniter\Session\Handlers\DatabaseHandler' driver.
DEBUG - 2025-10-31 12:02:19 --> Session: Class initialized using 'CodeIgniter\Session\Handlers\DatabaseHandler' driver.
DEBUG - 2025-10-31 12:02:19 --> Session: Class initialized using 'CodeIgniter\Session\Handlers\DatabaseHandler' driver.
DEBUG - 2025-10-31 12:02:19 --> Session: Class initialized using 'CodeIgniter\Session\Handlers\DatabaseHandler' driver.
DEBUG - 2025-10-31 12:02:20 --> Session: Class initialized using 'CodeIgniter\Session\Handlers\DatabaseHandler' driver.
DEBUG - 2025-10-31 12:02:20 --> Session: Class initialized using 'CodeIgniter\Session\Handlers\DatabaseHandler' driver.
DEBUG - 2025-10-31 12:02:54 --> Session: Class initialized using 'CodeIgniter\Session\Handlers\DatabaseHandler' driver.
DEBUG - 2025-10-31 12:03:20 --> Session: Class initialized using 'CodeIgniter\Session\Handlers\DatabaseHandler' driver.
DEBUG - 2025-10-31 12:03:20 --> Session: Class initialized using 'CodeIgniter\Session\Handlers\DatabaseHandler' driver.
DEBUG - 2025-10-31 12:03:20 --> Session: Class initialized using 'CodeIgniter\Session\Handlers\DatabaseHandler' driver.
DEBUG - 2025-10-31 12:03:20 --> Session: Class initialized using 'CodeIgniter\Session\Handlers\DatabaseHandler' driver.
DEBUG - 2025-10-31 12:03:20 --> Session: Class initialized using 'CodeIgniter\Session\Handlers\DatabaseHandler' driver.
DEBUG - 2025-10-31 12:03:21 --> Session: Class initialized using 'CodeIgniter\Session\Handlers\DatabaseHandler' driver.
DEBUG - 2025-10-31 12:03:21 --> Session: Class initialized using 'CodeIgniter\Session\Handlers\DatabaseHandler' driver.
DEBUG - 2025-10-31 12:03:21 --> Session: Class initialized using 'CodeIgniter\Session\Handlers\DatabaseHandler' driver.
DEBUG - 2025-10-31 12:03:21 --> Session: Class initialized using 'CodeIgniter\Session\Handlers\DatabaseHandler' driver.
DEBUG - 2025-10-31 12:03:21 --> Session: Class initialized using 'CodeIgniter\Session\Handlers\DatabaseHandler' driver.
DEBUG - 2025-10-31 12:03:21 --> Session: Class initialized using 'CodeIgniter\Session\Handlers\DatabaseHandler' driver.
DEBUG - 2025-10-31 12:03:21 --> Session: Class initialized using 'CodeIgniter\Session\Handlers\DatabaseHandler' driver.
DEBUG - 2025-10-31 12:03:21 --> Session: Class initialized using 'CodeIgniter\Session\Handlers\DatabaseHandler' driver.
DEBUG - 2025-10-31 12:03:22 --> Session: Class initialized using 'CodeIgniter\Session\Handlers\DatabaseHandler' driver.
DEBUG - 2025-10-31 12:03:22 --> Session: Class initialized using 'CodeIgniter\Session\Handlers\DatabaseHandler' driver.
DEBUG - 2025-10-31 12:03:22 --> Session: Class initialized using 'CodeIgniter\Session\Handlers\DatabaseHandler' driver.
DEBUG - 2025-10-31 12:03:22 --> Session: Class initialized using 'CodeIgniter\Session\Handlers\DatabaseHandler' driver.
DEBUG - 2025-10-31 12:03:22 --> Session: Class initialized using 'CodeIgniter\Session\Handlers\DatabaseHandler' driver.
DEBUG - 2025-10-31 12:03:22 --> Session: Class initialized using 'CodeIgniter\Session\Handlers\DatabaseHandler' driver.
DEBUG - 2025-10-31 12:03:22 --> Session: Class initialized using 'CodeIgniter\Session\Handlers\DatabaseHandler' driver.
DEBUG - 2025-10-31 12:04:13 --> Session: Class initialized using 'CodeIgniter\Session\Handlers\DatabaseHandler' driver.
DEBUG - 2025-10-31 12:04:20 --> Session: Class initialized using 'CodeIgniter\Session\Handlers\DatabaseHandler' driver.
DEBUG - 2025-10-31 12:04:24 --> Session: Class initialized using 'CodeIgniter\Session\Handlers\DatabaseHandler' driver.
DEBUG - 2025-10-31 12:04:26 --> Session: Class initialized using 'CodeIgniter\Session\Handlers\DatabaseHandler' driver.
DEBUG - 2025-10-31 12:04:28 --> Session: Class initialized using 'CodeIgniter\Session\Handlers\DatabaseHandler' driver.
DEBUG - 2025-10-31 12:08:22 --> Session: Class initialized using 'CodeIgniter\Session\Handlers\DatabaseHandler' driver.
DEBUG - 2025-10-31 12:08:23 --> Session: Class initialized using 'CodeIgniter\Session\Handlers\DatabaseHandler' driver.
DEBUG - 2025-10-31 12:08:23 --> Session: Class initialized using 'CodeIgniter\Session\Handlers\DatabaseHandler' driver.
DEBUG - 2025-10-31 12:08:23 --> Session: Class initialized using 'CodeIgniter\Session\Handlers\DatabaseHandler' driver.
DEBUG - 2025-10-31 12:08:23 --> Session: Class initialized using 'CodeIgniter\Session\Handlers\DatabaseHandler' driver.
DEBUG - 2025-10-31 12:08:23 --> Session: Class initialized using 'CodeIgniter\Session\Handlers\DatabaseHandler' driver.
DEBUG - 2025-10-31 12:08:23 --> Session: Class initialized using 'CodeIgniter\Session\Handlers\DatabaseHandler' driver.
DEBUG - 2025-10-31 12:08:23 --> Session: Class initialized using 'CodeIgniter\Session\Handlers\DatabaseHandler' driver.
DEBUG - 2025-10-31 12:08:23 --> Session: Class initialized using 'CodeIgniter\Session\Handlers\DatabaseHandler' driver.
DEBUG - 2025-10-31 12:08:24 --> Session: Class initialized using 'CodeIgniter\Session\Handlers\DatabaseHandler' driver.
DEBUG - 2025-10-31 12:08:24 --> Session: Class initialized using 'CodeIgniter\Session\Handlers\DatabaseHandler' driver.
DEBUG - 2025-10-31 12:08:24 --> Session: Class initialized using 'CodeIgniter\Session\Handlers\DatabaseHandler' driver.
DEBUG - 2025-10-31 12:08:24 --> Session: Class initialized using 'CodeIgniter\Session\Handlers\DatabaseHandler' driver.
DEBUG - 2025-10-31 12:08:24 --> Session: Class initialized using 'CodeIgniter\Session\Handlers\DatabaseHandler' driver.
DEBUG - 2025-10-31 12:08:24 --> Session: Class initialized using 'CodeIgniter\Session\Handlers\DatabaseHandler' driver.
DEBUG - 2025-10-31 12:08:24 --> Session: Class initialized using 'CodeIgniter\Session\Handlers\DatabaseHandler' driver.
DEBUG - 2025-10-31 12:08:24 --> Session: Class initialized using 'CodeIgniter\Session\Handlers\DatabaseHandler' driver.
DEBUG - 2025-10-31 12:08:25 --> Session: Class initialized using 'CodeIgniter\Session\Handlers\DatabaseHandler' driver.
DEBUG - 2025-10-31 12:08:25 --> Session: Class initialized using 'CodeIgniter\Session\Handlers\DatabaseHandler' driver.
DEBUG - 2025-10-31 12:08:25 --> Session: Class initialized using 'CodeIgniter\Session\Handlers\DatabaseHandler' driver.
DEBUG - 2025-10-31 12:11:03 --> Session: Class initialized using 'CodeIgniter\Session\Handlers\DatabaseHandler' driver.
DEBUG - 2025-10-31 12:11:32 --> Session: Class initialized using 'CodeIgniter\Session\Handlers\DatabaseHandler' driver.
DEBUG - 2025-10-31 12:11:48 --> Session: Class initialized using 'CodeIgniter\Session\Handlers\DatabaseHandler' driver.
DEBUG - 2025-10-31 12:11:50 --> Session: Class initialized using 'CodeIgniter\Session\Handlers\DatabaseHandler' driver.
DEBUG - 2025-10-31 12:11:50 --> Session: Class initialized using 'CodeIgniter\Session\Handlers\DatabaseHandler' driver.
DEBUG - 2025-10-31 12:11:57 --> Session: Class initialized using 'CodeIgniter\Session\Handlers\DatabaseHandler' driver.
DEBUG - 2025-10-31 12:11:57 --> Session: Class initialized using 'CodeIgniter\Session\Handlers\DatabaseHandler' driver.
DEBUG - 2025-10-31 12:12:02 --> Session: Class initialized using 'CodeIgniter\Session\Handlers\DatabaseHandler' driver.
DEBUG - 2025-10-31 12:12:03 --> Session: Class initialized using 'CodeIgniter\Session\Handlers\DatabaseHandler' driver.
DEBUG - 2025-10-31 12:12:12 --> Session: Class initialized using 'CodeIgniter\Session\Handlers\DatabaseHandler' driver.
DEBUG - 2025-10-31 12:12:12 --> Session: Class initialized using 'CodeIgniter\Session\Handlers\DatabaseHandler' driver.
DEBUG - 2025-10-31 12:12:28 --> Session: Class initialized using 'CodeIgniter\Session\Handlers\DatabaseHandler' driver.
DEBUG - 2025-10-31 12:12:34 --> Session: Class initialized using 'CodeIgniter\Session\Handlers\DatabaseHandler' driver.
DEBUG - 2025-10-31 12:12:40 --> Session: Class initialized using 'CodeIgniter\Session\Handlers\DatabaseHandler' driver.
DEBUG - 2025-10-31 12:12:40 --> Session: Class initialized using 'CodeIgniter\Session\Handlers\DatabaseHandler' driver.
DEBUG - 2025-10-31 12:12:47 --> Session: Class initialized using 'CodeIgniter\Session\Handlers\DatabaseHandler' driver.
DEBUG - 2025-10-31 12:12:47 --> Session: Class initialized using 'CodeIgniter\Session\Handlers\DatabaseHandler' driver.
DEBUG - 2025-10-31 12:13:32 --> Session: Class initialized using 'CodeIgniter\Session\Handlers\DatabaseHandler' driver.
DEBUG - 2025-10-31 12:13:32 --> Session: Class initialized using 'CodeIgniter\Session\Handlers\DatabaseHandler' driver.
DEBUG - 2025-10-31 12:13:34 --> Session: Class initialized using 'CodeIgniter\Session\Handlers\DatabaseHandler' driver.
DEBUG - 2025-10-31 12:13:34 --> Session: Class initialized using 'CodeIgniter\Session\Handlers\DatabaseHandler' driver.
DEBUG - 2025-10-31 12:13:48 --> Session: Class initialized using 'CodeIgniter\Session\Handlers\DatabaseHandler' driver.
DEBUG - 2025-10-31 12:14:00 --> Session: Class initialized using 'CodeIgniter\Session\Handlers\DatabaseHandler' driver.
DEBUG - 2025-10-31 12:14:04 --> Session: Class initialized using 'CodeIgniter\Session\Handlers\DatabaseHandler' driver.
DEBUG - 2025-10-31 12:14:09 --> Session: Class initialized using 'CodeIgniter\Session\Handlers\DatabaseHandler' driver.
DEBUG - 2025-10-31 12:14:10 --> Session: Class initialized using 'CodeIgniter\Session\Handlers\DatabaseHandler' driver.
DEBUG - 2025-10-31 12:14:15 --> Session: Class initialized using 'CodeIgniter\Session\Handlers\DatabaseHandler' driver.
DEBUG - 2025-10-31 12:14:15 --> Session: Class initialized using 'CodeIgniter\Session\Handlers\DatabaseHandler' driver.
DEBUG - 2025-10-31 12:14:15 --> Session: Class initialized using 'CodeIgniter\Session\Handlers\DatabaseHandler' driver.
DEBUG - 2025-10-31 12:14:15 --> Session: Class initialized using 'CodeIgniter\Session\Handlers\DatabaseHandler' driver.
DEBUG - 2025-10-31 12:14:15 --> Session: Class initialized using 'CodeIgniter\Session\Handlers\DatabaseHandler' driver.
DEBUG - 2025-10-31 12:14:15 --> Session: Class initialized using 'CodeIgniter\Session\Handlers\DatabaseHandler' driver.
DEBUG - 2025-10-31 12:14:16 --> Session: Class initialized using 'CodeIgniter\Session\Handlers\DatabaseHandler' driver.
DEBUG - 2025-10-31 12:14:16 --> Session: Class initialized using 'CodeIgniter\Session\Handlers\DatabaseHandler' driver.
DEBUG - 2025-10-31 12:14:16 --> Session: Class initialized using 'CodeIgniter\Session\Handlers\DatabaseHandler' driver.
DEBUG - 2025-10-31 12:14:16 --> Session: Class initialized using 'CodeIgniter\Session\Handlers\DatabaseHandler' driver.
DEBUG - 2025-10-31 12:14:16 --> Session: Class initialized using 'CodeIgniter\Session\Handlers\DatabaseHandler' driver.
DEBUG - 2025-10-31 12:14:16 --> Session: Class initialized using 'CodeIgniter\Session\Handlers\DatabaseHandler' driver.
DEBUG - 2025-10-31 12:14:16 --> Session: Class initialized using 'CodeIgniter\Session\Handlers\DatabaseHandler' driver.
DEBUG - 2025-10-31 12:14:16 --> Session: Class initialized using 'CodeIgniter\Session\Handlers\DatabaseHandler' driver.
DEBUG - 2025-10-31 12:14:17 --> Session: Class initialized using 'CodeIgniter\Session\Handlers\DatabaseHandler' driver.
DEBUG - 2025-10-31 12:14:17 --> Session: Class initialized using 'CodeIgniter\Session\Handlers\DatabaseHandler' driver.
DEBUG - 2025-10-31 12:14:17 --> Session: Class initialized using 'CodeIgniter\Session\Handlers\DatabaseHandler' driver.
DEBUG - 2025-10-31 12:14:17 --> Session: Class initialized using 'CodeIgniter\Session\Handlers\DatabaseHandler' driver.
DEBUG - 2025-10-31 12:14:17 --> Session: Class initialized using 'CodeIgniter\Session\Handlers\DatabaseHandler' driver.
DEBUG - 2025-10-31 12:14:17 --> Session: Class initialized using 'CodeIgniter\Session\Handlers\DatabaseHandler' driver.
DEBUG - 2025-10-31 12:14:22 --> Session: Class initialized using 'CodeIgniter\Session\Handlers\DatabaseHandler' driver.
DEBUG - 2025-10-31 12:14:22 --> Session: Class initialized using 'CodeIgniter\Session\Handlers\DatabaseHandler' driver.
DEBUG - 2025-10-31 12:15:49 --> Session: Class initialized using 'CodeIgniter\Session\Handlers\DatabaseHandler' driver.
DEBUG - 2025-10-31 12:15:49 --> Session: Class initialized using 'CodeIgniter\Session\Handlers\DatabaseHandler' driver.
DEBUG - 2025-10-31 12:15:49 --> Session: Class initialized using 'CodeIgniter\Session\Handlers\DatabaseHandler' driver.
DEBUG - 2025-10-31 12:15:49 --> Session: Class initialized using 'CodeIgniter\Session\Handlers\DatabaseHandler' driver.
DEBUG - 2025-10-31 12:15:49 --> Session: Class initialized using 'CodeIgniter\Session\Handlers\DatabaseHandler' driver.
DEBUG - 2025-10-31 12:15:49 --> Session: Class initialized using 'CodeIgniter\Session\Handlers\DatabaseHandler' driver.
DEBUG - 2025-10-31 12:15:49 --> Session: Class initialized using 'CodeIgniter\Session\Handlers\DatabaseHandler' driver.
DEBUG - 2025-10-31 12:15:49 --> Session: Class initialized using 'CodeIgniter\Session\Handlers\DatabaseHandler' driver.
DEBUG - 2025-10-31 12:15:50 --> Session: Class initialized using 'CodeIgniter\Session\Handlers\DatabaseHandler' driver.
DEBUG - 2025-10-31 12:15:50 --> Session: Class initialized using 'CodeIgniter\Session\Handlers\DatabaseHandler' driver.
DEBUG - 2025-10-31 12:15:50 --> Session: Class initialized using 'CodeIgniter\Session\Handlers\DatabaseHandler' driver.
DEBUG - 2025-10-31 12:15:50 --> Session: Class initialized using 'CodeIgniter\Session\Handlers\DatabaseHandler' driver.
DEBUG - 2025-10-31 12:15:50 --> Session: Class initialized using 'CodeIgniter\Session\Handlers\DatabaseHandler' driver.
DEBUG - 2025-10-31 12:15:50 --> Session: Class initialized using 'CodeIgniter\Session\Handlers\DatabaseHandler' driver.
DEBUG - 2025-10-31 12:15:50 --> Session: Class initialized using 'CodeIgniter\Session\Handlers\DatabaseHandler' driver.
DEBUG - 2025-10-31 12:15:50 --> Session: Class initialized using 'CodeIgniter\Session\Handlers\DatabaseHandler' driver.
DEBUG - 2025-10-31 12:15:50 --> Session: Class initialized using 'CodeIgniter\Session\Handlers\DatabaseHandler' driver.
DEBUG - 2025-10-31 12:15:51 --> Session: Class initialized using 'CodeIgniter\Session\Handlers\DatabaseHandler' driver.
DEBUG - 2025-10-31 12:15:51 --> Session: Class initialized using 'CodeIgniter\Session\Handlers\DatabaseHandler' driver.
DEBUG - 2025-10-31 12:15:51 --> Session: Class initialized using 'CodeIgniter\Session\Handlers\DatabaseHandler' driver.
DEBUG - 2025-10-31 12:15:52 --> Session: Class initialized using 'CodeIgniter\Session\Handlers\DatabaseHandler' driver.
DEBUG - 2025-10-31 12:15:52 --> Session: Class initialized using 'CodeIgniter\Session\Handlers\DatabaseHandler' driver.
DEBUG - 2025-10-31 12:15:52 --> Session: Class initialized using 'CodeIgniter\Session\Handlers\DatabaseHandler' driver.
DEBUG - 2025-10-31 12:15:52 --> Session: Class initialized using 'CodeIgniter\Session\Handlers\DatabaseHandler' driver.
DEBUG - 2025-10-31 12:15:53 --> Session: Class initialized using 'CodeIgniter\Session\Handlers\DatabaseHandler' driver.
DEBUG - 2025-10-31 12:15:53 --> Session: Class initialized using 'CodeIgniter\Session\Handlers\DatabaseHandler' driver.
DEBUG - 2025-10-31 12:15:53 --> Session: Class initialized using 'CodeIgniter\Session\Handlers\DatabaseHandler' driver.
DEBUG - 2025-10-31 12:15:53 --> Session: Class initialized using 'CodeIgniter\Session\Handlers\DatabaseHandler' driver.
DEBUG - 2025-10-31 12:15:53 --> Session: Class initialized using 'CodeIgniter\Session\Handlers\DatabaseHandler' driver.
DEBUG - 2025-10-31 12:15:53 --> Session: Class initialized using 'CodeIgniter\Session\Handlers\DatabaseHandler' driver.
DEBUG - 2025-10-31 12:15:53 --> Session: Class initialized using 'CodeIgniter\Session\Handlers\DatabaseHandler' driver.
DEBUG - 2025-10-31 12:15:53 --> Session: Class initialized using 'CodeIgniter\Session\Handlers\DatabaseHandler' driver.
DEBUG - 2025-10-31 12:15:54 --> Session: Class initialized using 'CodeIgniter\Session\Handlers\DatabaseHandler' driver.
DEBUG - 2025-10-31 12:15:54 --> Session: Class initialized using 'CodeIgniter\Session\Handlers\DatabaseHandler' driver.
DEBUG - 2025-10-31 12:15:54 --> Session: Class initialized using 'CodeIgniter\Session\Handlers\DatabaseHandler' driver.
DEBUG - 2025-10-31 12:15:54 --> Session: Class initialized using 'CodeIgniter\Session\Handlers\DatabaseHandler' driver.
DEBUG - 2025-10-31 12:15:54 --> Session: Class initialized using 'CodeIgniter\Session\Handlers\DatabaseHandler' driver.
DEBUG - 2025-10-31 12:15:54 --> Session: Class initialized using 'CodeIgniter\Session\Handlers\DatabaseHandler' driver.
DEBUG - 2025-10-31 12:15:54 --> Session: Class initialized using 'CodeIgniter\Session\Handlers\DatabaseHandler' driver.
DEBUG - 2025-10-31 12:15:54 --> Session: Class initialized using 'CodeIgniter\Session\Handlers\DatabaseHandler' driver.
DEBUG - 2025-10-31 12:16:00 --> Session: Class initialized using 'CodeIgniter\Session\Handlers\DatabaseHandler' driver.
DEBUG - 2025-10-31 12:16:00 --> Session: Class initialized using 'CodeIgniter\Session\Handlers\DatabaseHandler' driver.
DEBUG - 2025-10-31 12:16:00 --> Session: Class initialized using 'CodeIgniter\Session\Handlers\DatabaseHandler' driver.
DEBUG - 2025-10-31 12:16:00 --> Session: Class initialized using 'CodeIgniter\Session\Handlers\DatabaseHandler' driver.
DEBUG - 2025-10-31 12:16:00 --> Session: Class initialized using 'CodeIgniter\Session\Handlers\DatabaseHandler' driver.
DEBUG - 2025-10-31 12:16:00 --> Session: Class initialized using 'CodeIgniter\Session\Handlers\DatabaseHandler' driver.
DEBUG - 2025-10-31 12:16:00 --> Session: Class initialized using 'CodeIgniter\Session\Handlers\DatabaseHandler' driver.
DEBUG - 2025-10-31 12:16:00 --> Session: Class initialized using 'CodeIgniter\Session\Handlers\DatabaseHandler' driver.
DEBUG - 2025-10-31 12:16:01 --> Session: Class initialized using 'CodeIgniter\Session\Handlers\DatabaseHandler' driver.
DEBUG - 2025-10-31 12:16:01 --> Session: Class initialized using 'CodeIgniter\Session\Handlers\DatabaseHandler' driver.
DEBUG - 2025-10-31 12:16:01 --> Session: Class initialized using 'CodeIgniter\Session\Handlers\DatabaseHandler' driver.
DEBUG - 2025-10-31 12:16:01 --> Session: Class initialized using 'CodeIgniter\Session\Handlers\DatabaseHandler' driver.
DEBUG - 2025-10-31 12:16:01 --> Session: Class initialized using 'CodeIgniter\Session\Handlers\DatabaseHandler' driver.
DEBUG - 2025-10-31 12:16:01 --> Session: Class initialized using 'CodeIgniter\Session\Handlers\DatabaseHandler' driver.
DEBUG - 2025-10-31 12:16:02 --> Session: Class initialized using 'CodeIgniter\Session\Handlers\DatabaseHandler' driver.
DEBUG - 2025-10-31 12:16:02 --> Session: Class initialized using 'CodeIgniter\Session\Handlers\DatabaseHandler' driver.
DEBUG - 2025-10-31 12:16:02 --> Session: Class initialized using 'CodeIgniter\Session\Handlers\DatabaseHandler' driver.
DEBUG - 2025-10-31 12:16:02 --> Session: Class initialized using 'CodeIgniter\Session\Handlers\DatabaseHandler' driver.
DEBUG - 2025-10-31 12:16:02 --> Session: Class initialized using 'CodeIgniter\Session\Handlers\DatabaseHandler' driver.
DEBUG - 2025-10-31 12:16:02 --> Session: Class initialized using 'CodeIgniter\Session\Handlers\DatabaseHandler' driver.
DEBUG - 2025-10-31 12:16:32 --> Session: Class initialized using 'CodeIgniter\Session\Handlers\DatabaseHandler' driver.
DEBUG - 2025-10-31 12:16:32 --> Session: Class initialized using 'CodeIgniter\Session\Handlers\DatabaseHandler' driver.
DEBUG - 2025-10-31 12:16:33 --> Session: Class initialized using 'CodeIgniter\Session\Handlers\DatabaseHandler' driver.
DEBUG - 2025-10-31 12:16:33 --> Session: Class initialized using 'CodeIgniter\Session\Handlers\DatabaseHandler' driver.
DEBUG - 2025-10-31 12:16:33 --> Session: Class initialized using 'CodeIgniter\Session\Handlers\DatabaseHandler' driver.
DEBUG - 2025-10-31 12:16:33 --> Session: Class initialized using 'CodeIgniter\Session\Handlers\DatabaseHandler' driver.
DEBUG - 2025-10-31 12:16:33 --> Session: Class initialized using 'CodeIgniter\Session\Handlers\DatabaseHandler' driver.
DEBUG - 2025-10-31 12:16:33 --> Session: Class initialized using 'CodeIgniter\Session\Handlers\DatabaseHandler' driver.
DEBUG - 2025-10-31 12:16:34 --> Session: Class initialized using 'CodeIgniter\Session\Handlers\DatabaseHandler' driver.
DEBUG - 2025-10-31 12:16:34 --> Session: Class initialized using 'CodeIgniter\Session\Handlers\DatabaseHandler' driver.
DEBUG - 2025-10-31 12:16:34 --> Session: Class initialized using 'CodeIgniter\Session\Handlers\DatabaseHandler' driver.
DEBUG - 2025-10-31 12:16:34 --> Session: Class initialized using 'CodeIgniter\Session\Handlers\DatabaseHandler' driver.
DEBUG - 2025-10-31 12:16:34 --> Session: Class initialized using 'CodeIgniter\Session\Handlers\DatabaseHandler' driver.
DEBUG - 2025-10-31 12:16:34 --> Session: Class initialized using 'CodeIgniter\Session\Handlers\DatabaseHandler' driver.
DEBUG - 2025-10-31 12:16:34 --> Session: Class initialized using 'CodeIgniter\Session\Handlers\DatabaseHandler' driver.
DEBUG - 2025-10-31 12:16:35 --> Session: Class initialized using 'CodeIgniter\Session\Handlers\DatabaseHandler' driver.
DEBUG - 2025-10-31 12:16:35 --> Session: Class initialized using 'CodeIgniter\Session\Handlers\DatabaseHandler' driver.
DEBUG - 2025-10-31 12:16:35 --> Session: Class initialized using 'CodeIgniter\Session\Handlers\DatabaseHandler' driver.
DEBUG - 2025-10-31 12:16:35 --> Session: Class initialized using 'CodeIgniter\Session\Handlers\DatabaseHandler' driver.
DEBUG - 2025-10-31 12:16:35 --> Session: Class initialized using 'CodeIgniter\Session\Handlers\DatabaseHandler' driver.
DEBUG - 2025-10-31 12:17:35 --> Session: Class initialized using 'CodeIgniter\Session\Handlers\DatabaseHandler' driver.
DEBUG - 2025-10-31 12:17:35 --> Session: Class initialized using 'CodeIgniter\Session\Handlers\DatabaseHandler' driver.
DEBUG - 2025-10-31 12:17:36 --> Session: Class initialized using 'CodeIgniter\Session\Handlers\DatabaseHandler' driver.
DEBUG - 2025-10-31 12:17:36 --> Session: Class initialized using 'CodeIgniter\Session\Handlers\DatabaseHandler' driver.
DEBUG - 2025-10-31 12:17:36 --> Session: Class initialized using 'CodeIgniter\Session\Handlers\DatabaseHandler' driver.
DEBUG - 2025-10-31 12:17:36 --> Session: Class initialized using 'CodeIgniter\Session\Handlers\DatabaseHandler' driver.
DEBUG - 2025-10-31 12:17:36 --> Session: Class initialized using 'CodeIgniter\Session\Handlers\DatabaseHandler' driver.
DEBUG - 2025-10-31 12:17:36 --> Session: Class initialized using 'CodeIgniter\Session\Handlers\DatabaseHandler' driver.
DEBUG - 2025-10-31 12:17:36 --> Session: Class initialized using 'CodeIgniter\Session\Handlers\DatabaseHandler' driver.
DEBUG - 2025-10-31 12:17:36 --> Session: Class initialized using 'CodeIgniter\Session\Handlers\DatabaseHandler' driver.
DEBUG - 2025-10-31 12:17:37 --> Session: Class initialized using 'CodeIgniter\Session\Handlers\DatabaseHandler' driver.
DEBUG - 2025-10-31 12:17:37 --> Session: Class initialized using 'CodeIgniter\Session\Handlers\DatabaseHandler' driver.
DEBUG - 2025-10-31 12:17:37 --> Session: Class initialized using 'CodeIgniter\Session\Handlers\DatabaseHandler' driver.
DEBUG - 2025-10-31 12:17:37 --> Session: Class initialized using 'CodeIgniter\Session\Handlers\DatabaseHandler' driver.
DEBUG - 2025-10-31 12:17:37 --> Session: Class initialized using 'CodeIgniter\Session\Handlers\DatabaseHandler' driver.
DEBUG - 2025-10-31 12:17:37 --> Session: Class initialized using 'CodeIgniter\Session\Handlers\DatabaseHandler' driver.
DEBUG - 2025-10-31 12:17:37 --> Session: Class initialized using 'CodeIgniter\Session\Handlers\DatabaseHandler' driver.
DEBUG - 2025-10-31 12:17:37 --> Session: Class initialized using 'CodeIgniter\Session\Handlers\DatabaseHandler' driver.
DEBUG - 2025-10-31 12:17:38 --> Session: Class initialized using 'CodeIgniter\Session\Handlers\DatabaseHandler' driver.
DEBUG - 2025-10-31 12:17:38 --> Session: Class initialized using 'CodeIgniter\Session\Handlers\DatabaseHandler' driver.
DEBUG - 2025-10-31 12:20:53 --> Session: Class initialized using 'CodeIgniter\Session\Handlers\DatabaseHandler' driver.
DEBUG - 2025-10-31 12:20:53 --> Session: Class initialized using 'CodeIgniter\Session\Handlers\DatabaseHandler' driver.
DEBUG - 2025-10-31 12:20:53 --> Session: Class initialized using 'CodeIgniter\Session\Handlers\DatabaseHandler' driver.
DEBUG - 2025-10-31 12:20:56 --> Session: Class initialized using 'CodeIgniter\Session\Handlers\DatabaseHandler' driver.
DEBUG - 2025-10-31 12:21:44 --> Session: Class initialized using 'CodeIgniter\Session\Handlers\DatabaseHandler' driver.
DEBUG - 2025-10-31 12:21:51 --> Session: Class initialized using 'CodeIgniter\Session\Handlers\DatabaseHandler' driver.
DEBUG - 2025-10-31 12:21:53 --> Session: Class initialized using 'CodeIgniter\Session\Handlers\DatabaseHandler' driver.
DEBUG - 2025-10-31 12:25:17 --> Session: Class initialized using 'CodeIgniter\Session\Handlers\DatabaseHandler' driver.
DEBUG - 2025-10-31 12:25:27 --> Session: Class initialized using 'CodeIgniter\Session\Handlers\DatabaseHandler' driver.
DEBUG - 2025-10-31 12:25:29 --> Session: Class initialized using 'CodeIgniter\Session\Handlers\DatabaseHandler' driver.
DEBUG - 2025-10-31 12:25:37 --> Session: Class initialized using 'CodeIgniter\Session\Handlers\DatabaseHandler' driver.
DEBUG - 2025-10-31 12:25:49 --> Session: Class initialized using 'CodeIgniter\Session\Handlers\DatabaseHandler' driver.
DEBUG - 2025-10-31 12:25:49 --> Session: Class initialized using 'CodeIgniter\Session\Handlers\DatabaseHandler' driver.
DEBUG - 2025-10-31 12:25:50 --> Session: Class initialized using 'CodeIgniter\Session\Handlers\DatabaseHandler' driver.
DEBUG - 2025-10-31 12:25:52 --> Session: Class initialized using 'CodeIgniter\Session\Handlers\DatabaseHandler' driver.
DEBUG - 2025-10-31 12:25:52 --> Session: Class initialized using 'CodeIgniter\Session\Handlers\DatabaseHandler' driver.
DEBUG - 2025-10-31 12:25:52 --> Session: Class initialized using 'CodeIgniter\Session\Handlers\DatabaseHandler' driver.
DEBUG - 2025-10-31 12:25:53 --> Session: Class initialized using 'CodeIgniter\Session\Handlers\DatabaseHandler' driver.
DEBUG - 2025-10-31 12:25:54 --> Session: Class initialized using 'CodeIgniter\Session\Handlers\DatabaseHandler' driver.
DEBUG - 2025-10-31 12:25:54 --> Session: Class initialized using 'CodeIgniter\Session\Handlers\DatabaseHandler' driver.
DEBUG - 2025-10-31 12:25:56 --> Session: Class initialized using 'CodeIgniter\Session\Handlers\DatabaseHandler' driver.
DEBUG - 2025-10-31 12:25:56 --> Session: Class initialized using 'CodeIgniter\Session\Handlers\DatabaseHandler' driver.
DEBUG - 2025-10-31 12:25:56 --> Session: Class initialized using 'CodeIgniter\Session\Handlers\DatabaseHandler' driver.
DEBUG - 2025-10-31 12:25:57 --> Session: Class initialized using 'CodeIgniter\Session\Handlers\DatabaseHandler' driver.
DEBUG - 2025-10-31 12:25:58 --> Session: Class initialized using 'CodeIgniter\Session\Handlers\DatabaseHandler' driver.
DEBUG - 2025-10-31 12:25:58 --> Session: Class initialized using 'CodeIgniter\Session\Handlers\DatabaseHandler' driver.
DEBUG - 2025-10-31 12:26:02 --> Session: Class initialized using 'CodeIgniter\Session\Handlers\DatabaseHandler' driver.
DEBUG - 2025-10-31 12:26:02 --> Session: Class initialized using 'CodeIgniter\Session\Handlers\DatabaseHandler' driver.
DEBUG - 2025-10-31 12:26:02 --> Session: Class initialized using 'CodeIgniter\Session\Handlers\DatabaseHandler' driver.
DEBUG - 2025-10-31 12:26:03 --> Session: Class initialized using 'CodeIgniter\Session\Handlers\DatabaseHandler' driver.
DEBUG - 2025-10-31 12:26:03 --> Session: Class initialized using 'CodeIgniter\Session\Handlers\DatabaseHandler' driver.
DEBUG - 2025-10-31 12:26:03 --> Session: Class initialized using 'CodeIgniter\Session\Handlers\DatabaseHandler' driver.
DEBUG - 2025-10-31 12:26:08 --> Session: Class initialized using 'CodeIgniter\Session\Handlers\DatabaseHandler' driver.
DEBUG - 2025-10-31 12:26:10 --> Session: Class initialized using 'CodeIgniter\Session\Handlers\DatabaseHandler' driver.
DEBUG - 2025-10-31 12:26:11 --> Session: Class initialized using 'CodeIgniter\Session\Handlers\DatabaseHandler' driver.
DEBUG - 2025-10-31 12:26:12 --> Session: Class initialized using 'CodeIgniter\Session\Handlers\DatabaseHandler' driver.
DEBUG - 2025-10-31 12:26:13 --> Session: Class initialized using 'CodeIgniter\Session\Handlers\DatabaseHandler' driver.
DEBUG - 2025-10-31 12:26:13 --> Session: Class initialized using 'CodeIgniter\Session\Handlers\DatabaseHandler' driver.
DEBUG - 2025-10-31 12:28:17 --> Session: Class initialized using 'CodeIgniter\Session\Handlers\DatabaseHandler' driver.
DEBUG - 2025-10-31 12:28:20 --> Session: Class initialized using 'CodeIgniter\Session\Handlers\DatabaseHandler' driver.
DEBUG - 2025-10-31 12:28:43 --> Session: Class initialized using 'CodeIgniter\Session\Handlers\DatabaseHandler' driver.
DEBUG - 2025-10-31 12:28:45 --> Session: Class initialized using 'CodeIgniter\Session\Handlers\DatabaseHandler' driver.
DEBUG - 2025-10-31 12:28:48 --> Session: Class initialized using 'CodeIgniter\Session\Handlers\DatabaseHandler' driver.
DEBUG - 2025-10-31 12:28:49 --> Session: Class initialized using 'CodeIgniter\Session\Handlers\DatabaseHandler' driver.
DEBUG - 2025-10-31 12:28:50 --> Session: Class initialized using 'CodeIgniter\Session\Handlers\DatabaseHandler' driver.
DEBUG - 2025-10-31 12:28:51 --> Session: Class initialized using 'CodeIgniter\Session\Handlers\DatabaseHandler' driver.
DEBUG - 2025-10-31 12:28:52 --> Session: Class initialized using 'CodeIgniter\Session\Handlers\DatabaseHandler' driver.
DEBUG - 2025-10-31 12:28:53 --> Session: Class initialized using 'CodeIgniter\Session\Handlers\DatabaseHandler' driver.
DEBUG - 2025-10-31 12:28:53 --> Session: Class initialized using 'CodeIgniter\Session\Handlers\DatabaseHandler' driver.
DEBUG - 2025-10-31 12:28:54 --> Session: Class initialized using 'CodeIgniter\Session\Handlers\DatabaseHandler' driver.
DEBUG - 2025-10-31 12:28:56 --> Session: Class initialized using 'CodeIgniter\Session\Handlers\DatabaseHandler' driver.
DEBUG - 2025-10-31 12:28:59 --> Session: Class initialized using 'CodeIgniter\Session\Handlers\DatabaseHandler' driver.
DEBUG - 2025-10-31 12:29:00 --> Session: Class initialized using 'CodeIgniter\Session\Handlers\DatabaseHandler' driver.
DEBUG - 2025-10-31 12:29:02 --> Session: Class initialized using 'CodeIgniter\Session\Handlers\DatabaseHandler' driver.
DEBUG - 2025-10-31 12:29:03 --> Session: Class initialized using 'CodeIgniter\Session\Handlers\DatabaseHandler' driver.
DEBUG - 2025-10-31 12:29:04 --> Session: Class initialized using 'CodeIgniter\Session\Handlers\DatabaseHandler' driver.
DEBUG - 2025-10-31 12:29:13 --> Session: Class initialized using 'CodeIgniter\Session\Handlers\DatabaseHandler' driver.
DEBUG - 2025-10-31 12:29:17 --> Session: Class initialized using 'CodeIgniter\Session\Handlers\DatabaseHandler' driver.
DEBUG - 2025-10-31 12:29:19 --> Session: Class initialized using 'CodeIgniter\Session\Handlers\DatabaseHandler' driver.
DEBUG - 2025-10-31 12:29:40 --> Session: Class initialized using 'CodeIgniter\Session\Handlers\DatabaseHandler' driver.
DEBUG - 2025-10-31 12:29:43 --> Session: Class initialized using 'CodeIgniter\Session\Handlers\DatabaseHandler' driver.
DEBUG - 2025-10-31 12:29:45 --> Session: Class initialized using 'CodeIgniter\Session\Handlers\DatabaseHandler' driver.
DEBUG - 2025-10-31 12:30:09 --> Session: Class initialized using 'CodeIgniter\Session\Handlers\DatabaseHandler' driver.
DEBUG - 2025-10-31 12:30:17 --> Session: Class initialized using 'CodeIgniter\Session\Handlers\DatabaseHandler' driver.
DEBUG - 2025-10-31 12:30:20 --> Session: Class initialized using 'CodeIgniter\Session\Handlers\DatabaseHandler' driver.
DEBUG - 2025-10-31 12:30:22 --> Session: Class initialized using 'CodeIgniter\Session\Handlers\DatabaseHandler' driver.
DEBUG - 2025-10-31 12:30:23 --> Session: Class initialized using 'CodeIgniter\Session\Handlers\DatabaseHandler' driver.
DEBUG - 2025-10-31 12:30:23 --> Session: Class initialized using 'CodeIgniter\Session\Handlers\DatabaseHandler' driver.
DEBUG - 2025-10-31 12:30:24 --> Session: Class initialized using 'CodeIgniter\Session\Handlers\DatabaseHandler' driver.
DEBUG - 2025-10-31 12:30:24 --> Session: Class initialized using 'CodeIgniter\Session\Handlers\DatabaseHandler' driver.
DEBUG - 2025-10-31 12:30:25 --> Session: Class initialized using 'CodeIgniter\Session\Handlers\DatabaseHandler' driver.
DEBUG - 2025-10-31 12:30:26 --> Session: Class initialized using 'CodeIgniter\Session\Handlers\DatabaseHandler' driver.
DEBUG - 2025-10-31 12:30:26 --> Session: Class initialized using 'CodeIgniter\Session\Handlers\DatabaseHandler' driver.
DEBUG - 2025-10-31 12:30:27 --> Session: Class initialized using 'CodeIgniter\Session\Handlers\DatabaseHandler' driver.
DEBUG - 2025-10-31 12:30:31 --> Session: Class initialized using 'CodeIgniter\Session\Handlers\DatabaseHandler' driver.
DEBUG - 2025-10-31 12:30:33 --> Session: Class initialized using 'CodeIgniter\Session\Handlers\DatabaseHandler' driver.
DEBUG - 2025-10-31 12:30:34 --> Session: Class initialized using 'CodeIgniter\Session\Handlers\DatabaseHandler' driver.
DEBUG - 2025-10-31 12:30:34 --> Session: Class initialized using 'CodeIgniter\Session\Handlers\DatabaseHandler' driver.
DEBUG - 2025-10-31 12:30:35 --> Session: Class initialized using 'CodeIgniter\Session\Handlers\DatabaseHandler' driver.
DEBUG - 2025-10-31 12:30:36 --> Session: Class initialized using 'CodeIgniter\Session\Handlers\DatabaseHandler' driver.
DEBUG - 2025-10-31 12:31:54 --> Session: Class initialized using 'CodeIgniter\Session\Handlers\DatabaseHandler' driver.
DEBUG - 2025-10-31 12:31:55 --> Session: Class initialized using 'CodeIgniter\Session\Handlers\DatabaseHandler' driver.
DEBUG - 2025-10-31 12:31:57 --> Session: Class initialized using 'CodeIgniter\Session\Handlers\DatabaseHandler' driver.
DEBUG - 2025-10-31 12:31:59 --> Session: Class initialized using 'CodeIgniter\Session\Handlers\DatabaseHandler' driver.
DEBUG - 2025-10-31 12:32:00 --> Session: Class initialized using 'CodeIgniter\Session\Handlers\DatabaseHandler' driver.
DEBUG - 2025-10-31 12:32:01 --> Session: Class initialized using 'CodeIgniter\Session\Handlers\DatabaseHandler' driver.
DEBUG - 2025-10-31 12:37:04 --> Session: Class initialized using 'CodeIgniter\Session\Handlers\DatabaseHandler' driver.
DEBUG - 2025-10-31 12:37:09 --> Session: Class initialized using 'CodeIgniter\Session\Handlers\DatabaseHandler' driver.
DEBUG - 2025-10-31 12:37:15 --> Session: Class initialized using 'CodeIgniter\Session\Handlers\DatabaseHandler' driver.
DEBUG - 2025-10-31 12:50:40 --> Session: Class initialized using 'CodeIgniter\Session\Handlers\DatabaseHandler' driver.
DEBUG - 2025-10-31 12:50:45 --> Session: Class initialized using 'CodeIgniter\Session\Handlers\DatabaseHandler' driver.
DEBUG - 2025-10-31 12:50:53 --> Session: Class initialized using 'CodeIgniter\Session\Handlers\DatabaseHandler' driver.
DEBUG - 2025-10-31 12:50:58 --> Session: Class initialized using 'CodeIgniter\Session\Handlers\DatabaseHandler' driver.
DEBUG - 2025-10-31 12:51:16 --> Session: Class initialized using 'CodeIgniter\Session\Handlers\DatabaseHandler' driver.
DEBUG - 2025-10-31 12:51:18 --> Session: Class initialized using 'CodeIgniter\Session\Handlers\DatabaseHandler' driver.
DEBUG - 2025-10-31 12:51:23 --> Session: Class initialized using 'CodeIgniter\Session\Handlers\DatabaseHandler' driver.
DEBUG - 2025-10-31 12:51:28 --> Session: Class initialized using 'CodeIgniter\Session\Handlers\DatabaseHandler' driver.
DEBUG - 2025-10-31 12:51:42 --> Session: Class initialized using 'CodeIgniter\Session\Handlers\DatabaseHandler' driver.
DEBUG - 2025-10-31 12:51:50 --> Session: Class initialized using 'CodeIgniter\Session\Handlers\DatabaseHandler' driver.
DEBUG - 2025-10-31 12:51:54 --> Session: Class initialized using 'CodeIgniter\Session\Handlers\DatabaseHandler' driver.
DEBUG - 2025-10-31 12:51:58 --> Session: Class initialized using 'CodeIgniter\Session\Handlers\DatabaseHandler' driver.
DEBUG - 2025-10-31 12:53:15 --> Session: Class initialized using 'CodeIgniter\Session\Handlers\DatabaseHandler' driver.
DEBUG - 2025-10-31 13:01:49 --> Session: Class initialized using 'CodeIgniter\Session\Handlers\DatabaseHandler' driver.
DEBUG - 2025-10-31 13:01:51 --> Session: Class initialized using 'CodeIgniter\Session\Handlers\DatabaseHandler' driver.
DEBUG - 2025-10-31 13:03:37 --> Session: Class initialized using 'CodeIgniter\Session\Handlers\DatabaseHandler' driver.
DEBUG - 2025-10-31 13:03:44 --> Session: Class initialized using 'CodeIgniter\Session\Handlers\DatabaseHandler' driver.
DEBUG - 2025-10-31 13:03:55 --> Session: Class initialized using 'CodeIgniter\Session\Handlers\DatabaseHandler' driver.
DEBUG - 2025-10-31 13:04:00 --> Session: Class initialized using 'CodeIgniter\Session\Handlers\DatabaseHandler' driver.
DEBUG - 2025-10-31 13:04:04 --> Session: Class initialized using 'CodeIgniter\Session\Handlers\DatabaseHandler' driver.
DEBUG - 2025-10-31 13:07:39 --> Session: Class initialized using 'CodeIgniter\Session\Handlers\DatabaseHandler' driver.
DEBUG - 2025-10-31 13:08:08 --> Session: Class initialized using 'CodeIgniter\Session\Handlers\DatabaseHandler' driver.
DEBUG - 2025-10-31 13:08:18 --> Session: Class initialized using 'CodeIgniter\Session\Handlers\DatabaseHandler' driver.
DEBUG - 2025-10-31 13:08:22 --> Session: Class initialized using 'CodeIgniter\Session\Handlers\DatabaseHandler' driver.
DEBUG - 2025-10-31 13:08:23 --> Session: Class initialized using 'CodeIgniter\Session\Handlers\DatabaseHandler' driver.
DEBUG - 2025-10-31 13:10:39 --> Session: Class initialized using 'CodeIgniter\Session\Handlers\DatabaseHandler' driver.
DEBUG - 2025-10-31 13:10:40 --> Session: Class initialized using 'CodeIgniter\Session\Handlers\DatabaseHandler' driver.
DEBUG - 2025-10-31 13:10:48 --> Session: Class initialized using 'CodeIgniter\Session\Handlers\DatabaseHandler' driver.
DEBUG - 2025-10-31 13:10:57 --> Session: Class initialized using 'CodeIgniter\Session\Handlers\DatabaseHandler' driver.
DEBUG - 2025-10-31 13:13:38 --> Session: Class initialized using 'CodeIgniter\Session\Handlers\DatabaseHandler' driver.
DEBUG - 2025-10-31 13:13:43 --> Session: Class initialized using 'CodeIgniter\Session\Handlers\DatabaseHandler' driver.
DEBUG - 2025-10-31 13:13:59 --> Session: Class initialized using 'CodeIgniter\Session\Handlers\DatabaseHandler' driver.
DEBUG - 2025-10-31 13:14:04 --> Session: Class initialized using 'CodeIgniter\Session\Handlers\DatabaseHandler' driver.
DEBUG - 2025-10-31 13:14:13 --> Session: Class initialized using 'CodeIgniter\Session\Handlers\DatabaseHandler' driver.
DEBUG - 2025-10-31 13:14:33 --> Session: Class initialized using 'CodeIgniter\Session\Handlers\DatabaseHandler' driver.
DEBUG - 2025-10-31 13:14:35 --> Session: Class initialized using 'CodeIgniter\Session\Handlers\DatabaseHandler' driver.
DEBUG - 2025-10-31 13:15:47 --> Session: Class initialized using 'CodeIgniter\Session\Handlers\DatabaseHandler' driver.
DEBUG - 2025-10-31 13:15:50 --> Session: Class initialized using 'CodeIgniter\Session\Handlers\DatabaseHandler' driver.
DEBUG - 2025-10-31 13:15:54 --> Session: Class initialized using 'CodeIgniter\Session\Handlers\DatabaseHandler' driver.
DEBUG - 2025-10-31 13:16:48 --> Session: Class initialized using 'CodeIgniter\Session\Handlers\DatabaseHandler' driver.
DEBUG - 2025-10-31 13:16:51 --> Session: Class initialized using 'CodeIgniter\Session\Handlers\DatabaseHandler' driver.
DEBUG - 2025-10-31 13:17:09 --> Session: Class initialized using 'CodeIgniter\Session\Handlers\DatabaseHandler' driver.
DEBUG - 2025-10-31 13:17:11 --> Session: Class initialized using 'CodeIgniter\Session\Handlers\DatabaseHandler' driver.
DEBUG - 2025-10-31 13:17:18 --> Session: Class initialized using 'CodeIgniter\Session\Handlers\DatabaseHandler' driver.
DEBUG - 2025-10-31 13:17:22 --> Session: Class initialized using 'CodeIgniter\Session\Handlers\DatabaseHandler' driver.
DEBUG - 2025-10-31 13:17:29 --> Session: Class initialized using 'CodeIgniter\Session\Handlers\DatabaseHandler' driver.
DEBUG - 2025-10-31 13:17:32 --> Session: Class initialized using 'CodeIgniter\Session\Handlers\DatabaseHandler' driver.
DEBUG - 2025-10-31 13:19:12 --> Session: Class initialized using 'CodeIgniter\Session\Handlers\DatabaseHandler' driver.
DEBUG - 2025-10-31 13:19:15 --> Session: Class initialized using 'CodeIgniter\Session\Handlers\DatabaseHandler' driver.
DEBUG - 2025-10-31 13:19:18 --> Session: Class initialized using 'CodeIgniter\Session\Handlers\DatabaseHandler' driver.
DEBUG - 2025-10-31 13:21:43 --> Session: Class initialized using 'CodeIgniter\Session\Handlers\DatabaseHandler' driver.
DEBUG - 2025-10-31 13:23:00 --> Session: Class initialized using 'CodeIgniter\Session\Handlers\DatabaseHandler' driver.
DEBUG - 2025-10-31 13:23:02 --> Session: Class initialized using 'CodeIgniter\Session\Handlers\DatabaseHandler' driver.
DEBUG - 2025-10-31 13:23:12 --> Session: Class initialized using 'CodeIgniter\Session\Handlers\DatabaseHandler' driver.
DEBUG - 2025-10-31 13:23:25 --> Session: Class initialized using 'CodeIgniter\Session\Handlers\DatabaseHandler' driver.
DEBUG - 2025-10-31 13:23:27 --> Session: Class initialized using 'CodeIgniter\Session\Handlers\DatabaseHandler' driver.
DEBUG - 2025-10-31 13:23:32 --> Session: Class initialized using 'CodeIgniter\Session\Handlers\DatabaseHandler' driver.
DEBUG - 2025-10-31 13:23:33 --> Session: Class initialized using 'CodeIgniter\Session\Handlers\DatabaseHandler' driver.
DEBUG - 2025-10-31 13:23:38 --> Session: Class initialized using 'CodeIgniter\Session\Handlers\DatabaseHandler' driver.
DEBUG - 2025-10-31 13:23:40 --> Session: Class initialized using 'CodeIgniter\Session\Handlers\DatabaseHandler' driver.
DEBUG - 2025-10-31 13:23:40 --> Session: Class initialized using 'CodeIgniter\Session\Handlers\DatabaseHandler' driver.
DEBUG - 2025-10-31 13:23:43 --> Session: Class initialized using 'CodeIgniter\Session\Handlers\DatabaseHandler' driver.
DEBUG - 2025-10-31 13:23:45 --> Session: Class initialized using 'CodeIgniter\Session\Handlers\DatabaseHandler' driver.
DEBUG - 2025-10-31 13:23:45 --> Session: Class initialized using 'CodeIgniter\Session\Handlers\DatabaseHandler' driver.
DEBUG - 2025-10-31 13:23:59 --> Session: Class initialized using 'CodeIgniter\Session\Handlers\DatabaseHandler' driver.
DEBUG - 2025-10-31 13:24:00 --> Session: Class initialized using 'CodeIgniter\Session\Handlers\DatabaseHandler' driver.
DEBUG - 2025-10-31 13:24:04 --> Session: Class initialized using 'CodeIgniter\Session\Handlers\DatabaseHandler' driver.
DEBUG - 2025-10-31 13:24:08 --> Session: Class initialized using 'CodeIgniter\Session\Handlers\DatabaseHandler' driver.
DEBUG - 2025-10-31 13:24:08 --> Session: Class initialized using 'CodeIgniter\Session\Handlers\DatabaseHandler' driver.
DEBUG - 2025-10-31 13:24:10 --> Session: Class initialized using 'CodeIgniter\Session\Handlers\DatabaseHandler' driver.
DEBUG - 2025-10-31 13:24:36 --> Session: Class initialized using 'CodeIgniter\Session\Handlers\DatabaseHandler' driver.
DEBUG - 2025-10-31 13:24:39 --> Session: Class initialized using 'CodeIgniter\Session\Handlers\DatabaseHandler' driver.
DEBUG - 2025-10-31 13:24:40 --> Session: Class initialized using 'CodeIgniter\Session\Handlers\DatabaseHandler' driver.
DEBUG - 2025-10-31 13:25:03 --> Session: Class initialized using 'CodeIgniter\Session\Handlers\DatabaseHandler' driver.
DEBUG - 2025-10-31 13:25:05 --> Session: Class initialized using 'CodeIgniter\Session\Handlers\DatabaseHandler' driver.
DEBUG - 2025-10-31 13:25:12 --> Session: Class initialized using 'CodeIgniter\Session\Handlers\DatabaseHandler' driver.
DEBUG - 2025-10-31 13:25:13 --> Session: Class initialized using 'CodeIgniter\Session\Handlers\DatabaseHandler' driver.
DEBUG - 2025-10-31 13:25:25 --> Session: Class initialized using 'CodeIgniter\Session\Handlers\DatabaseHandler' driver.
DEBUG - 2025-10-31 13:31:31 --> Session: Class initialized using 'CodeIgniter\Session\Handlers\DatabaseHandler' driver.
DEBUG - 2025-10-31 13:31:35 --> Session: Class initialized using 'CodeIgniter\Session\Handlers\DatabaseHandler' driver.
DEBUG - 2025-10-31 13:31:37 --> Session: Class initialized using 'CodeIgniter\Session\Handlers\DatabaseHandler' driver.
DEBUG - 2025-10-31 13:32:02 --> Session: Class initialized using 'CodeIgniter\Session\Handlers\DatabaseHandler' driver.
DEBUG - 2025-10-31 13:32:02 --> Session: Class initialized using 'CodeIgniter\Session\Handlers\DatabaseHandler' driver.
DEBUG - 2025-10-31 13:32:09 --> Session: Class initialized using 'CodeIgniter\Session\Handlers\DatabaseHandler' driver.
DEBUG - 2025-10-31 13:32:11 --> Session: Class initialized using 'CodeIgniter\Session\Handlers\DatabaseHandler' driver.
DEBUG - 2025-10-31 13:32:11 --> Session: Class initialized using 'CodeIgniter\Session\Handlers\DatabaseHandler' driver.
DEBUG - 2025-10-31 13:32:12 --> Session: Class initialized using 'CodeIgniter\Session\Handlers\DatabaseHandler' driver.
DEBUG - 2025-10-31 13:32:12 --> Session: Class initialized using 'CodeIgniter\Session\Handlers\DatabaseHandler' driver.
DEBUG - 2025-10-31 13:32:21 --> Session: Class initialized using 'CodeIgniter\Session\Handlers\DatabaseHandler' driver.
DEBUG - 2025-10-31 13:32:25 --> Session: Class initialized using 'CodeIgniter\Session\Handlers\DatabaseHandler' driver.
DEBUG - 2025-10-31 13:32:25 --> Session: Class initialized using 'CodeIgniter\Session\Handlers\DatabaseHandler' driver.
DEBUG - 2025-10-31 13:32:30 --> Session: Class initialized using 'CodeIgniter\Session\Handlers\DatabaseHandler' driver.
DEBUG - 2025-10-31 13:32:30 --> Session: Class initialized using 'CodeIgniter\Session\Handlers\DatabaseHandler' driver.
DEBUG - 2025-10-31 14:35:05 --> Session: Class initialized using 'CodeIgniter\Session\Handlers\DatabaseHandler' driver.
DEBUG - 2025-10-31 14:40:05 --> Session: Class initialized using 'CodeIgniter\Session\Handlers\DatabaseHandler' driver.
DEBUG - 2025-10-31 14:40:06 --> Session: Class initialized using 'CodeIgniter\Session\Handlers\DatabaseHandler' driver.
DEBUG - 2025-10-31 14:40:25 --> Session: Class initialized using 'CodeIgniter\Session\Handlers\DatabaseHandler' driver.
DEBUG - 2025-10-31 14:40:35 --> Session: Class initialized using 'CodeIgniter\Session\Handlers\DatabaseHandler' driver.
DEBUG - 2025-10-31 14:40:36 --> Session: Class initialized using 'CodeIgniter\Session\Handlers\DatabaseHandler' driver.
DEBUG - 2025-10-31 14:40:38 --> Session: Class initialized using 'CodeIgniter\Session\Handlers\DatabaseHandler' driver.
DEBUG - 2025-10-31 14:40:39 --> Session: Class initialized using 'CodeIgniter\Session\Handlers\DatabaseHandler' driver.
DEBUG - 2025-10-31 14:40:41 --> Session: Class initialized using 'CodeIgniter\Session\Handlers\DatabaseHandler' driver.
DEBUG - 2025-10-31 14:40:59 --> Session: Class initialized using 'CodeIgniter\Session\Handlers\DatabaseHandler' driver.
DEBUG - 2025-10-31 14:41:00 --> Session: Class initialized using 'CodeIgniter\Session\Handlers\DatabaseHandler' driver.
DEBUG - 2025-10-31 14:41:23 --> Session: Class initialized using 'CodeIgniter\Session\Handlers\DatabaseHandler' driver.
DEBUG - 2025-10-31 14:41:29 --> Session: Class initialized using 'CodeIgniter\Session\Handlers\DatabaseHandler' driver.
DEBUG - 2025-10-31 14:41:41 --> Session: Class initialized using 'CodeIgniter\Session\Handlers\DatabaseHandler' driver.
DEBUG - 2025-10-31 14:41:53 --> Session: Class initialized using 'CodeIgniter\Session\Handlers\DatabaseHandler' driver.
DEBUG - 2025-10-31 14:41:59 --> Session: Class initialized using 'CodeIgniter\Session\Handlers\DatabaseHandler' driver.
DEBUG - 2025-10-31 14:42:02 --> Session: Class initialized using 'CodeIgniter\Session\Handlers\DatabaseHandler' driver.
DEBUG - 2025-10-31 14:42:15 --> Session: Class initialized using 'CodeIgniter\Session\Handlers\DatabaseHandler' driver.
DEBUG - 2025-10-31 14:42:19 --> Session: Class initialized using 'CodeIgniter\Session\Handlers\DatabaseHandler' driver.
DEBUG - 2025-10-31 14:42:29 --> Session: Class initialized using 'CodeIgniter\Session\Handlers\DatabaseHandler' driver.
DEBUG - 2025-10-31 14:42:35 --> Session: Class initialized using 'CodeIgniter\Session\Handlers\DatabaseHandler' driver.
DEBUG - 2025-10-31 14:43:12 --> Session: Class initialized using 'CodeIgniter\Session\Handlers\DatabaseHandler' driver.
DEBUG - 2025-10-31 14:43:17 --> Session: Class initialized using 'CodeIgniter\Session\Handlers\DatabaseHandler' driver.
DEBUG - 2025-10-31 14:43:18 --> Session: Class initialized using 'CodeIgniter\Session\Handlers\DatabaseHandler' driver.
DEBUG - 2025-10-31 14:43:22 --> Session: Class initialized using 'CodeIgniter\Session\Handlers\DatabaseHandler' driver.
DEBUG - 2025-10-31 14:43:24 --> Session: Class initialized using 'CodeIgniter\Session\Handlers\DatabaseHandler' driver.
DEBUG - 2025-10-31 14:43:27 --> Session: Class initialized using 'CodeIgniter\Session\Handlers\DatabaseHandler' driver.
DEBUG - 2025-10-31 14:44:55 --> Session: Class initialized using 'CodeIgniter\Session\Handlers\DatabaseHandler' driver.
DEBUG - 2025-10-31 14:45:01 --> Session: Class initialized using 'CodeIgniter\Session\Handlers\DatabaseHandler' driver.
DEBUG - 2025-10-31 14:45:29 --> Session: Class initialized using 'CodeIgniter\Session\Handlers\DatabaseHandler' driver.
DEBUG - 2025-10-31 14:45:32 --> Session: Class initialized using 'CodeIgniter\Session\Handlers\DatabaseHandler' driver.
DEBUG - 2025-10-31 14:45:51 --> Session: Class initialized using 'CodeIgniter\Session\Handlers\DatabaseHandler' driver.
DEBUG - 2025-10-31 14:45:55 --> Session: Class initialized using 'CodeIgniter\Session\Handlers\DatabaseHandler' driver.
DEBUG - 2025-10-31 14:45:58 --> Session: Class initialized using 'CodeIgniter\Session\Handlers\DatabaseHandler' driver.
DEBUG - 2025-10-31 14:46:01 --> Session: Class initialized using 'CodeIgniter\Session\Handlers\DatabaseHandler' driver.
DEBUG - 2025-10-31 14:46:06 --> Session: Class initialized using 'CodeIgniter\Session\Handlers\DatabaseHandler' driver.
DEBUG - 2025-10-31 14:47:04 --> Session: Class initialized using 'CodeIgniter\Session\Handlers\DatabaseHandler' driver.
DEBUG - 2025-10-31 14:47:42 --> Session: Class initialized using 'CodeIgniter\Session\Handlers\DatabaseHandler' driver.
DEBUG - 2025-10-31 14:47:44 --> Session: Class initialized using 'CodeIgniter\Session\Handlers\DatabaseHandler' driver.
DEBUG - 2025-10-31 14:47:44 --> ROLE CHECK: Array
(
    [__ci_last_regenerate] => 1761902132
    [_ci_previous_url] => http://localhost/bhaviclients/index.php/client
    [user_id] => 1
    [first_name] => bhavi pvt
    [last_name] => creations
    [email] =>  
    [role_id] => 1
    [role_name] => Admin
    [client_id] => 
    [employee_id] => 
    [isLoggedIn] => 1
)

DEBUG - 2025-10-31 14:47:46 --> Session: Class initialized using 'CodeIgniter\Session\Handlers\DatabaseHandler' driver.
DEBUG - 2025-10-31 14:49:45 --> Session: Class initialized using 'CodeIgniter\Session\Handlers\DatabaseHandler' driver.
DEBUG - 2025-10-31 14:49:47 --> Session: Class initialized using 'CodeIgniter\Session\Handlers\DatabaseHandler' driver.
DEBUG - 2025-10-31 14:49:57 --> Session: Class initialized using 'CodeIgniter\Session\Handlers\DatabaseHandler' driver.
DEBUG - 2025-10-31 14:50:00 --> Session: Class initialized using 'CodeIgniter\Session\Handlers\DatabaseHandler' driver.
DEBUG - 2025-10-31 14:59:01 --> Session: Class initialized using 'CodeIgniter\Session\Handlers\DatabaseHandler' driver.
DEBUG - 2025-10-31 14:59:02 --> Session: Class initialized using 'CodeIgniter\Session\Handlers\DatabaseHandler' driver.
DEBUG - 2025-10-31 14:59:09 --> Session: Class initialized using 'CodeIgniter\Session\Handlers\DatabaseHandler' driver.
DEBUG - 2025-10-31 14:59:11 --> Session: Class initialized using 'CodeIgniter\Session\Handlers\DatabaseHandler' driver.
DEBUG - 2025-10-31 15:03:56 --> Session: Class initialized using 'CodeIgniter\Session\Handlers\DatabaseHandler' driver.
DEBUG - 2025-10-31 15:04:12 --> Session: Class initialized using 'CodeIgniter\Session\Handlers\DatabaseHandler' driver.
DEBUG - 2025-10-31 15:04:37 --> Session: Class initialized using 'CodeIgniter\Session\Handlers\DatabaseHandler' driver.
DEBUG - 2025-10-31 15:04:47 --> Session: Class initialized using 'CodeIgniter\Session\Handlers\DatabaseHandler' driver.
DEBUG - 2025-10-31 15:04:49 --> Session: Class initialized using 'CodeIgniter\Session\Handlers\DatabaseHandler' driver.
DEBUG - 2025-10-31 15:04:54 --> Session: Class initialized using 'CodeIgniter\Session\Handlers\DatabaseHandler' driver.
DEBUG - 2025-10-31 15:05:17 --> Session: Class initialized using 'CodeIgniter\Session\Handlers\DatabaseHandler' driver.
DEBUG - 2025-10-31 15:05:26 --> Session: Class initialized using 'CodeIgniter\Session\Handlers\DatabaseHandler' driver.
DEBUG - 2025-10-31 15:06:26 --> Session: Class initialized using 'CodeIgniter\Session\Handlers\DatabaseHandler' driver.
DEBUG - 2025-10-31 15:10:33 --> Session: Class initialized using 'CodeIgniter\Session\Handlers\DatabaseHandler' driver.
DEBUG - 2025-10-31 15:11:01 --> Session: Class initialized using 'CodeIgniter\Session\Handlers\DatabaseHandler' driver.
DEBUG - 2025-10-31 15:11:03 --> Session: Class initialized using 'CodeIgniter\Session\Handlers\DatabaseHandler' driver.
DEBUG - 2025-10-31 15:12:32 --> Session: Class initialized using 'CodeIgniter\Session\Handlers\DatabaseHandler' driver.
ERROR - 2025-10-31 15:12:32 --> mysqli_sql_exception: Duplicate entry 'askoncologist@gmail.com' for key 'email' in C:\xampp\htdocs\bhaviclients\system\Database\MySQLi\Connection.php:327
Stack trace:
#0 C:\xampp\htdocs\bhaviclients\system\Database\MySQLi\Connection.php(327): mysqli->query('INSERT INTO `us...', 0)
#1 C:\xampp\htdocs\bhaviclients\system\Database\BaseConnection.php(738): CodeIgniter\Database\MySQLi\Connection->execute('INSERT INTO `us...')
#2 C:\xampp\htdocs\bhaviclients\system\Database\BaseConnection.php(652): CodeIgniter\Database\BaseConnection->simpleQuery('INSERT INTO `us...')
#3 C:\xampp\htdocs\bhaviclients\system\Database\BaseBuilder.php(2345): CodeIgniter\Database\BaseConnection->query('INSERT INTO `us...', Array, false)
#4 C:\xampp\htdocs\bhaviclients\system\Model.php(394): CodeIgniter\Database\BaseBuilder->insert()
#5 C:\xampp\htdocs\bhaviclients\system\BaseModel.php(843): CodeIgniter\Model->doInsert(Array)
#6 C:\xampp\htdocs\bhaviclients\system\Model.php(800): CodeIgniter\BaseModel->insert(Array, true)
#7 C:\xampp\htdocs\bhaviclients\app\Controllers\Client.php(161): CodeIgniter\Model->insert(Array)
#8 C:\xampp\htdocs\bhaviclients\system\CodeIgniter.php(933): App\Controllers\Client->store()
#9 C:\xampp\htdocs\bhaviclients\system\CodeIgniter.php(507): CodeIgniter\CodeIgniter->runController(Object(App\Controllers\Client))
#10 C:\xampp\htdocs\bhaviclients\system\CodeIgniter.php(354): CodeIgniter\CodeIgniter->handleRequest(NULL, Object(Config\Cache), false)
#11 C:\xampp\htdocs\bhaviclients\system\Boot.php(334): CodeIgniter\CodeIgniter->run()
#12 C:\xampp\htdocs\bhaviclients\system\Boot.php(67): CodeIgniter\Boot::runCodeIgniter(Object(CodeIgniter\CodeIgniter))
#13 C:\xampp\htdocs\bhaviclients\index.php(46): CodeIgniter\Boot::bootWeb(Object(Config\Paths))
#14 {main}
ERROR - 2025-10-31 15:12:32 --> Client creation error: Client Manager user insert failed: {"CodeIgniter\\Database\\MySQLi\\Connection":"Duplicate entry 'askoncologist@gmail.com' for key 'email'"}
DEBUG - 2025-10-31 15:12:33 --> Session: Class initialized using 'CodeIgniter\Session\Handlers\DatabaseHandler' driver.
DEBUG - 2025-10-31 15:12:49 --> Session: Class initialized using 'CodeIgniter\Session\Handlers\DatabaseHandler' driver.
ERROR - 2025-10-31 15:12:49 --> mysqli_sql_exception: Duplicate entry 'askoncologists@gmail.com' for key 'email' in C:\xampp\htdocs\bhaviclients\system\Database\MySQLi\Connection.php:327
Stack trace:
#0 C:\xampp\htdocs\bhaviclients\system\Database\MySQLi\Connection.php(327): mysqli->query('INSERT INTO `us...', 0)
#1 C:\xampp\htdocs\bhaviclients\system\Database\BaseConnection.php(738): CodeIgniter\Database\MySQLi\Connection->execute('INSERT INTO `us...')
#2 C:\xampp\htdocs\bhaviclients\system\Database\BaseConnection.php(652): CodeIgniter\Database\BaseConnection->simpleQuery('INSERT INTO `us...')
#3 C:\xampp\htdocs\bhaviclients\system\Database\BaseBuilder.php(2345): CodeIgniter\Database\BaseConnection->query('INSERT INTO `us...', Array, false)
#4 C:\xampp\htdocs\bhaviclients\system\Model.php(394): CodeIgniter\Database\BaseBuilder->insert()
#5 C:\xampp\htdocs\bhaviclients\system\BaseModel.php(843): CodeIgniter\Model->doInsert(Array)
#6 C:\xampp\htdocs\bhaviclients\system\Model.php(800): CodeIgniter\BaseModel->insert(Array, true)
#7 C:\xampp\htdocs\bhaviclients\app\Controllers\Client.php(161): CodeIgniter\Model->insert(Array)
#8 C:\xampp\htdocs\bhaviclients\system\CodeIgniter.php(933): App\Controllers\Client->store()
#9 C:\xampp\htdocs\bhaviclients\system\CodeIgniter.php(507): CodeIgniter\CodeIgniter->runController(Object(App\Controllers\Client))
#10 C:\xampp\htdocs\bhaviclients\system\CodeIgniter.php(354): CodeIgniter\CodeIgniter->handleRequest(NULL, Object(Config\Cache), false)
#11 C:\xampp\htdocs\bhaviclients\system\Boot.php(334): CodeIgniter\CodeIgniter->run()
#12 C:\xampp\htdocs\bhaviclients\system\Boot.php(67): CodeIgniter\Boot::runCodeIgniter(Object(CodeIgniter\CodeIgniter))
#13 C:\xampp\htdocs\bhaviclients\index.php(46): CodeIgniter\Boot::bootWeb(Object(Config\Paths))
#14 {main}
ERROR - 2025-10-31 15:12:49 --> Client creation error: Client Manager user insert failed: {"CodeIgniter\\Database\\MySQLi\\Connection":"Duplicate entry 'askoncologists@gmail.com' for key 'email'"}
DEBUG - 2025-10-31 15:12:49 --> Session: Class initialized using 'CodeIgniter\Session\Handlers\DatabaseHandler' driver.
DEBUG - 2025-10-31 15:12:58 --> Session: Class initialized using 'CodeIgniter\Session\Handlers\DatabaseHandler' driver.
ERROR - 2025-10-31 15:12:58 --> mysqli_sql_exception: Duplicate entry 'a1skoncologists@gmail.com' for key 'email' in C:\xampp\htdocs\bhaviclients\system\Database\MySQLi\Connection.php:327
Stack trace:
#0 C:\xampp\htdocs\bhaviclients\system\Database\MySQLi\Connection.php(327): mysqli->query('INSERT INTO `us...', 0)
#1 C:\xampp\htdocs\bhaviclients\system\Database\BaseConnection.php(738): CodeIgniter\Database\MySQLi\Connection->execute('INSERT INTO `us...')
#2 C:\xampp\htdocs\bhaviclients\system\Database\BaseConnection.php(652): CodeIgniter\Database\BaseConnection->simpleQuery('INSERT INTO `us...')
#3 C:\xampp\htdocs\bhaviclients\system\Database\BaseBuilder.php(2345): CodeIgniter\Database\BaseConnection->query('INSERT INTO `us...', Array, false)
#4 C:\xampp\htdocs\bhaviclients\system\Model.php(394): CodeIgniter\Database\BaseBuilder->insert()
#5 C:\xampp\htdocs\bhaviclients\system\BaseModel.php(843): CodeIgniter\Model->doInsert(Array)
#6 C:\xampp\htdocs\bhaviclients\system\Model.php(800): CodeIgniter\BaseModel->insert(Array, true)
#7 C:\xampp\htdocs\bhaviclients\app\Controllers\Client.php(161): CodeIgniter\Model->insert(Array)
#8 C:\xampp\htdocs\bhaviclients\system\CodeIgniter.php(933): App\Controllers\Client->store()
#9 C:\xampp\htdocs\bhaviclients\system\CodeIgniter.php(507): CodeIgniter\CodeIgniter->runController(Object(App\Controllers\Client))
#10 C:\xampp\htdocs\bhaviclients\system\CodeIgniter.php(354): CodeIgniter\CodeIgniter->handleRequest(NULL, Object(Config\Cache), false)
#11 C:\xampp\htdocs\bhaviclients\system\Boot.php(334): CodeIgniter\CodeIgniter->run()
#12 C:\xampp\htdocs\bhaviclients\system\Boot.php(67): CodeIgniter\Boot::runCodeIgniter(Object(CodeIgniter\CodeIgniter))
#13 C:\xampp\htdocs\bhaviclients\index.php(46): CodeIgniter\Boot::bootWeb(Object(Config\Paths))
#14 {main}
ERROR - 2025-10-31 15:12:58 --> Client creation error: Client Manager user insert failed: {"CodeIgniter\\Database\\MySQLi\\Connection":"Duplicate entry 'a1skoncologists@gmail.com' for key 'email'"}
DEBUG - 2025-10-31 15:12:58 --> Session: Class initialized using 'CodeIgniter\Session\Handlers\DatabaseHandler' driver.
DEBUG - 2025-10-31 15:14:46 --> Session: Class initialized using 'CodeIgniter\Session\Handlers\DatabaseHandler' driver.
DEBUG - 2025-10-31 15:14:49 --> Session: Class initialized using 'CodeIgniter\Session\Handlers\DatabaseHandler' driver.
DEBUG - 2025-10-31 15:14:50 --> Session: Class initialized using 'CodeIgniter\Session\Handlers\DatabaseHandler' driver.
DEBUG - 2025-10-31 15:14:56 --> Session: Class initialized using 'CodeIgniter\Session\Handlers\DatabaseHandler' driver.
DEBUG - 2025-10-31 15:15:55 --> Session: Class initialized using 'CodeIgniter\Session\Handlers\DatabaseHandler' driver.
DEBUG - 2025-10-31 15:15:55 --> Session: Class initialized using 'CodeIgniter\Session\Handlers\DatabaseHandler' driver.
DEBUG - 2025-10-31 15:16:09 --> Session: Class initialized using 'CodeIgniter\Session\Handlers\DatabaseHandler' driver.
DEBUG - 2025-10-31 15:16:09 --> Session: Class initialized using 'CodeIgniter\Session\Handlers\DatabaseHandler' driver.
DEBUG - 2025-10-31 15:16:13 --> Session: Class initialized using 'CodeIgniter\Session\Handlers\DatabaseHandler' driver.
DEBUG - 2025-10-31 15:16:13 --> Session: Class initialized using 'CodeIgniter\Session\Handlers\DatabaseHandler' driver.
DEBUG - 2025-10-31 15:16:19 --> Session: Class initialized using 'CodeIgniter\Session\Handlers\DatabaseHandler' driver.
DEBUG - 2025-10-31 15:16:19 --> Session: Class initialized using 'CodeIgniter\Session\Handlers\DatabaseHandler' driver.
DEBUG - 2025-10-31 15:16:31 --> Session: Class initialized using 'CodeIgniter\Session\Handlers\DatabaseHandler' driver.
DEBUG - 2025-10-31 15:16:31 --> Session: Class initialized using 'CodeIgniter\Session\Handlers\DatabaseHandler' driver.
DEBUG - 2025-10-31 15:17:25 --> Session: Class initialized using 'CodeIgniter\Session\Handlers\DatabaseHandler' driver.
DEBUG - 2025-10-31 15:17:25 --> Session: Class initialized using 'CodeIgniter\Session\Handlers\DatabaseHandler' driver.
DEBUG - 2025-10-31 15:17:36 --> Session: Class initialized using 'CodeIgniter\Session\Handlers\DatabaseHandler' driver.
DEBUG - 2025-10-31 15:17:36 --> Session: Class initialized using 'CodeIgniter\Session\Handlers\DatabaseHandler' driver.
DEBUG - 2025-10-31 15:21:55 --> Session: Class initialized using 'CodeIgniter\Session\Handlers\DatabaseHandler' driver.
DEBUG - 2025-10-31 15:22:09 --> Session: Class initialized using 'CodeIgniter\Session\Handlers\DatabaseHandler' driver.
DEBUG - 2025-10-31 15:22:12 --> Session: Class initialized using 'CodeIgniter\Session\Handlers\DatabaseHandler' driver.
DEBUG - 2025-10-31 15:22:12 --> Session: Class initialized using 'CodeIgniter\Session\Handlers\DatabaseHandler' driver.
DEBUG - 2025-10-31 15:22:14 --> Session: Class initialized using 'CodeIgniter\Session\Handlers\DatabaseHandler' driver.
DEBUG - 2025-10-31 15:22:34 --> Session: Class initialized using 'CodeIgniter\Session\Handlers\DatabaseHandler' driver.
DEBUG - 2025-10-31 15:22:40 --> Session: Class initialized using 'CodeIgniter\Session\Handlers\DatabaseHandler' driver.
DEBUG - 2025-10-31 15:22:40 --> Session: Class initialized using 'CodeIgniter\Session\Handlers\DatabaseHandler' driver.
DEBUG - 2025-10-31 15:22:44 --> Session: Class initialized using 'CodeIgniter\Session\Handlers\DatabaseHandler' driver.
DEBUG - 2025-10-31 15:22:45 --> Session: Class initialized using 'CodeIgniter\Session\Handlers\DatabaseHandler' driver.
DEBUG - 2025-10-31 15:23:00 --> Session: Class initialized using 'CodeIgniter\Session\Handlers\DatabaseHandler' driver.
DEBUG - 2025-10-31 15:23:01 --> Session: Class initialized using 'CodeIgniter\Session\Handlers\DatabaseHandler' driver.
DEBUG - 2025-10-31 15:23:02 --> Session: Class initialized using 'CodeIgniter\Session\Handlers\DatabaseHandler' driver.
DEBUG - 2025-10-31 15:23:37 --> Session: Class initialized using 'CodeIgniter\Session\Handlers\DatabaseHandler' driver.
DEBUG - 2025-10-31 15:23:37 --> Session: Class initialized using 'CodeIgniter\Session\Handlers\DatabaseHandler' driver.
DEBUG - 2025-10-31 15:23:41 --> Session: Class initialized using 'CodeIgniter\Session\Handlers\DatabaseHandler' driver.
DEBUG - 2025-10-31 15:23:52 --> Session: Class initialized using 'CodeIgniter\Session\Handlers\DatabaseHandler' driver.
DEBUG - 2025-10-31 15:23:52 --> Session: Class initialized using 'CodeIgniter\Session\Handlers\DatabaseHandler' driver.
DEBUG - 2025-10-31 15:23:57 --> Session: Class initialized using 'CodeIgniter\Session\Handlers\DatabaseHandler' driver.
DEBUG - 2025-10-31 15:24:02 --> Session: Class initialized using 'CodeIgniter\Session\Handlers\DatabaseHandler' driver.
DEBUG - 2025-10-31 15:24:02 --> Session: Class initialized using 'CodeIgniter\Session\Handlers\DatabaseHandler' driver.
DEBUG - 2025-10-31 15:24:13 --> Session: Class initialized using 'CodeIgniter\Session\Handlers\DatabaseHandler' driver.
DEBUG - 2025-10-31 15:24:13 --> Session: Class initialized using 'CodeIgniter\Session\Handlers\DatabaseHandler' driver.
DEBUG - 2025-10-31 15:24:15 --> Session: Class initialized using 'CodeIgniter\Session\Handlers\DatabaseHandler' driver.
DEBUG - 2025-10-31 15:24:16 --> Session: Class initialized using 'CodeIgniter\Session\Handlers\DatabaseHandler' driver.
DEBUG - 2025-10-31 15:24:16 --> Session: Class initialized using 'CodeIgniter\Session\Handlers\DatabaseHandler' driver.
DEBUG - 2025-10-31 15:24:17 --> Session: Class initialized using 'CodeIgniter\Session\Handlers\DatabaseHandler' driver.
DEBUG - 2025-10-31 15:24:18 --> Session: Class initialized using 'CodeIgniter\Session\Handlers\DatabaseHandler' driver.
DEBUG - 2025-10-31 15:24:19 --> Session: Class initialized using 'CodeIgniter\Session\Handlers\DatabaseHandler' driver.
DEBUG - 2025-10-31 15:24:20 --> Session: Class initialized using 'CodeIgniter\Session\Handlers\DatabaseHandler' driver.
DEBUG - 2025-10-31 15:24:21 --> Session: Class initialized using 'CodeIgniter\Session\Handlers\DatabaseHandler' driver.
DEBUG - 2025-10-31 15:24:28 --> Session: Class initialized using 'CodeIgniter\Session\Handlers\DatabaseHandler' driver.
DEBUG - 2025-10-31 15:24:28 --> Session: Class initialized using 'CodeIgniter\Session\Handlers\DatabaseHandler' driver.
DEBUG - 2025-10-31 15:24:36 --> Session: Class initialized using 'CodeIgniter\Session\Handlers\DatabaseHandler' driver.
DEBUG - 2025-10-31 15:24:36 --> Session: Class initialized using 'CodeIgniter\Session\Handlers\DatabaseHandler' driver.
DEBUG - 2025-10-31 15:24:40 --> Session: Class initialized using 'CodeIgniter\Session\Handlers\DatabaseHandler' driver.
DEBUG - 2025-10-31 15:24:40 --> Session: Class initialized using 'CodeIgniter\Session\Handlers\DatabaseHandler' driver.
DEBUG - 2025-10-31 15:25:01 --> Session: Class initialized using 'CodeIgniter\Session\Handlers\DatabaseHandler' driver.
DEBUG - 2025-10-31 15:25:01 --> Session: Class initialized using 'CodeIgniter\Session\Handlers\DatabaseHandler' driver.
DEBUG - 2025-10-31 15:25:04 --> Session: Class initialized using 'CodeIgniter\Session\Handlers\DatabaseHandler' driver.
DEBUG - 2025-10-31 15:25:05 --> Session: Class initialized using 'CodeIgniter\Session\Handlers\DatabaseHandler' driver.
DEBUG - 2025-10-31 15:25:06 --> Session: Class initialized using 'CodeIgniter\Session\Handlers\DatabaseHandler' driver.
DEBUG - 2025-10-31 15:25:07 --> Session: Class initialized using 'CodeIgniter\Session\Handlers\DatabaseHandler' driver.
DEBUG - 2025-10-31 15:25:07 --> Session: Class initialized using 'CodeIgniter\Session\Handlers\DatabaseHandler' driver.
DEBUG - 2025-10-31 15:25:08 --> Session: Class initialized using 'CodeIgniter\Session\Handlers\DatabaseHandler' driver.
DEBUG - 2025-10-31 15:25:10 --> Session: Class initialized using 'CodeIgniter\Session\Handlers\DatabaseHandler' driver.
DEBUG - 2025-10-31 15:25:11 --> Session: Class initialized using 'CodeIgniter\Session\Handlers\DatabaseHandler' driver.
DEBUG - 2025-10-31 15:27:08 --> Session: Class initialized using 'CodeIgniter\Session\Handlers\DatabaseHandler' driver.
DEBUG - 2025-10-31 15:27:11 --> Session: Class initialized using 'CodeIgniter\Session\Handlers\DatabaseHandler' driver.
DEBUG - 2025-10-31 15:27:12 --> Session: Class initialized using 'CodeIgniter\Session\Handlers\DatabaseHandler' driver.
DEBUG - 2025-10-31 15:27:50 --> Session: Class initialized using 'CodeIgniter\Session\Handlers\DatabaseHandler' driver.
DEBUG - 2025-10-31 15:27:56 --> Session: Class initialized using 'CodeIgniter\Session\Handlers\DatabaseHandler' driver.
DEBUG - 2025-10-31 15:28:00 --> Session: Class initialized using 'CodeIgniter\Session\Handlers\DatabaseHandler' driver.
DEBUG - 2025-10-31 15:28:18 --> Session: Class initialized using 'CodeIgniter\Session\Handlers\DatabaseHandler' driver.
DEBUG - 2025-10-31 15:28:22 --> Session: Class initialized using 'CodeIgniter\Session\Handlers\DatabaseHandler' driver.
DEBUG - 2025-10-31 15:28:29 --> Session: Class initialized using 'CodeIgniter\Session\Handlers\DatabaseHandler' driver.
DEBUG - 2025-10-31 15:28:40 --> Session: Class initialized using 'CodeIgniter\Session\Handlers\DatabaseHandler' driver.
DEBUG - 2025-10-31 15:28:40 --> Session: Class initialized using 'CodeIgniter\Session\Handlers\DatabaseHandler' driver.
DEBUG - 2025-10-31 15:28:50 --> Session: Class initialized using 'CodeIgniter\Session\Handlers\DatabaseHandler' driver.
DEBUG - 2025-10-31 15:28:50 --> Session: Class initialized using 'CodeIgniter\Session\Handlers\DatabaseHandler' driver.
DEBUG - 2025-10-31 15:30:16 --> Session: Class initialized using 'CodeIgniter\Session\Handlers\DatabaseHandler' driver.
DEBUG - 2025-10-31 15:30:18 --> Session: Class initialized using 'CodeIgniter\Session\Handlers\DatabaseHandler' driver.
DEBUG - 2025-10-31 15:30:52 --> Session: Class initialized using 'CodeIgniter\Session\Handlers\DatabaseHandler' driver.
DEBUG - 2025-10-31 15:31:00 --> Session: Class initialized using 'CodeIgniter\Session\Handlers\DatabaseHandler' driver.
DEBUG - 2025-10-31 15:31:03 --> Session: Class initialized using 'CodeIgniter\Session\Handlers\DatabaseHandler' driver.
DEBUG - 2025-10-31 15:31:05 --> Session: Class initialized using 'CodeIgniter\Session\Handlers\DatabaseHandler' driver.
DEBUG - 2025-10-31 15:31:27 --> Session: Class initialized using 'CodeIgniter\Session\Handlers\DatabaseHandler' driver.
DEBUG - 2025-10-31 15:31:31 --> Session: Class initialized using 'CodeIgniter\Session\Handlers\DatabaseHandler' driver.
DEBUG - 2025-10-31 15:31:32 --> Session: Class initialized using 'CodeIgniter\Session\Handlers\DatabaseHandler' driver.
DEBUG - 2025-10-31 15:31:32 --> ROLE CHECK: Array
(
    [__ci_last_regenerate] => 1761904709
    [_ci_previous_url] => http://localhost/bhaviclients/index.php/user-management
    [user_id] => 1
    [first_name] => bhavi pvt
    [last_name] => creations
    [email] =>  
    [role_id] => 1
    [role_name] => Admin
    [client_id] => 
    [employee_id] => 
    [isLoggedIn] => 1
)

DEBUG - 2025-10-31 15:31:44 --> Session: Class initialized using 'CodeIgniter\Session\Handlers\DatabaseHandler' driver.
DEBUG - 2025-10-31 15:31:48 --> Session: Class initialized using 'CodeIgniter\Session\Handlers\DatabaseHandler' driver.
DEBUG - 2025-10-31 15:32:02 --> Session: Class initialized using 'CodeIgniter\Session\Handlers\DatabaseHandler' driver.
DEBUG - 2025-10-31 15:32:04 --> Session: Class initialized using 'CodeIgniter\Session\Handlers\DatabaseHandler' driver.
DEBUG - 2025-10-31 15:32:05 --> Session: Class initialized using 'CodeIgniter\Session\Handlers\DatabaseHandler' driver.
DEBUG - 2025-10-31 15:32:05 --> ROLE CHECK: Array
(
    [__ci_last_regenerate] => 1761904709
    [_ci_previous_url] => http://localhost/bhaviclients/index.php/department
    [user_id] => 1
    [first_name] => bhavi pvt
    [last_name] => creations
    [email] =>  
    [role_id] => 1
    [role_name] => Admin
    [client_id] => 
    [employee_id] => 
    [isLoggedIn] => 1
)

DEBUG - 2025-10-31 15:32:22 --> Session: Class initialized using 'CodeIgniter\Session\Handlers\DatabaseHandler' driver.
DEBUG - 2025-10-31 15:33:16 --> Session: Class initialized using 'CodeIgniter\Session\Handlers\DatabaseHandler' driver.
DEBUG - 2025-10-31 15:33:21 --> Session: Class initialized using 'CodeIgniter\Session\Handlers\DatabaseHandler' driver.
DEBUG - 2025-10-31 15:33:42 --> Session: Class initialized using 'CodeIgniter\Session\Handlers\DatabaseHandler' driver.
DEBUG - 2025-10-31 15:33:42 --> Session: Class initialized using 'CodeIgniter\Session\Handlers\DatabaseHandler' driver.
DEBUG - 2025-10-31 15:33:45 --> Session: Class initialized using 'CodeIgniter\Session\Handlers\DatabaseHandler' driver.
DEBUG - 2025-10-31 15:33:45 --> Session: Class initialized using 'CodeIgniter\Session\Handlers\DatabaseHandler' driver.
DEBUG - 2025-10-31 15:33:46 --> Session: Class initialized using 'CodeIgniter\Session\Handlers\DatabaseHandler' driver.
DEBUG - 2025-10-31 15:34:39 --> Session: Class initialized using 'CodeIgniter\Session\Handlers\DatabaseHandler' driver.
DEBUG - 2025-10-31 15:34:50 --> Session: Class initialized using 'CodeIgniter\Session\Handlers\DatabaseHandler' driver.
DEBUG - 2025-10-31 15:35:14 --> Session: Class initialized using 'CodeIgniter\Session\Handlers\DatabaseHandler' driver.
DEBUG - 2025-10-31 15:35:14 --> Session: Class initialized using 'CodeIgniter\Session\Handlers\DatabaseHandler' driver.
DEBUG - 2025-10-31 15:35:16 --> Session: Class initialized using 'CodeIgniter\Session\Handlers\DatabaseHandler' driver.
DEBUG - 2025-10-31 15:35:33 --> Session: Class initialized using 'CodeIgniter\Session\Handlers\DatabaseHandler' driver.
DEBUG - 2025-10-31 15:35:50 --> Session: Class initialized using 'CodeIgniter\Session\Handlers\DatabaseHandler' driver.
DEBUG - 2025-10-31 15:36:04 --> Session: Class initialized using 'CodeIgniter\Session\Handlers\DatabaseHandler' driver.
DEBUG - 2025-10-31 15:37:59 --> Session: Class initialized using 'CodeIgniter\Session\Handlers\DatabaseHandler' driver.
DEBUG - 2025-10-31 15:40:25 --> Session: Class initialized using 'CodeIgniter\Session\Handlers\DatabaseHandler' driver.
DEBUG - 2025-10-31 15:40:29 --> Session: Class initialized using 'CodeIgniter\Session\Handlers\DatabaseHandler' driver.
DEBUG - 2025-10-31 15:40:31 --> Session: Class initialized using 'CodeIgniter\Session\Handlers\DatabaseHandler' driver.
DEBUG - 2025-10-31 15:40:53 --> Session: Class initialized using 'CodeIgniter\Session\Handlers\DatabaseHandler' driver.
DEBUG - 2025-10-31 15:40:57 --> Session: Class initialized using 'CodeIgniter\Session\Handlers\DatabaseHandler' driver.
DEBUG - 2025-10-31 15:40:59 --> Session: Class initialized using 'CodeIgniter\Session\Handlers\DatabaseHandler' driver.
DEBUG - 2025-10-31 15:41:12 --> Session: Class initialized using 'CodeIgniter\Session\Handlers\DatabaseHandler' driver.
DEBUG - 2025-10-31 15:41:13 --> Session: Class initialized using 'CodeIgniter\Session\Handlers\DatabaseHandler' driver.
DEBUG - 2025-10-31 15:41:14 --> Session: Class initialized using 'CodeIgniter\Session\Handlers\DatabaseHandler' driver.
DEBUG - 2025-10-31 15:42:15 --> Session: Class initialized using 'CodeIgniter\Session\Handlers\DatabaseHandler' driver.
DEBUG - 2025-10-31 15:42:31 --> Session: Class initialized using 'CodeIgniter\Session\Handlers\DatabaseHandler' driver.
DEBUG - 2025-10-31 15:42:34 --> Session: Class initialized using 'CodeIgniter\Session\Handlers\DatabaseHandler' driver.
DEBUG - 2025-10-31 15:42:37 --> Session: Class initialized using 'CodeIgniter\Session\Handlers\DatabaseHandler' driver.
DEBUG - 2025-10-31 15:42:46 --> Session: Class initialized using 'CodeIgniter\Session\Handlers\DatabaseHandler' driver.
DEBUG - 2025-10-31 15:42:48 --> Session: Class initialized using 'CodeIgniter\Session\Handlers\DatabaseHandler' driver.
DEBUG - 2025-10-31 15:42:50 --> Session: Class initialized using 'CodeIgniter\Session\Handlers\DatabaseHandler' driver.
DEBUG - 2025-10-31 15:43:00 --> Session: Class initialized using 'CodeIgniter\Session\Handlers\DatabaseHandler' driver.
DEBUG - 2025-10-31 15:43:07 --> Session: Class initialized using 'CodeIgniter\Session\Handlers\DatabaseHandler' driver.
DEBUG - 2025-10-31 15:43:31 --> Session: Class initialized using 'CodeIgniter\Session\Handlers\DatabaseHandler' driver.
DEBUG - 2025-10-31 15:43:32 --> Session: Class initialized using 'CodeIgniter\Session\Handlers\DatabaseHandler' driver.
DEBUG - 2025-10-31 15:43:43 --> Session: Class initialized using 'CodeIgniter\Session\Handlers\DatabaseHandler' driver.
DEBUG - 2025-10-31 15:43:44 --> Session: Class initialized using 'CodeIgniter\Session\Handlers\DatabaseHandler' driver.
DEBUG - 2025-10-31 15:43:50 --> Session: Class initialized using 'CodeIgniter\Session\Handlers\DatabaseHandler' driver.
DEBUG - 2025-10-31 15:43:51 --> Session: Class initialized using 'CodeIgniter\Session\Handlers\DatabaseHandler' driver.
DEBUG - 2025-10-31 15:43:57 --> Session: Class initialized using 'CodeIgniter\Session\Handlers\DatabaseHandler' driver.
DEBUG - 2025-10-31 15:43:57 --> Session: Class initialized using 'CodeIgniter\Session\Handlers\DatabaseHandler' driver.
DEBUG - 2025-10-31 15:44:53 --> Session: Class initialized using 'CodeIgniter\Session\Handlers\DatabaseHandler' driver.
DEBUG - 2025-10-31 15:44:54 --> Session: Class initialized using 'CodeIgniter\Session\Handlers\DatabaseHandler' driver.
DEBUG - 2025-10-31 15:44:58 --> Session: Class initialized using 'CodeIgniter\Session\Handlers\DatabaseHandler' driver.
DEBUG - 2025-10-31 15:44:58 --> Session: Class initialized using 'CodeIgniter\Session\Handlers\DatabaseHandler' driver.
DEBUG - 2025-10-31 15:45:17 --> Session: Class initialized using 'CodeIgniter\Session\Handlers\DatabaseHandler' driver.
DEBUG - 2025-10-31 15:45:17 --> Session: Class initialized using 'CodeIgniter\Session\Handlers\DatabaseHandler' driver.
DEBUG - 2025-10-31 15:45:27 --> Session: Class initialized using 'CodeIgniter\Session\Handlers\DatabaseHandler' driver.
DEBUG - 2025-10-31 15:45:27 --> Session: Class initialized using 'CodeIgniter\Session\Handlers\DatabaseHandler' driver.
DEBUG - 2025-10-31 15:45:40 --> Session: Class initialized using 'CodeIgniter\Session\Handlers\DatabaseHandler' driver.
DEBUG - 2025-10-31 15:45:40 --> Session: Class initialized using 'CodeIgniter\Session\Handlers\DatabaseHandler' driver.
DEBUG - 2025-10-31 15:46:00 --> Session: Class initialized using 'CodeIgniter\Session\Handlers\DatabaseHandler' driver.
DEBUG - 2025-10-31 15:46:00 --> Session: Class initialized using 'CodeIgniter\Session\Handlers\DatabaseHandler' driver.
DEBUG - 2025-10-31 15:46:03 --> Session: Class initialized using 'CodeIgniter\Session\Handlers\DatabaseHandler' driver.
DEBUG - 2025-10-31 15:46:05 --> Session: Class initialized using 'CodeIgniter\Session\Handlers\DatabaseHandler' driver.
DEBUG - 2025-10-31 15:46:18 --> Session: Class initialized using 'CodeIgniter\Session\Handlers\DatabaseHandler' driver.
DEBUG - 2025-10-31 15:46:19 --> Session: Class initialized using 'CodeIgniter\Session\Handlers\DatabaseHandler' driver.
DEBUG - 2025-10-31 15:46:29 --> Session: Class initialized using 'CodeIgniter\Session\Handlers\DatabaseHandler' driver.
DEBUG - 2025-10-31 15:46:29 --> Session: Class initialized using 'CodeIgniter\Session\Handlers\DatabaseHandler' driver.
DEBUG - 2025-10-31 15:46:40 --> Session: Class initialized using 'CodeIgniter\Session\Handlers\DatabaseHandler' driver.
DEBUG - 2025-10-31 15:46:40 --> Session: Class initialized using 'CodeIgniter\Session\Handlers\DatabaseHandler' driver.
DEBUG - 2025-10-31 15:47:25 --> Session: Class initialized using 'CodeIgniter\Session\Handlers\DatabaseHandler' driver.
DEBUG - 2025-10-31 15:47:25 --> Session: Class initialized using 'CodeIgniter\Session\Handlers\DatabaseHandler' driver.
DEBUG - 2025-10-31 15:47:31 --> Session: Class initialized using 'CodeIgniter\Session\Handlers\DatabaseHandler' driver.
DEBUG - 2025-10-31 15:47:31 --> Session: Class initialized using 'CodeIgniter\Session\Handlers\DatabaseHandler' driver.
DEBUG - 2025-10-31 15:47:34 --> Session: Class initialized using 'CodeIgniter\Session\Handlers\DatabaseHandler' driver.
DEBUG - 2025-10-31 15:47:36 --> Session: Class initialized using 'CodeIgniter\Session\Handlers\DatabaseHandler' driver.
DEBUG - 2025-10-31 15:47:46 --> Session: Class initialized using 'CodeIgniter\Session\Handlers\DatabaseHandler' driver.
DEBUG - 2025-10-31 15:47:46 --> Session: Class initialized using 'CodeIgniter\Session\Handlers\DatabaseHandler' driver.
DEBUG - 2025-10-31 15:47:50 --> Session: Class initialized using 'CodeIgniter\Session\Handlers\DatabaseHandler' driver.
DEBUG - 2025-10-31 15:47:51 --> Session: Class initialized using 'CodeIgniter\Session\Handlers\DatabaseHandler' driver.
DEBUG - 2025-10-31 15:47:56 --> Session: Class initialized using 'CodeIgniter\Session\Handlers\DatabaseHandler' driver.
DEBUG - 2025-10-31 15:47:56 --> Session: Class initialized using 'CodeIgniter\Session\Handlers\DatabaseHandler' driver.
DEBUG - 2025-10-31 15:48:06 --> Session: Class initialized using 'CodeIgniter\Session\Handlers\DatabaseHandler' driver.
DEBUG - 2025-10-31 15:48:08 --> Session: Class initialized using 'CodeIgniter\Session\Handlers\DatabaseHandler' driver.
DEBUG - 2025-10-31 15:49:43 --> Session: Class initialized using 'CodeIgniter\Session\Handlers\DatabaseHandler' driver.
DEBUG - 2025-10-31 15:49:50 --> Session: Class initialized using 'CodeIgniter\Session\Handlers\DatabaseHandler' driver.
DEBUG - 2025-10-31 15:49:57 --> Session: Class initialized using 'CodeIgniter\Session\Handlers\DatabaseHandler' driver.
DEBUG - 2025-10-31 15:49:57 --> Session: Class initialized using 'CodeIgniter\Session\Handlers\DatabaseHandler' driver.
DEBUG - 2025-10-31 15:50:08 --> Session: Class initialized using 'CodeIgniter\Session\Handlers\DatabaseHandler' driver.
DEBUG - 2025-10-31 15:50:08 --> Session: Class initialized using 'CodeIgniter\Session\Handlers\DatabaseHandler' driver.
DEBUG - 2025-10-31 15:50:13 --> Session: Class initialized using 'CodeIgniter\Session\Handlers\DatabaseHandler' driver.
DEBUG - 2025-10-31 15:50:13 --> Session: Class initialized using 'CodeIgniter\Session\Handlers\DatabaseHandler' driver.
DEBUG - 2025-10-31 15:50:16 --> Session: Class initialized using 'CodeIgniter\Session\Handlers\DatabaseHandler' driver.
DEBUG - 2025-10-31 15:50:19 --> Session: Class initialized using 'CodeIgniter\Session\Handlers\DatabaseHandler' driver.
DEBUG - 2025-10-31 15:50:27 --> Session: Class initialized using 'CodeIgniter\Session\Handlers\DatabaseHandler' driver.
DEBUG - 2025-10-31 15:50:27 --> Session: Class initialized using 'CodeIgniter\Session\Handlers\DatabaseHandler' driver.
DEBUG - 2025-10-31 15:50:52 --> Session: Class initialized using 'CodeIgniter\Session\Handlers\DatabaseHandler' driver.
DEBUG - 2025-10-31 15:51:20 --> Session: Class initialized using 'CodeIgniter\Session\Handlers\DatabaseHandler' driver.
DEBUG - 2025-10-31 15:51:20 --> Session: Class initialized using 'CodeIgniter\Session\Handlers\DatabaseHandler' driver.
DEBUG - 2025-10-31 15:51:39 --> Session: Class initialized using 'CodeIgniter\Session\Handlers\DatabaseHandler' driver.
DEBUG - 2025-10-31 15:51:39 --> Session: Class initialized using 'CodeIgniter\Session\Handlers\DatabaseHandler' driver.
DEBUG - 2025-10-31 15:51:42 --> Session: Class initialized using 'CodeIgniter\Session\Handlers\DatabaseHandler' driver.
DEBUG - 2025-10-31 15:52:50 --> Session: Class initialized using 'CodeIgniter\Session\Handlers\DatabaseHandler' driver.
DEBUG - 2025-10-31 15:52:58 --> Session: Class initialized using 'CodeIgniter\Session\Handlers\DatabaseHandler' driver.
DEBUG - 2025-10-31 15:53:52 --> Session: Class initialized using 'CodeIgniter\Session\Handlers\DatabaseHandler' driver.
DEBUG - 2025-10-31 15:53:52 --> Session: Class initialized using 'CodeIgniter\Session\Handlers\DatabaseHandler' driver.
DEBUG - 2025-10-31 15:54:03 --> Session: Class initialized using 'CodeIgniter\Session\Handlers\DatabaseHandler' driver.
DEBUG - 2025-10-31 15:54:03 --> Session: Class initialized using 'CodeIgniter\Session\Handlers\DatabaseHandler' driver.
DEBUG - 2025-10-31 15:54:46 --> Session: Class initialized using 'CodeIgniter\Session\Handlers\DatabaseHandler' driver.
DEBUG - 2025-10-31 15:54:50 --> Session: Class initialized using 'CodeIgniter\Session\Handlers\DatabaseHandler' driver.
DEBUG - 2025-10-31 15:54:52 --> Session: Class initialized using 'CodeIgniter\Session\Handlers\DatabaseHandler' driver.
DEBUG - 2025-10-31 15:54:53 --> Session: Class initialized using 'CodeIgniter\Session\Handlers\DatabaseHandler' driver.
DEBUG - 2025-10-31 15:54:54 --> Session: Class initialized using 'CodeIgniter\Session\Handlers\DatabaseHandler' driver.
DEBUG - 2025-10-31 15:55:03 --> Session: Class initialized using 'CodeIgniter\Session\Handlers\DatabaseHandler' driver.
DEBUG - 2025-10-31 15:55:03 --> Session: Class initialized using 'CodeIgniter\Session\Handlers\DatabaseHandler' driver.
DEBUG - 2025-10-31 15:56:34 --> Session: Class initialized using 'CodeIgniter\Session\Handlers\DatabaseHandler' driver.
DEBUG - 2025-10-31 15:56:35 --> Session: Class initialized using 'CodeIgniter\Session\Handlers\DatabaseHandler' driver.
DEBUG - 2025-10-31 15:59:07 --> Session: Class initialized using 'CodeIgniter\Session\Handlers\DatabaseHandler' driver.
DEBUG - 2025-10-31 15:59:50 --> Session: Class initialized using 'CodeIgniter\Session\Handlers\DatabaseHandler' driver.
DEBUG - 2025-10-31 15:59:55 --> Session: Class initialized using 'CodeIgniter\Session\Handlers\DatabaseHandler' driver.
DEBUG - 2025-10-31 16:00:31 --> Session: Class initialized using 'CodeIgniter\Session\Handlers\DatabaseHandler' driver.
DEBUG - 2025-10-31 16:02:58 --> Session: Class initialized using 'CodeIgniter\Session\Handlers\DatabaseHandler' driver.
DEBUG - 2025-10-31 16:02:58 --> Session: Class initialized using 'CodeIgniter\Session\Handlers\DatabaseHandler' driver.
DEBUG - 2025-10-31 16:03:26 --> Session: Class initialized using 'CodeIgniter\Session\Handlers\DatabaseHandler' driver.
DEBUG - 2025-10-31 16:03:30 --> Session: Class initialized using 'CodeIgniter\Session\Handlers\DatabaseHandler' driver.
DEBUG - 2025-10-31 16:03:33 --> Session: Class initialized using 'CodeIgniter\Session\Handlers\DatabaseHandler' driver.
DEBUG - 2025-10-31 16:03:37 --> Session: Class initialized using 'CodeIgniter\Session\Handlers\DatabaseHandler' driver.
DEBUG - 2025-10-31 16:03:39 --> Session: Class initialized using 'CodeIgniter\Session\Handlers\DatabaseHandler' driver.
DEBUG - 2025-10-31 16:03:40 --> Session: Class initialized using 'CodeIgniter\Session\Handlers\DatabaseHandler' driver.
DEBUG - 2025-10-31 16:07:57 --> Session: Class initialized using 'CodeIgniter\Session\Handlers\DatabaseHandler' driver.
DEBUG - 2025-10-31 16:08:05 --> Session: Class initialized using 'CodeIgniter\Session\Handlers\DatabaseHandler' driver.
DEBUG - 2025-10-31 16:08:57 --> Session: Class initialized using 'CodeIgniter\Session\Handlers\DatabaseHandler' driver.
DEBUG - 2025-10-31 16:08:58 --> Session: Class initialized using 'CodeIgniter\Session\Handlers\DatabaseHandler' driver.
DEBUG - 2025-10-31 16:09:09 --> Session: Class initialized using 'CodeIgniter\Session\Handlers\DatabaseHandler' driver.
DEBUG - 2025-10-31 16:09:11 --> Session: Class initialized using 'CodeIgniter\Session\Handlers\DatabaseHandler' driver.
DEBUG - 2025-10-31 16:09:12 --> Session: Class initialized using 'CodeIgniter\Session\Handlers\DatabaseHandler' driver.
DEBUG - 2025-10-31 16:09:20 --> Session: Class initialized using 'CodeIgniter\Session\Handlers\DatabaseHandler' driver.
DEBUG - 2025-10-31 16:09:22 --> Session: Class initialized using 'CodeIgniter\Session\Handlers\DatabaseHandler' driver.
DEBUG - 2025-10-31 16:09:29 --> Session: Class initialized using 'CodeIgniter\Session\Handlers\DatabaseHandler' driver.
DEBUG - 2025-10-31 16:09:31 --> Session: Class initialized using 'CodeIgniter\Session\Handlers\DatabaseHandler' driver.
DEBUG - 2025-10-31 16:09:32 --> Session: Class initialized using 'CodeIgniter\Session\Handlers\DatabaseHandler' driver.
DEBUG - 2025-10-31 16:09:47 --> Session: Class initialized using 'CodeIgniter\Session\Handlers\DatabaseHandler' driver.
DEBUG - 2025-10-31 16:10:21 --> Session: Class initialized using 'CodeIgniter\Session\Handlers\DatabaseHandler' driver.
DEBUG - 2025-10-31 16:10:41 --> Session: Class initialized using 'CodeIgniter\Session\Handlers\DatabaseHandler' driver.
DEBUG - 2025-10-31 16:10:42 --> Session: Class initialized using 'CodeIgniter\Session\Handlers\DatabaseHandler' driver.
DEBUG - 2025-10-31 16:10:55 --> Session: Class initialized using 'CodeIgniter\Session\Handlers\DatabaseHandler' driver.
DEBUG - 2025-10-31 16:11:04 --> Session: Class initialized using 'CodeIgniter\Session\Handlers\DatabaseHandler' driver.
DEBUG - 2025-10-31 16:14:22 --> Session: Class initialized using 'CodeIgniter\Session\Handlers\DatabaseHandler' driver.
DEBUG - 2025-10-31 16:14:26 --> Session: Class initialized using 'CodeIgniter\Session\Handlers\DatabaseHandler' driver.
DEBUG - 2025-10-31 16:14:42 --> Session: Class initialized using 'CodeIgniter\Session\Handlers\DatabaseHandler' driver.
DEBUG - 2025-10-31 16:14:46 --> Session: Class initialized using 'CodeIgniter\Session\Handlers\DatabaseHandler' driver.
DEBUG - 2025-10-31 16:14:50 --> Session: Class initialized using 'CodeIgniter\Session\Handlers\DatabaseHandler' driver.
DEBUG - 2025-10-31 16:15:07 --> Session: Class initialized using 'CodeIgniter\Session\Handlers\DatabaseHandler' driver.
DEBUG - 2025-10-31 16:15:10 --> Session: Class initialized using 'CodeIgniter\Session\Handlers\DatabaseHandler' driver.
DEBUG - 2025-10-31 16:15:13 --> Session: Class initialized using 'CodeIgniter\Session\Handlers\DatabaseHandler' driver.
DEBUG - 2025-10-31 16:15:14 --> Session: Class initialized using 'CodeIgniter\Session\Handlers\DatabaseHandler' driver.
DEBUG - 2025-10-31 16:15:18 --> Session: Class initialized using 'CodeIgniter\Session\Handlers\DatabaseHandler' driver.
DEBUG - 2025-10-31 16:15:38 --> Session: Class initialized using 'CodeIgniter\Session\Handlers\DatabaseHandler' driver.
DEBUG - 2025-10-31 16:15:38 --> Session: Class initialized using 'CodeIgniter\Session\Handlers\DatabaseHandler' driver.
DEBUG - 2025-10-31 16:15:46 --> Session: Class initialized using 'CodeIgniter\Session\Handlers\DatabaseHandler' driver.
DEBUG - 2025-10-31 16:15:46 --> Session: Class initialized using 'CodeIgniter\Session\Handlers\DatabaseHandler' driver.
DEBUG - 2025-10-31 16:16:24 --> Session: Class initialized using 'CodeIgniter\Session\Handlers\DatabaseHandler' driver.
DEBUG - 2025-10-31 16:16:27 --> Session: Class initialized using 'CodeIgniter\Session\Handlers\DatabaseHandler' driver.
DEBUG - 2025-10-31 16:16:40 --> Session: Class initialized using 'CodeIgniter\Session\Handlers\DatabaseHandler' driver.
DEBUG - 2025-10-31 16:16:42 --> Session: Class initialized using 'CodeIgniter\Session\Handlers\DatabaseHandler' driver.
DEBUG - 2025-10-31 16:16:43 --> Session: Class initialized using 'CodeIgniter\Session\Handlers\DatabaseHandler' driver.
DEBUG - 2025-10-31 16:17:02 --> Session: Class initialized using 'CodeIgniter\Session\Handlers\DatabaseHandler' driver.
DEBUG - 2025-10-31 16:17:03 --> Session: Class initialized using 'CodeIgniter\Session\Handlers\DatabaseHandler' driver.
DEBUG - 2025-10-31 16:17:08 --> Session: Class initialized using 'CodeIgniter\Session\Handlers\DatabaseHandler' driver.
DEBUG - 2025-10-31 16:17:23 --> Session: Class initialized using 'CodeIgniter\Session\Handlers\DatabaseHandler' driver.
DEBUG - 2025-10-31 16:17:29 --> Session: Class initialized using 'CodeIgniter\Session\Handlers\DatabaseHandler' driver.
DEBUG - 2025-10-31 16:17:30 --> Session: Class initialized using 'CodeIgniter\Session\Handlers\DatabaseHandler' driver.
DEBUG - 2025-10-31 16:17:42 --> Session: Class initialized using 'CodeIgniter\Session\Handlers\DatabaseHandler' driver.
DEBUG - 2025-10-31 16:17:50 --> Session: Class initialized using 'CodeIgniter\Session\Handlers\DatabaseHandler' driver.
DEBUG - 2025-10-31 16:17:58 --> Session: Class initialized using 'CodeIgniter\Session\Handlers\DatabaseHandler' driver.
DEBUG - 2025-10-31 16:39:57 --> Session: Class initialized using 'CodeIgniter\Session\Handlers\DatabaseHandler' driver.
DEBUG - 2025-10-31 16:40:11 --> Session: Class initialized using 'CodeIgniter\Session\Handlers\DatabaseHandler' driver.
DEBUG - 2025-10-31 16:40:36 --> Session: Class initialized using 'CodeIgniter\Session\Handlers\DatabaseHandler' driver.
DEBUG - 2025-10-31 16:41:18 --> Session: Class initialized using 'CodeIgniter\Session\Handlers\DatabaseHandler' driver.
DEBUG - 2025-10-31 16:49:56 --> Session: Class initialized using 'CodeIgniter\Session\Handlers\DatabaseHandler' driver.
DEBUG - 2025-10-31 16:50:06 --> Session: Class initialized using 'CodeIgniter\Session\Handlers\DatabaseHandler' driver.
DEBUG - 2025-10-31 16:50:17 --> Session: Class initialized using 'CodeIgniter\Session\Handlers\DatabaseHandler' driver.
DEBUG - 2025-10-31 16:50:20 --> Session: Class initialized using 'CodeIgniter\Session\Handlers\DatabaseHandler' driver.
DEBUG - 2025-10-31 16:50:26 --> Session: Class initialized using 'CodeIgniter\Session\Handlers\DatabaseHandler' driver.
DEBUG - 2025-10-31 16:50:31 --> Session: Class initialized using 'CodeIgniter\Session\Handlers\DatabaseHandler' driver.
DEBUG - 2025-10-31 16:51:52 --> Session: Class initialized using 'CodeIgniter\Session\Handlers\DatabaseHandler' driver.
DEBUG - 2025-10-31 16:52:09 --> Session: Class initialized using 'CodeIgniter\Session\Handlers\DatabaseHandler' driver.
DEBUG - 2025-10-31 16:52:30 --> Session: Class initialized using 'CodeIgniter\Session\Handlers\DatabaseHandler' driver.
DEBUG - 2025-10-31 16:52:33 --> Session: Class initialized using 'CodeIgniter\Session\Handlers\DatabaseHandler' driver.
DEBUG - 2025-10-31 16:52:35 --> Session: Class initialized using 'CodeIgniter\Session\Handlers\DatabaseHandler' driver.
DEBUG - 2025-10-31 16:52:37 --> Session: Class initialized using 'CodeIgniter\Session\Handlers\DatabaseHandler' driver.
DEBUG - 2025-10-31 16:52:40 --> Session: Class initialized using 'CodeIgniter\Session\Handlers\DatabaseHandler' driver.
DEBUG - 2025-10-31 16:52:54 --> Session: Class initialized using 'CodeIgniter\Session\Handlers\DatabaseHandler' driver.
DEBUG - 2025-10-31 16:53:01 --> Session: Class initialized using 'CodeIgniter\Session\Handlers\DatabaseHandler' driver.
DEBUG - 2025-10-31 16:53:01 --> Session: Class initialized using 'CodeIgniter\Session\Handlers\DatabaseHandler' driver.
DEBUG - 2025-10-31 16:53:16 --> Session: Class initialized using 'CodeIgniter\Session\Handlers\DatabaseHandler' driver.
DEBUG - 2025-10-31 16:53:17 --> Session: Class initialized using 'CodeIgniter\Session\Handlers\DatabaseHandler' driver.
DEBUG - 2025-10-31 16:53:49 --> Session: Class initialized using 'CodeIgniter\Session\Handlers\DatabaseHandler' driver.
DEBUG - 2025-10-31 16:53:52 --> Session: Class initialized using 'CodeIgniter\Session\Handlers\DatabaseHandler' driver.
DEBUG - 2025-10-31 16:54:04 --> Session: Class initialized using 'CodeIgniter\Session\Handlers\DatabaseHandler' driver.
DEBUG - 2025-10-31 16:54:05 --> Session: Class initialized using 'CodeIgniter\Session\Handlers\DatabaseHandler' driver.
DEBUG - 2025-10-31 16:54:14 --> Session: Class initialized using 'CodeIgniter\Session\Handlers\DatabaseHandler' driver.
DEBUG - 2025-10-31 16:58:11 --> Session: Class initialized using 'CodeIgniter\Session\Handlers\DatabaseHandler' driver.
DEBUG - 2025-10-31 16:58:18 --> Session: Class initialized using 'CodeIgniter\Session\Handlers\DatabaseHandler' driver.
DEBUG - 2025-10-31 16:58:19 --> Session: Class initialized using 'CodeIgniter\Session\Handlers\DatabaseHandler' driver.
DEBUG - 2025-10-31 16:58:20 --> Session: Class initialized using 'CodeIgniter\Session\Handlers\DatabaseHandler' driver.
DEBUG - 2025-10-31 16:58:21 --> Session: Class initialized using 'CodeIgniter\Session\Handlers\DatabaseHandler' driver.
DEBUG - 2025-10-31 17:32:46 --> Session: Class initialized using 'CodeIgniter\Session\Handlers\DatabaseHandler' driver.
DEBUG - 2025-10-31 17:32:47 --> Session: Class initialized using 'CodeIgniter\Session\Handlers\DatabaseHandler' driver.
DEBUG - 2025-10-31 17:32:52 --> Session: Class initialized using 'CodeIgniter\Session\Handlers\DatabaseHandler' driver.
DEBUG - 2025-10-31 17:32:58 --> Session: Class initialized using 'CodeIgniter\Session\Handlers\DatabaseHandler' driver.
DEBUG - 2025-10-31 17:33:03 --> Session: Class initialized using 'CodeIgniter\Session\Handlers\DatabaseHandler' driver.
DEBUG - 2025-10-31 17:33:10 --> Session: Class initialized using 'CodeIgniter\Session\Handlers\DatabaseHandler' driver.
DEBUG - 2025-10-31 17:33:28 --> Session: Class initialized using 'CodeIgniter\Session\Handlers\DatabaseHandler' driver.
DEBUG - 2025-10-31 17:33:31 --> Session: Class initialized using 'CodeIgniter\Session\Handlers\DatabaseHandler' driver.
DEBUG - 2025-10-31 17:33:34 --> Session: Class initialized using 'CodeIgniter\Session\Handlers\DatabaseHandler' driver.
DEBUG - 2025-10-31 17:35:09 --> Session: Class initialized using 'CodeIgniter\Session\Handlers\DatabaseHandler' driver.
DEBUG - 2025-10-31 17:35:17 --> Session: Class initialized using 'CodeIgniter\Session\Handlers\DatabaseHandler' driver.
DEBUG - 2025-10-31 17:35:26 --> Session: Class initialized using 'CodeIgniter\Session\Handlers\DatabaseHandler' driver.
DEBUG - 2025-10-31 17:35:30 --> Session: Class initialized using 'CodeIgniter\Session\Handlers\DatabaseHandler' driver.
DEBUG - 2025-10-31 17:35:31 --> Session: Class initialized using 'CodeIgniter\Session\Handlers\DatabaseHandler' driver.
